cell_id,standard_amp1,Lifetime fit_standard: t1,standard_offset,standard_reduced_chi_square,standard_amp2,Lifetime fit_standard: t2,Lifetime fit_standard: a1,Lifetime fit_standard: tm,Lifetime fit free_standard: G(1st),Lifetime fit free_standard: S(1st),Lifetime fit free_standard: Tau_phase,Lifetime fit free_standard: Tau_m,Lifetime fit free_standard: G(2nd),Lifetime fit free_standard: S(2nd),Intensity texture_standard: intensity_sum,image_name,cell_type
Tcell_Act_filtered_0,752.3815629902862,404.4869241490605,15.000657542751782,1.09397894551954,306.8531702756156,4264.551645120148,71.03067331171195,1522.7216835465294,0.5004521002450424,0.4026367514186955,2.560949558504042,3.798223950918111,0.320335794274732,0.3126095117619102,19513,Tcell_Act_filtered,Act
Tcell_Act_filtered_1,332.2030937302989,582.5894538902124,17.028317222282432,1.045818335313439,247.25923084679084,5152.995072861811,57.32954148015601,2532.802487722108,0.4087337481890376,0.4346767419082779,3.3851353076813493,4.281158361993939,0.2379135107197109,0.3138214751814807,18041,Tcell_Act_filtered,Act
Tcell_Act_filtered_2,1036.5925923935915,478.1989582171528,15.847482767763177,1.3144379233140118,381.99854475651296,4258.836095663509,73.07197720662957,1496.249788323335,0.5318435756982439,0.391042603326816,2.340401054850666,3.6219951636519383,0.3491782945316379,0.3246865834003881,24923,Tcell_Act_filtered,Act
Tcell_Act_filtered_3,46879.43878971255,99.20898991442463,11.142722168628485,6.014340267646194,206.0448247181293,4283.255958603624,99.56240265809868,117.51826823331128,0.9354683638570208,0.0659786050970647,0.2245040355231285,1.1784725782935777,0.9085261991588348,0.0650576183568543,84867,Tcell_Act_filtered,Act
Tcell_Act_filtered_4,752.3263498848311,473.8846328594792,14.17083914534316,1.4468513121532705,314.5193876390863,4080.097252466775,70.51875668837876,1537.040949580297,0.5271867087535618,0.393070853278452,2.373321187574121,3.6467120655747647,0.3324118027449561,0.3256554212903214,19649,Tcell_Act_filtered,Act
Tcell_Act_filtered_5,747.6444003164848,416.5937236793264,17.260279017383944,1.3260143092665304,342.7246838646874,4016.168406784973,68.56801161763852,1548.0116198875182,0.5240388584841169,0.4095203791264414,2.487494642033904,3.574136596789406,0.3281878093747095,0.3316484169328225,20762,Tcell_Act_filtered,Act
Tcell_Act_filtered_6,585.9096847760578,456.9852250817448,11.504370558305968,1.1996386445417118,251.85237914739847,4041.855373361817,69.93748105901231,1534.687492418255,0.5394095358159828,0.4057337082752915,2.3942670999812283,3.479626729830612,0.3345524324697727,0.3276597493140181,15489,Tcell_Act_filtered,Act
Tcell_Act_filtered_7,687.9946641905796,452.19875347769687,11.645535319675703,1.1010935172699994,260.1155470406819,4217.305549125633,72.56484067365086,1485.1618016709067,0.5282435216205106,0.3927061247355234,2.366375293818434,3.640561442971928,0.3463247252721108,0.3223900691506332,16768,Tcell_Act_filtered,Act
Tcell_Act_filtered_8,2400.107961437016,598.6619477740916,41.05563795544687,1.2090320477660814,1018.5041908511316,4283.585845013156,70.20708563943336,1696.5081687305806,0.5372947901641656,0.4024027508914891,2.3839571159284416,3.514688776151361,0.3389062483142952,0.3321015091732141,67402,Tcell_Act_filtered,Act
Tcell_Act_filtered_9,1827.4499652945876,527.9025852845022,25.375640057194207,1.5060162627612212,864.1355487621151,4079.456995847456,67.89492497083224,1668.1317934974552,0.5439685271321549,0.4172700009723141,2.441706824798325,3.380065956221676,0.3387415941555245,0.3373909659004231,50993,Tcell_Act_filtered,Act
Tcell_Act_filtered_10,2400.764815861096,561.0992598225931,65.48145835498933,1.482946446196478,1004.7084903774185,5168.253724835692,70.49724370069545,1920.336813967936,0.4591801203882524,0.4035743258125369,2.7976319533927114,4.120619463187839,0.2973427385189412,0.309232834198605,78848,Tcell_Act_filtered,Act
Tcell_Act_filtered_11,1258.3506918956232,450.6428898574528,23.563256961522526,1.19037271510818,639.3703681418225,3987.8433876323456,66.30851700991259,1642.378193890568,0.5270443846741518,0.4176649864313259,2.522499018296249,3.5033093189406115,0.318650518411621,0.3358673937907366,36621,Tcell_Act_filtered,Act
Tcell_Act_filtered_12,2004.3459953472736,550.755960398913,27.584544821487725,1.42294836601366,915.8832703493528,4210.252463301842,68.6365970950275,1698.4985928977371,0.5302222217152236,0.411622346276605,2.4711046958794243,3.5150089781833587,0.3293109357792686,0.3314276031297959,56158,Tcell_Act_filtered,Act
Tcell_Act_filtered_13,50877.32124740069,118.12379348382382,15.886745822000318,7.161751718458589,323.27379062392566,3443.7360880808505,99.36861321556157,139.12127001356902,0.9372844365063924,0.0743382524606662,0.2524591229537094,1.152903810716339,0.9058293672934667,0.0829812397183969,103508,Tcell_Act_filtered,Act
Tcell_Act_filtered_14,531.2208525967798,550.1520356963813,18.728917720257737,1.2649069199876977,309.9643596903624,5336.810540405285,63.15147304508787,2313.965185043636,0.4100006059925277,0.4196367785087829,3.2579106775295275,4.393743577447192,0.2466997920193562,0.3006815767149998,23145,Tcell_Act_filtered,Act
Tcell_Act_filtered_15,632.9570378574642,511.3465069760581,14.743362920603149,1.1565727247910462,236.14687067159213,4363.535709140689,72.82869535459038,1558.0365706137843,0.5297386592788862,0.3902654058089507,2.345030605725876,3.643002791933966,0.3518096311116189,0.3232276524579092,16794,Tcell_Act_filtered,Act
Tcell_Act_filtered_16,588.9770757821467,429.0333285507263,16.46846309849189,1.217909154388022,462.4456909624617,4237.303786561512,56.01715070387189,2104.019184886577,0.4582637024100225,0.4396817875714024,3.0540289144200363,3.871603284321851,0.2498258764027289,0.3288675598647524,25718,Tcell_Act_filtered,Act
Tcell_Act_filtered_17,728.8198662088319,493.4141437454672,12.491564864349323,0.9394294239646548,331.0202047570846,4252.896972783418,68.76696646736524,1667.614676392536,0.5214310207012687,0.4117671687269781,2.513650999041669,3.580527308974203,0.32867254219203,0.3289513829440496,20543,Tcell_Act_filtered,Act
Tcell_Act_filtered_18,671.4078527265797,385.8233559100963,15.16095907342386,1.0106201841440885,351.99035479857355,4233.086650116439,65.60572881500555,1709.061526520177,0.4849240257335893,0.4215831488662362,2.7673218279834244,3.79575664623112,0.2799312824631044,0.3241882161397615,20871,Tcell_Act_filtered,Act
Tcell_Act_filtered_19,625.4875352912564,512.7561628664369,14.397264741988147,1.2601974131229432,272.08347879580214,4109.063430862053,69.6866905765061,1602.9159128335482,0.5228093570917226,0.3965567197611186,2.4144159361408177,3.6604416403829,0.329890793036974,0.322229421063782,17609,Tcell_Act_filtered,Act
Tcell_Act_filtered_20,864.4331710319527,447.57064722610943,19.28254409811395,1.3273216108534729,382.6274651038923,4313.316984592418,69.31765352729714,1633.6723322126606,0.4953729513510854,0.4025805192225807,2.586846110673706,3.838500353092965,0.3178771739353208,0.3202388059766848,24655,Tcell_Act_filtered,Act
Tcell_Act_filtered_21,992.7907639066768,518.8769187273374,27.85747995491976,1.2314903853039123,851.7018761079976,4359.276264689464,53.824598828368245,2292.196723318072,0.4504236100288833,0.4424395952643237,3.1266766234291863,3.909598783628552,0.2455669522194248,0.3344433149029084,48285,Tcell_Act_filtered,Act
Tcell_Act_filtered_22,1126.727411674791,505.9141592620114,20.70898280258523,1.0767375962845698,415.3216086379905,4510.541309460701,73.06689974396866,1584.4844045052755,0.5258658196865371,0.4002392636078367,2.422673421163531,3.614973899781903,0.3396351338080245,0.31652401081072,29071,Tcell_Act_filtered,Act
Tcell_Act_filtered_23,5713.481389643958,514.1723802686286,30.330090811355067,1.8293730510818125,1191.1707659017793,4107.275617311811,82.74828711037898,1134.044234550997,0.6354889390944111,0.3543823113003418,1.7750646193198636,3.000926404524601,0.4571327753391384,0.317114782545885,87403,Tcell_Act_filtered,Act
Tcell_Act_filtered_24,2678.804161882722,488.4402006553668,21.88368452391183,1.5667116257945592,740.8496666877899,3981.685958892074,78.33553617333597,1245.2331643250336,0.5964675683680454,0.3697662606103972,1.9732884497229777,3.231204690208621,0.4070295705008512,0.3236764021258564,48449,Tcell_Act_filtered,Act
Tcell_Act_filtered_25,5494.749779542221,580.8122722475031,41.570043707763865,1.5854153091783083,1424.824843868612,4214.7213592032085,79.40877985406739,1329.078492245602,0.6079159544266606,0.3718566512205728,1.9470725758191267,3.1335782702600428,0.4233380914811016,0.3281621251578556,103116,Tcell_Act_filtered,Act
Tcell_Act_filtered_26,7241.053147072504,608.5144455004144,55.147849052155145,2.184671741671608,2238.013113982953,4274.229961142839,76.38994124159906,1473.992032659411,0.5812913067931703,0.3845578277908448,2.105804042907249,3.2749226782170897,0.3898179220625968,0.3305832304895313,154397,Tcell_Act_filtered,Act
Tcell_Act_filtered_27,4274.925735646889,495.3406531284754,30.254841272419736,1.388259499039733,1107.866904728898,4074.262379153959,79.41836182915723,1231.941373196721,0.607268555310688,0.3735142273989765,1.957836778664871,3.1307661033880816,0.4227289840976918,0.3230663812002952,74674,Tcell_Act_filtered,Act
Tcell_Act_filtered_28,771.7820747431841,422.2580500461467,9.928591880856771,1.0824263658150362,292.92757867419164,3846.96927998013,72.48756243225671,1364.4795890572282,0.571677879946135,0.4000206194928224,2.2273123087065603,3.26806187174484,0.3681917312005759,0.3362802041452886,16975,Tcell_Act_filtered,Act
Tcell_Act_filtered_29,8544.450513876334,566.0925204219483,66.09042877661774,2.251961077667186,2346.2933698221696,4586.424772488152,78.4560779788959,1432.2297657963893,0.564779714665123,0.3809913506818776,2.1472675155208827,3.420263467174176,0.3871959798504656,0.3144496049624009,172961,Tcell_Act_filtered,Act
Tcell_Act_filtered_30,929.3321600283102,398.1364393574089,12.810527569885204,1.006570921095066,313.74808152280093,3949.1305091131135,74.76043210764036,1294.3919984470651,0.5538310439954393,0.38674201461679,2.222768261003695,3.4746104793777017,0.3623142712695643,0.3210763540838056,19186,Tcell_Act_filtered,Act
Tcell_Act_filtered_31,1633.8514456372552,479.2632947410804,27.496339322565223,1.4190074087980458,621.672334349193,3982.570778714396,72.43778408078109,1444.8524677879611,0.5563029701689352,0.3907623183768412,2.2358951103510085,3.4337869804146743,0.3665884197770871,0.3350781817744707,39021,Tcell_Act_filtered,Act
Tcell_Act_filtered_32,3192.8210661395087,550.3090026686286,28.476368781727203,1.1601671122184185,1115.3255418112765,4035.418873437101,74.1112445023826,1452.560575935208,0.5859357435711255,0.396263226446587,2.152701962510051,3.180901752552247,0.3875435684120425,0.336689753397501,70044,Tcell_Act_filtered,Act
Tcell_Act_filtered_33,6500.947438566635,540.4276714036837,36.83911586526224,1.8602926718614905,1443.2330272534148,4363.581164474463,81.83282676592071,1234.9865894946054,0.6133566500638185,0.3645402720258953,1.8918319787663087,3.125709256968458,0.4342911722516073,0.3165485481403859,108691,Tcell_Act_filtered,Act
Tcell_Act_filtered_34,910.1940277599996,409.9058441921673,13.427592657316591,1.1510264728575843,293.64725248278285,4004.833800333912,75.60747772135194,1286.7994467953897,0.5600052106379131,0.3821652906259049,2.172247469339733,3.4511886561148954,0.3695419668643204,0.3216895818303644,18688,Tcell_Act_filtered,Act
Tcell_Act_filtered_35,5714.856529005288,593.7578968066641,33.42983584273086,2.6772226813989017,1411.4208902885505,4282.331037784773,80.19413492846576,1324.3117161736411,0.6139865718585507,0.37360790835932,1.936900516036312,3.079349349672388,0.4281144653183094,0.3252249927146579,103944,Tcell_Act_filtered,Act
Tcell_Act_filtered_36,797.22997502993,408.3521259420439,13.85109475060114,1.3794049706622131,326.4147720182885,3914.458948914949,70.95035838722421,1426.863592576752,0.5371792542439097,0.39369453033018,2.332868593686971,3.565215680693923,0.343432512627336,0.3321708520057513,19275,Tcell_Act_filtered,Act
Tcell_Act_filtered_37,1754.5921099242455,550.9889119473302,18.000478416230106,1.2910378925270471,566.9586983431346,4165.434841898516,75.57844970163426,1433.692642737592,0.5776373092126609,0.3854959340769401,2.124294344276323,3.2980326486843428,0.3923408728097349,0.3334839612669596,37809,Tcell_Act_filtered,Act
Tcell_Act_filtered_38,5284.132372174725,554.6797365678445,33.50632401357952,1.6239951934149472,1510.2953680360984,4135.378351727496,77.77155890410225,1350.6132190602336,0.599688185355202,0.3806015743615024,2.020203945565867,3.154682984757472,0.4082340885790483,0.327912229912112,101273,Tcell_Act_filtered,Act
Tcell_Act_filtered_39,3204.031243186423,468.4486906835703,21.818003724263303,1.1372843074942802,745.7410619697756,4031.372409192028,81.11939108499358,1141.1503839151562,0.6145327046186371,0.3611179921761799,1.8704851039596373,3.1322152873501925,0.4362575973852571,0.3156164548367667,51181,Tcell_Act_filtered,Act
Tcell_Act_filtered_40,1870.9611619798816,509.1913277324018,16.413005141706993,1.467789078245567,520.4212125878519,4184.133473385701,78.23764120190425,1308.945423091911,0.5892779482770338,0.3765182142950476,2.0338359901096554,3.2538203928702214,0.4101220266811509,0.3254020213596234,35564,Tcell_Act_filtered,Act
Tcell_Act_filtered_41,7083.698945889232,607.2377506109498,52.63351774398399,1.6871602399864472,1944.46884254838,4293.023531761344,78.4621986640671,1401.0749698231846,0.5982342312779175,0.377815409910522,2.0102891783741983,3.179099077228848,0.4120338109064914,0.3297415324524415,140569,Tcell_Act_filtered,Act
Tcell_Act_filtered_42,3710.6092052797153,501.3281628668436,27.186068424573147,1.4023731541854454,899.4108212123739,4099.294616184148,80.4900886320712,1203.2882289568604,0.6088268516111581,0.3641246748025097,1.9037347562180436,3.162431794705649,0.429863498826377,0.3177495318740597,62895,Tcell_Act_filtered,Act
Tcell_Act_filtered_43,1362.960267643564,488.2584333087369,11.7642070013094,1.1076678921896286,426.3810387493002,3875.225408767483,76.17106153946436,1295.336709569467,0.6008552216993115,0.3819169993687448,2.0232487329794195,3.1395489780469843,0.4059930306129369,0.3326598383536034,26318,Tcell_Act_filtered,Act
Tcell_Act_filtered_44,950.5940913986148,439.23009110900426,12.417795090993986,1.1325178320100495,299.12460743759704,4121.617730381145,76.06464497041183,1320.6226461344615,0.5654687532840816,0.3890115186638997,2.189797606162004,3.372822934050955,0.3800599618056598,0.3160137534214772,19500,Tcell_Act_filtered,Act
Tcell_Act_filtered_45,2312.549027218065,525.3595512373174,18.941766948224053,1.2625154862950896,644.2578705287259,4110.67322515637,78.2110265293389,1306.5625964875248,0.5967222291393285,0.3761136192125213,2.006305069217686,3.1988056324852394,0.4125137268236484,0.3288810149295043,43659,Tcell_Act_filtered,Act
Tcell_Act_filtered_46,5222.212924638571,482.390042022496,25.76269430034251,1.9336432512851252,1126.5726477829376,3990.696579089274,82.25530481488212,1104.92834318456,0.6348299050589876,0.3556719065409637,1.7833735176559826,3.000453658540357,0.4538664938413937,0.3180580496387072,78157,Tcell_Act_filtered,Act
Tcell_Act_filtered_47,6439.779253020222,601.9461840329167,47.46204460616977,2.0807454094369087,1866.849270676787,4436.12258652581,77.5257884067998,1463.6471015857207,0.5787038775119865,0.3839927611207567,2.112111164923306,3.297526516621968,0.3938706011835984,0.3236766644426461,134103,Tcell_Act_filtered,Act
Tcell_Act_filtered_48,8881.535849248048,539.2659426139895,40.662084533556175,3.0998034601433875,1588.4498293742413,4535.612832036702,84.82853866154227,1145.570165893414,0.6299848906500464,0.3495113061123211,1.7659614654212623,3.0641143024409767,0.4634097074117361,0.3055054108000634,132289,Tcell_Act_filtered,Act
Tcell_Act_filtered_49,840.9374300092336,387.0549486618155,13.05107606831576,1.1640577539789605,252.3620333762102,3908.062792931024,76.91739163625294,1199.79539981129,0.5743874625087481,0.3853638313178261,2.135581385261496,3.323536856092252,0.3939370956652682,0.3103815591199648,16211,Tcell_Act_filtered,Act
Tcell_Act_filtered_50,1829.0855244789443,485.6688303360361,28.71244263290944,1.3459321393776749,650.0017387325473,4237.802122069312,73.78060270897791,1469.4555649842882,0.5443778924905672,0.390037897443678,2.280638513343256,3.5298966039637625,0.3570245797857727,0.3289381457717792,43112,Tcell_Act_filtered,Act
Tcell_Act_filtered_51,2555.068621863864,432.5063196900048,23.2006911401442,1.2329396847269611,638.0505641330813,4051.58193408982,80.01795338767252,1155.6716958947532,0.5908576725980527,0.3685285862062935,1.9853561656395624,3.280553406152116,0.4135817963173718,0.3085465329628407,42935,Tcell_Act_filtered,Act
Tcell_Act_filtered_52,2615.083358622493,577.7706868542775,25.553844221589163,1.2061266782899056,924.2248824121992,4157.056071054683,73.88684964771511,1512.4348607678878,0.5729244660297564,0.393922239463899,2.18858419641142,3.290478603671953,0.3825457958356927,0.336480159563685,60025,Tcell_Act_filtered,Act
Tcell_Act_filtered_53,2664.331167904118,514.2680314805684,24.46238514997541,1.3674616166708606,824.8417792738801,3946.869571358971,76.35996289776917,1325.73630907957,0.5975404844888268,0.3820624416681989,2.035247074958309,3.1638905384131766,0.4026068215611488,0.3327780632737592,52656,Tcell_Act_filtered,Act
Tcell_Act_filtered_54,4440.722568386253,524.4630388704388,34.08166393642053,1.6086072311877997,1245.129793916046,4002.7022579492177,78.10126407482252,1286.153460302456,0.6079523529719448,0.3758036153830867,1.9676214008430293,3.11485615529395,0.4174070194780568,0.3314110677543538,82398,Tcell_Act_filtered,Act
Tcell_Act_filtered_55,631.1595062337177,428.1335212862523,10.91082226187148,1.3065855841270857,256.4186366112617,3879.070352661475,71.11030294309009,1425.0987174958805,0.5619383023499205,0.4060891309247224,2.3002914110779185,3.308544517852082,0.3531617578656165,0.3271130973220052,15208,Tcell_Act_filtered,Act
Tcell_Act_filtered_56,1112.8148863872311,455.0776681170495,12.710497209731152,1.3869352523825669,404.74397813681975,4092.806727197064,73.32927324280374,1425.2864456314064,0.5614599503082967,0.4003740438034346,2.269850525296356,3.3428408601814974,0.3642384887861413,0.322311946443239,24781,Tcell_Act_filtered,Act
Tcell_Act_filtered_57,1692.6450969982752,522.5588718748007,17.183111790230534,1.2335595895907117,475.81721218433705,4079.532189800501,78.0573907063345,1303.0516297071667,0.600570159633331,0.3757820142732366,1.9916928650977053,3.1710472977456954,0.4165014971712749,0.33007352453166,32608,Tcell_Act_filtered,Act
Tcell_Act_filtered_58,8835.784951627833,591.8805639977159,52.58894599276248,2.9705426664648256,2236.5890281742027,4470.541839474851,79.800275602557,1375.3594519544447,0.5912970012328878,0.3740304852588532,2.013499154295925,3.250459505302282,0.4122207826460298,0.3202004367939093,166952,Tcell_Act_filtered,Act
Tcell_Act_filtered_59,3018.755024148822,554.6588607097602,31.98611087835574,1.3192156681243423,874.4542296009511,4171.013760275686,77.53898717982565,1366.9287983242666,0.5918934542599915,0.3788162101714726,2.037206931017871,3.2225619056180226,0.4015058332617617,0.3285523512759294,61199,Tcell_Act_filtered,Act
Tcell_Act_filtered_60,2228.773799776366,544.1718429879537,22.80117092058054,1.3304449521480353,769.0872814854886,4042.355940007196,74.3454662961979,1441.6146611788006,0.5802708184106999,0.3902432133545914,2.140694808109038,3.25388861200164,0.3843085903001383,0.3342631750332492,49010,Tcell_Act_filtered,Act
Tcell_Act_filtered_61,9984.255283635764,553.82228521579,62.18736569970621,4.119299444292144,2120.714666929859,4827.511817889896,82.48062840642768,1302.545835200571,0.5790721762398517,0.3647461054136758,2.0049709874528405,3.3912928754906875,0.4178633018334437,0.2996368937978241,174202,Tcell_Act_filtered,Act
Tcell_Act_filtered_62,4188.214699351255,589.8271527313487,35.66660932959151,1.5304281220286058,1289.1803949223424,4221.308969683955,76.46362234723345,1444.5464275608626,0.5847079615987758,0.3842922049505365,2.0920530598668585,3.250245203202609,0.3961486665216711,0.3312315860807102,88413,Tcell_Act_filtered,Act
Tcell_Act_filtered_63,3337.765015809327,470.0997961580507,26.124883745321974,1.3260739703988411,912.802642568818,3854.732768456976,78.52515908623111,1196.9443424742124,0.6147224508095581,0.3738159834435313,1.9356593042419288,3.072822257411667,0.424237915158142,0.3276274611872864,58015,Tcell_Act_filtered,Act
Tcell_Act_filtered_64,8960.615394035442,643.4082041055342,45.07718605279368,9.084887266362196,2023.5902329223943,4907.606105820187,81.57727284387298,1428.9897489357184,0.583119184093208,0.3710530141582646,2.025483742033611,3.3283215475906265,0.4131234442797283,0.309749326495862,169405,Tcell_Act_filtered,Act
Tcell_Act_filtered_65,4062.2988376235608,558.7915932352714,37.75382872372817,1.6039835035224403,1224.936306931429,4053.0875647970497,76.83219540192158,1368.34325600523,0.5969228292497208,0.3798667919696925,2.025644679545167,3.1791819621138666,0.4057958007933346,0.3332935713552685,82116,Tcell_Act_filtered,Act
Tcell_Act_filtered_66,2885.760298519064,528.6133812093627,27.49349569323655,1.381513057859058,1011.7532862785092,3976.251533216895,74.0410581190814,1423.5837653533738,0.5856969410190234,0.3937320050352108,2.1398231906695746,3.1954362801819363,0.3878817400438406,0.336249481377771,62617,Tcell_Act_filtered,Act
Tcell_Act_filtered_67,4843.383538600855,606.694146566601,33.5300461366238,1.5418372609032778,1323.1712648408209,4296.445936757102,78.54277944465306,1398.4123261326383,0.6018221950885687,0.3783797942567963,2.00128925498339,3.149149290286456,0.4145348439656269,0.3321953412771294,95365,Tcell_Act_filtered,Act
Tcell_Act_filtered_68,4105.072513166848,540.4325660709616,28.731420503577954,1.5129821139065167,1217.6158122473817,4099.527851262471,77.1240445089818,1354.609619394299,0.593280418700382,0.3797327655810836,2.037361921655025,3.2075201480129323,0.4025448524528662,0.3317172236369633,80057,Tcell_Act_filtered,Act
Tcell_Act_filtered_69,2163.92036587305,497.7348325976692,34.443829828829685,1.1816089966551913,759.2012838567367,4352.681429448826,74.02772190726591,1498.9522830582405,0.5463867559664313,0.4001107825336009,2.330935299189474,3.458346502790639,0.3604130246966284,0.3203839821420141,51757,Tcell_Act_filtered,Act
Tcell_Act_filtered_70,1090.7256055955372,492.4350373311275,11.45819513497093,1.2651556377845723,400.9923977519922,3982.633778238183,73.11875321929918,1430.6439740112655,0.5734587411595047,0.3949090688527558,2.1920227513718142,3.281328468348632,0.3706057130565838,0.3355142887522053,24253,Tcell_Act_filtered,Act
Tcell_Act_filtered_71,1399.998964431007,495.8820256796499,16.178941974783463,1.5426801483662933,478.215968020221,4111.545012623716,74.53880491749103,1416.473032311549,0.5625479876263973,0.3858122377179558,2.1830644172151232,3.412155478866206,0.3759975553524227,0.3309452871048935,30597,Tcell_Act_filtered,Act
Tcell_Act_filtered_72,8273.059206557129,591.4969359713547,52.07395765141071,2.1824574517484403,2156.7892487680347,4155.80862694524,79.32099149852131,1328.5612535670434,0.6141538202835496,0.3727860850187945,1.932113623236088,3.0818658157163443,0.4251680418020768,0.3295968363997167,153328,Tcell_Act_filtered,Act
Tcell_Act_filtered_73,4253.845774159536,598.1022943170257,38.4615134706558,1.5497009019096717,1366.50445360128,4254.559708258038,75.68648930716716,1487.1154586344524,0.5799201749616206,0.3893417087894756,2.1370409301518505,3.261121610482708,0.384566964594058,0.3308801353111309,93433,Tcell_Act_filtered,Act
Tcell_Act_filtered_74,5017.333854766152,571.0330082969151,39.16684368329657,1.4723833170834848,1604.5545209348836,4145.231817751009,75.76892828905447,1437.0996849074977,0.5884105180871638,0.3886932469914066,2.1026970016180906,3.2002742299198323,0.3925786592757158,0.3345864153568677,105658,Tcell_Act_filtered,Act
Tcell_Act_filtered_75,1248.0055971046413,534.6073788682955,13.123740488467227,1.229514404479904,414.4885335339235,4195.568448960029,75.06827086512972,1447.348276596615,0.5678670930322463,0.3838465913756143,2.151597905777394,3.381455552232227,0.3716748321626623,0.3329552076584327,27338,Tcell_Act_filtered,Act
Tcell_Act_filtered_76,10442.334484699562,587.367829985532,52.05717376623625,3.5547104148190223,2222.840388479281,4417.50601495295,82.44919307678404,1259.587987721532,0.6196165792403825,0.3599244786514034,1.8490066869214865,3.098468680013401,0.442142827562129,0.3186335920505414,175010,Tcell_Act_filtered,Act
Tcell_Act_filtered_77,4801.946622629669,543.9948520608831,41.46020239501555,1.333390884060867,1579.5007019253542,3980.986105093292,75.24855065640627,1394.7000009989472,0.589011677870909,0.3859951769581426,2.0859702016292885,3.209134647957468,0.3940894206376318,0.3330041870436764,99992,Tcell_Act_filtered,Act
Tcell_Act_filtered_78,2206.8334454155192,496.86847956622336,20.04007648436605,1.3252861061482497,598.4036035369047,4101.294447220435,78.66834092468692,1265.7523386082746,0.5982421275183628,0.3744791996904138,1.9925114923972629,3.195036769943956,0.4174609472768048,0.3246638215394165,40701,Tcell_Act_filtered,Act
Tcell_Act_filtered_79,1328.8033519525372,431.7915062908032,15.972673585788389,1.0957450082582054,462.3929188026888,3887.616052701717,74.18524556174243,1323.904126763809,0.568137610442885,0.3920084179254734,2.196301610725514,3.3367196717355063,0.3683826209956263,0.3232511282025472,27685,Tcell_Act_filtered,Act
Tcell_Act_filtered_80,800.1232114277698,515.6371989258001,13.149312549530729,1.3745033371520146,414.4588411233017,3848.186764813765,65.87642306645444,1652.8223138901185,0.5527248125538619,0.4138869922487426,2.3835427395944984,3.334338126721557,0.34283119104817,0.3459791442131102,23203,Tcell_Act_filtered,Act
Tcell_Act_filtered_81,1552.1271712952437,485.86452687598535,20.35569138071898,1.2489934472176003,578.0864002760783,4064.654342007022,72.86251444498774,1457.0580960014204,0.5556038121544495,0.3945443091759266,2.2603760341611934,3.4186805515878707,0.3619582442554141,0.3302727592357396,35968,Tcell_Act_filtered,Act
Tcell_Act_filtered_82,1814.084165322946,540.2611682654774,21.924824563805643,1.1054148775056225,611.3937315062548,4041.320742874252,74.79285495425366,1422.7783333751015,0.5784112003578566,0.3852337711880922,2.1200093944440943,3.293461862530654,0.3848197045656831,0.3348979460593714,39896,Tcell_Act_filtered,Act
Tcell_Act_filtered_83,1078.7720697382993,415.8916614449188,10.736716374000585,1.1350607922004188,260.2436159256185,3908.625036063763,80.56455807710847,1094.7198279904137,0.5885225550931659,0.3513106200228654,1.9001080333604663,3.381681531680285,0.4150122356582508,0.3087723374479777,17413,Tcell_Act_filtered,Act
Tcell_Act_filtered_84,4136.565848070875,632.2976727143714,32.78019514083573,1.6587896069657646,1346.7332052983415,4276.711192304265,75.43936246791353,1527.3888674312,0.5846897584950353,0.3910422879010445,2.128866195214663,3.216530255181163,0.3893165140456901,0.339535739975521,92384,Tcell_Act_filtered,Act
Tcell_Act_filtered_85,2288.9698855557413,506.1674491523256,24.32853141575905,1.391675065080156,814.6521060610754,4062.545218910542,73.75156806268515,1439.6608474811069,0.5682595937654653,0.3938150110420982,2.205949758131417,3.326315188769092,0.3771192303217738,0.3297908469239298,50809,Tcell_Act_filtered,Act
Tcell_Act_filtered_86,750.6284762452377,493.05825567105626,11.168655451369911,1.1631855119730092,290.5263770402648,3965.8678899062784,72.09575730992655,1462.119484172305,0.5604315100198034,0.3951796019744041,2.2445128776250183,3.378476196288899,0.3705659280116947,0.3331663323169898,17888,Tcell_Act_filtered,Act
Tcell_Act_filtered_87,6037.40652946369,567.7847731743909,42.47155523839278,1.593292314935454,1784.2142068520127,4049.506422661281,77.18868931386656,1362.0111158652153,0.6031419958601262,0.3801271182622422,2.006131567357933,3.130835520581184,0.4112936351192087,0.3349980609374856,118320,Tcell_Act_filtered,Act
Tcell_Act_filtered_88,4825.212361212578,505.9999458029752,38.39184051059786,1.884418675018792,1424.7820718309122,4049.878611350204,77.20346654553576,1313.88143138007,0.591541476062196,0.383108198410741,2.0615143986856856,3.204220619602067,0.4023795108742477,0.324224682757982,92437,Tcell_Act_filtered,Act
Tcell_Act_filtered_89,3032.8120956492403,529.9660098260367,58.19257058268885,1.2377814801892773,1073.4971208899644,4096.760134093999,73.85737253867337,1462.4197100458978,0.5678242640324545,0.3915264013394752,2.194811531357779,3.341630320250036,0.3753654508605704,0.332122599883591,73338,Tcell_Act_filtered,Act
Tcell_Act_filtered_90,3821.78287897223,432.3982557313715,17.147846900886382,1.3222187692425735,645.6938424001581,3803.512923948951,85.54678887723887,919.6325759192264,0.6773196173713304,0.3325097987686354,1.5626471386109824,2.768504019944191,0.5085954901998008,0.3085255287105392,46644,Tcell_Act_filtered,Act
Tcell_Act_filtered_91,2593.215156818321,400.8270490381149,18.038465790655017,1.5075784501339176,522.3925917725745,3682.723639075652,83.23304363301706,951.1012182992092,0.648222756054087,0.3404773022351974,1.6719143274508392,2.96090245152081,0.4730408848954021,0.315842010157367,34734,Tcell_Act_filtered,Act
Tcell_Act_filtered_92,2756.444688885353,509.8738970986717,25.003731075147616,1.3284164052389922,978.0286932610009,3946.201937090472,73.81080026070804,1409.820711189421,0.5801425987597819,0.3933834125394444,2.158397427455079,3.238871820176698,0.3818898794667465,0.3343690195459259,59229,Tcell_Act_filtered,Act
Tcell_Act_filtered_93,1581.4274268962854,489.4166527435857,17.859496201784484,1.1815438074219482,608.8802326298681,3834.1882983722567,72.20115493904669,1419.224540154598,0.5800618690010436,0.3956031306356427,2.1708785599619578,3.2281490215490023,0.373148762885867,0.3408042897829312,35604,Tcell_Act_filtered,Act
Tcell_Act_filtered_94,900.2184976877261,477.3075076537452,11.459094111829998,0.9883750376117434,288.9159876934136,4308.789876260843,75.70367429039696,1408.2169434365385,0.5612011978976429,0.3921720523713927,2.224375889118642,3.3886967432647346,0.3751337035835547,0.3193248353593766,19487,Tcell_Act_filtered,Act
Tcell_Act_filtered_95,7817.714564229685,622.7983750554317,62.16457182893696,2.4786656227133115,2564.9816989021874,4327.62712780382,75.29561075565474,1538.053690970815,0.5712019213290997,0.3914210493705715,2.1812459836475546,3.316513626901908,0.3798876845388298,0.3282907124125613,175960,Tcell_Act_filtered,Act
Tcell_Act_filtered_96,3008.2637000504774,525.0867652504428,35.41520672388617,1.6043851812772882,1106.5025920192647,3884.7735611240337,73.1089808392814,1428.5407852689432,0.5883107553297602,0.3949503754118803,2.1369082225113205,3.1697873222415778,0.3849524274952035,0.3401329301014072,67625,Tcell_Act_filtered,Act
Tcell_Act_filtered_97,5281.22982425187,439.3939970511502,27.952614343387054,1.3679296849268785,980.5006014929912,3818.637071533595,84.34137954164073,968.5368444497466,0.6614514775309872,0.3409806364600444,1.640899011785616,2.857267278432131,0.48780858183922,0.3109076311860183,69193,Tcell_Act_filtered,Act
Tcell_Act_filtered_98,1117.2337089416112,529.3052596439054,11.670887778595304,1.1605084255779532,389.0597572051005,4215.199589021649,74.17105192653034,1481.3329920218457,0.561764424703332,0.3935356354320377,2.229872128157472,3.377125934977917,0.373444359107772,0.3305493600757702,25226,Tcell_Act_filtered,Act
Tcell_Act_filtered_99,2462.557964966996,579.1490852089697,23.785824818236293,1.3870335468842576,818.8683442115824,4308.912274762757,75.04535323797762,1509.8983142220563,0.5683939111185654,0.3904096871678185,2.186358098785386,3.3431443878360483,0.3820715745212278,0.3329096727079948,55524,Tcell_Act_filtered,Act
Tcell_Act_filtered_100,3512.369726836683,497.7149080703576,24.665100094778957,1.1432820849071936,887.4464589355615,4111.891626138688,79.8299196724329,1226.6972552849688,0.6103540892665843,0.3709234028879105,1.9344277073334448,3.119335116722075,0.4275807325221414,0.3231371401466103,60782,Tcell_Act_filtered,Act
Tcell_Act_filtered_101,9093.733181271316,659.6987867672707,51.27836904565199,4.82995904203062,2573.4698883963515,4398.94601949187,77.94270080815818,1484.475736412002,0.5939326030649348,0.3840038061077835,2.0580147845991767,3.181731313798336,0.4041937228170224,0.3298261766656821,187803,Tcell_Act_filtered,Act
Tcell_Act_filtered_102,1379.220156527971,478.0457871815434,15.905486337231377,1.1198641850065678,474.6951261960244,3795.335043988184,74.39499363214995,1327.437912626889,0.5908707509175399,0.3877241268851688,2.0887211375394568,3.1865496654277856,0.3951519535221072,0.3336180546774381,28613,Tcell_Act_filtered,Act
Tcell_Act_filtered_103,1738.7837788592062,533.8293643534181,21.74854840891617,1.4331545729740955,609.1771119170091,4051.607834796139,74.05505712168738,1446.5149790953612,0.5761494917456913,0.3940917523706359,2.1772700078756224,3.2652869177338686,0.3855392973353894,0.3313993603422413,39273,Tcell_Act_filtered,Act
Tcell_Act_filtered_104,7435.546664447765,608.6777339954543,52.63499768506628,2.126387808851709,2237.5019515768126,4379.69156201147,76.86869941013094,1480.9622778393662,0.5810740293442325,0.3863849149513979,2.116600159193363,3.267354019894037,0.3920468646428542,0.329302188567892,157362,Tcell_Act_filtered,Act
Tcell_Act_filtered_105,1504.327971340462,475.0718430558226,14.363175873374963,1.3281265903775537,449.328101722608,4148.831728392212,77.00065493011152,1320.0125561234784,0.5711080514058744,0.3770100147308486,2.1012838916158083,3.391724304256404,0.3882068007944884,0.3238821993706327,29461,Tcell_Act_filtered,Act
Tcell_Act_filtered_106,3893.930236009146,483.5522786332194,28.01019800848764,1.2916795100899234,893.3147894913257,4065.062987839787,81.33968943029114,1151.873300058547,0.624922015696194,0.3642449373773421,1.8553157297625007,3.0386643385010914,0.4464993965871973,0.3199769575729705,62845,Tcell_Act_filtered,Act
Tcell_Act_filtered_107,1263.942225933282,453.8041239640415,14.197225199166436,1.2405509950432985,459.961950980658,4140.894984001781,73.31858944711983,1437.5719737884313,0.5473010323230768,0.3945620842740158,2.294770240147519,3.4821869864854413,0.3544436196276523,0.3269940604073901,28301,Tcell_Act_filtered,Act
Tcell_Act_filtered_108,7859.414673208774,606.002470804403,54.230285763513926,2.2574971509756825,2279.4670213134928,4270.72833020651,77.51756959009572,1429.9219118582484,0.5939800756876923,0.3832877320557327,2.054012909861508,3.18487033001847,0.403400011647371,0.3301686836030176,159793,Tcell_Act_filtered,Act
Tcell_Act_filtered_109,1224.2816969799594,480.3428558370112,18.91734283116465,0.9984350076182008,467.17572284505695,4092.857278328815,72.3802847550613,1478.1090525115894,0.5519644326812889,0.4016842924387194,2.3164550800289203,3.407333970687637,0.3556009240965352,0.3253993471371887,29456,Tcell_Act_filtered,Act
Tcell_Act_filtered_110,1780.4186739343836,480.69963706771085,20.665322443459413,1.3068062547939825,585.4184031174866,4054.475533042368,75.25533736892012,1365.0184257174917,0.5698496190356448,0.3876240843277344,2.165212962206778,3.3465668300968385,0.3813290569748478,0.3274147668730224,37408,Tcell_Act_filtered,Act
Tcell_Act_filtered_111,5033.96812653132,425.19821821295,22.671616796988552,1.569662961544288,730.954187095117,3904.1333930336,87.32065850449754,866.3042894356157,0.6805934652891029,0.3183351590686979,1.48883633798061,2.7955850956779726,0.5215385197772319,0.3004483690760807,57223,Tcell_Act_filtered,Act
Tcell_Act_filtered_112,2054.75205596577,308.1906088996855,19.017091047933008,1.815359812737802,472.4597239196521,3505.083425674829,81.30509964855133,905.8465353384192,0.6166019805942253,0.3520272661281955,1.8172786098881744,3.15696973640266,0.4354780773819435,0.3116808483896277,27937,Tcell_Act_filtered,Act
Tcell_Act_filtered_113,1556.046881369587,506.112295554364,18.25553110244861,1.294179807024262,525.7469202301745,4099.428599189605,74.74548536813961,1413.586887224951,0.5669789559100242,0.3891216313729493,2.184583059086772,3.3606920723850027,0.3797436211390344,0.3268222357653452,33923,Tcell_Act_filtered,Act
Tcell_Act_filtered_114,2429.8060516266823,517.8674245132426,28.97246681208209,1.210961837019508,776.8110831836287,4036.144195689399,75.77474795008287,1370.1788401443523,0.5819458040645262,0.383870216180354,2.099674642695202,3.273395997618831,0.3915663152642033,0.330501917037291,51072,Tcell_Act_filtered,Act
Tcell_Act_filtered_115,4338.22690653824,541.9691729964544,23.036965358557524,1.5249994637886082,993.2965687143098,4110.795173092156,81.36936706131152,1206.8640452947625,0.6283936578298679,0.3608302787313146,1.8277690031322125,3.027263063084112,0.4498564553884274,0.324527543452427,71257,Tcell_Act_filtered,Act
Tcell_Act_filtered_116,3963.796392749116,603.0129404272776,38.21420238995151,1.4252634040350491,1421.3875288432428,4079.024247213536,73.60558990113472,1520.4856198233686,0.5774791385695875,0.3925138983391437,2.1635596155969736,3.2633743092196226,0.3807930816522986,0.3370267832420228,91686,Tcell_Act_filtered,Act
Tcell_Act_filtered_117,1097.8168596541168,460.34041532243646,16.370555022449775,1.050788262343692,363.9226478872016,3991.780063354964,75.10345406895868,1339.5469093218587,0.5713513626241747,0.3855330364512793,2.147872307318192,3.3459154813084595,0.3843982362824508,0.3275654953748456,23473,Tcell_Act_filtered,Act
Tcell_Act_filtered_118,2055.6966100683194,485.63751768780486,23.18730505644983,1.402498160570119,699.8470196840456,4007.885724105725,74.60221597917725,1380.2105098311315,0.5738233656631011,0.3881432495721813,2.1530986883316525,3.313549319453892,0.3793117082770955,0.3307075873352428,43822,Tcell_Act_filtered,Act
Tcell_Act_filtered_119,1353.181272658789,562.9920478289788,14.358610994696628,1.2355115974400186,518.8661527363515,4023.505756969163,72.28349315846887,1522.1255667749408,0.5735609796167853,0.3941807160033075,2.187589869357738,3.28433489752289,0.3741628198982974,0.3432150183674263,32125,Tcell_Act_filtered,Act
Tcell_Act_filtered_120,1022.2835015046396,505.5848489133938,14.340361993793673,1.2042549556497657,352.5545984444502,4222.588601862637,74.3566461783751,1458.749272845245,0.5537744560482776,0.3880882440112401,2.23073353115651,3.467752812945634,0.3713131163356423,0.3258116583858893,23452,Tcell_Act_filtered,Act
Tcell_Act_filtered_121,2768.338338393341,599.7614222468168,21.12633695275431,1.551942139868995,898.7768265648449,4139.51412387721,75.49090262685837,1467.3228586578211,0.5835063403680146,0.3872093382250177,2.112274569321244,3.244742899722103,0.3886563954429403,0.3323227513497445,59504,Tcell_Act_filtered,Act
Tcell_Act_filtered_122,902.8407135059005,387.0170678015188,13.772601210339817,1.1488829707431476,283.06209498206493,3920.282041783349,76.13108823454334,1230.368966881027,0.5630303477432219,0.3834120504615892,2.167624651728047,3.4211063148987533,0.3790861433784673,0.315947321866022,17865,Tcell_Act_filtered,Act
Tcell_Act_filtered_123,3307.7169227902878,568.5001818826782,40.42459611872118,1.219018809283814,1166.0386471512438,4251.092806178672,73.93602245536889,1528.3302965394273,0.5658857857319431,0.397764157985725,2.237417285409657,3.3234249237657205,0.3737906652191904,0.3304870640655104,78141,Tcell_Act_filtered,Act
Tcell_Act_filtered_124,4972.418389518719,522.7445722320302,35.20725075622174,1.548699073155182,1292.8509804155367,4278.854724832097,79.36479815824578,1297.8254836196768,0.5895072306630765,0.3736151820067241,2.017369760288259,3.2662638103804302,0.4078440353343301,0.3169922451034606,90873,Tcell_Act_filtered,Act
Tcell_Act_filtered_125,1244.0027333140176,496.2795768408155,15.015105842319624,1.2556175373500165,420.99357483065296,4009.59369977471,74.71504454566796,1384.619487795407,0.57474166750023,0.3855402084128667,2.135242088727201,3.31992291694889,0.3814248154349727,0.3315436271773714,26753,Tcell_Act_filtered,Act
Tcell_Act_filtered_126,837.2400499415754,367.1446108878872,10.927697334420888,1.2136408353388497,251.46239603033345,4032.101103321536,76.90255983526818,1213.655743791203,0.5525602535092717,0.3823948473621597,2.2028377822704663,3.508059133645721,0.3699775504053466,0.3100337855257494,15865,Tcell_Act_filtered,Act
Tcell_Act_filtered_127,901.4345026520252,391.8687863907005,12.82130080936282,1.1008554083608018,255.90372044037863,3940.54098761002,77.88859683934012,1176.5300036525675,0.5737699972305248,0.3696763971090868,2.0508505578298832,3.4083087503955314,0.39617563682662,0.3227306099936388,16692,Tcell_Act_filtered,Act
Tcell_Act_filtered_128,954.7284708879356,453.67860099592696,12.097856162213064,1.2768432209248943,291.7471683366001,4145.25578526615,76.59423424286868,1317.7205094899196,0.5583582278060288,0.3795922576486878,2.1639865289202307,3.477721451633691,0.3807543790128864,0.314466609672331,19354,Tcell_Act_filtered,Act
Tcell_Act_filtered_129,1440.7758022220132,487.4384370157331,11.66748200812159,1.2565021006826154,397.25699541509874,4145.409753758956,78.38683858493745,1278.041682220134,0.5912226599740126,0.3759835439787581,2.024267457815594,3.2415172066118285,0.4022670005116233,0.3206021803077594,26589,Tcell_Act_filtered,Act
Tcell_Act_filtered_130,1314.9736384120165,503.3571273288111,13.64264084743271,1.256284094367911,464.85738203111504,4040.1841385083735,73.88193729113802,1427.107824012658,0.5680698848987472,0.3888277937137183,2.17874127906232,3.3538933151812174,0.3692713766089578,0.3298288344145546,28859,Tcell_Act_filtered,Act
Tcell_Act_filtered_131,6133.319318838675,534.713292263118,33.709700995611655,1.7851037623188049,1550.5266600301634,3968.111219930834,79.82095601220756,1227.5401703631403,0.62535801802076,0.3690093214424654,1.8782731127501064,3.0141568749641103,0.4364029713479473,0.3252098475821806,104456,Tcell_Act_filtered,Act
Tcell_Act_filtered_132,8487.7799832968,606.1731365594404,56.67824291744954,2.439738492432111,2507.341825870352,4289.429829431987,77.19587041064099,1446.107765910835,0.5910360176801706,0.3868287124662927,2.083314717790997,3.189726435353463,0.4004457730787011,0.3288703395557843,174590,Tcell_Act_filtered,Act
Tcell_Act_filtered_133,3973.4304723376376,498.1365925777727,26.91725508982871,1.218980665157283,1004.9405859844796,4241.674677473662,79.8138673431229,1253.8121564555738,0.5911884710472447,0.3694147527507136,1.989016593885773,3.2736986708809024,0.4126276165213163,0.3174304770857561,69845,Tcell_Act_filtered,Act
Tcell_Act_filtered_134,1441.6941396331024,410.3016919889005,9.1531557128444,1.1207409213851454,274.10768979073464,3921.838653557247,84.02451349041984,971.2868055631728,0.6438841129446173,0.3461865604528531,1.7114043108186436,2.970951493192461,0.4695809741097289,0.308152679700537,19293,Tcell_Act_filtered,Act
Tcell_Act_filtered_135,1702.7388373772935,454.8431903644299,16.875528858635573,1.3055943402754602,408.5974113648573,4025.314004328944,80.64744961356661,1145.8203536698109,0.6005857124613655,0.3584704546621682,1.8998901781418351,3.252584898435525,0.4238602141344101,0.3134845804000158,28498,Tcell_Act_filtered,Act
Tcell_Act_filtered_136,1611.1927308971715,495.16963693009615,11.869347022407116,1.0598611099444577,369.7183902352436,4019.691359626056,81.33594252205071,1152.9883970768783,0.6246310173009748,0.3593677931692439,1.8313263058261444,3.062457673446632,0.4470425800181339,0.3207302814416048,26091,Tcell_Act_filtered,Act
Tcell_Act_filtered_137,4960.53228366746,589.7023761931666,44.65880097936409,1.866915600332218,1360.3011603429948,4426.458486493779,78.4790855131296,1415.4073777607362,0.5870672061888377,0.3809471730205476,2.065508854998157,3.248913905255604,0.4013546113563228,0.3226939731880843,100755,Tcell_Act_filtered,Act
Tcell_Act_filtered_138,1128.2357355848303,452.15451166454807,21.433227979890443,1.2230494237435323,428.9136630513023,4137.1301794091005,72.4552015736591,1467.1736314044945,0.5385804004234581,0.3949183168707571,2.3340322892587326,3.5474134535331467,0.349702402678797,0.3298512589074452,27741,Tcell_Act_filtered,Act
Tcell_Act_filtered_139,687.5223356510951,516.2276876479526,13.258018406625643,1.0756933760038805,264.78381897125456,4009.642640481281,72.1955153092276,1487.553713393649,0.5643191660442815,0.3920014112684695,2.2111232811639203,3.3658167121869327,0.3662629404467723,0.3338269706969304,17206,Tcell_Act_filtered,Act
Tcell_Act_filtered_140,7903.981232489557,523.1604951875255,42.02781930982671,2.062058512879689,1675.4558955848345,4325.621060164543,82.50987116273681,1188.2157469881308,0.6161522968774413,0.359992621874875,1.8597546593060703,3.12481919101574,0.4420533713901652,0.3125774925809046,126194,Tcell_Act_filtered,Act
Tcell_Act_filtered_141,2566.340855699504,511.7578233218948,21.87118999374122,1.320538541165716,759.0226393166976,3894.826295483532,77.17474674710712,1283.951769811562,0.6080515502392836,0.3770950876581105,1.9740611529677652,3.108051165757616,0.416680908694957,0.3322805783946485,48535,Tcell_Act_filtered,Act
Tcell_Act_filtered_142,6663.954430794067,591.6260275152727,46.39282155233823,1.96430955559549,1987.3681041176533,4084.741643629369,77.02815845672394,1394.0590117724337,0.6044861916505795,0.3824904803401161,2.0141155074361587,3.1094500728741146,0.4101776807654317,0.3354261528489412,133478,Tcell_Act_filtered,Act
Tcell_Act_filtered_143,2717.278085025678,536.5522048952258,28.29032364000522,1.4118614647327166,959.2943769704012,4116.184114323339,73.90791594925938,1470.552771410341,0.5718216496449957,0.3952487076049736,2.200189013657269,3.291899575914609,0.3778892909024574,0.3324677704525963,61189,Tcell_Act_filtered,Act
Tcell_Act_filtered_144,968.0783868986462,468.8181537899191,14.70389743897164,1.3419089177448444,365.3593648897466,3961.333367781462,72.60019341737322,1425.760567292416,0.5593714170074887,0.3926126257324652,2.234159208201857,3.4003175336034515,0.3638579958877562,0.3274250596709349,22509,Tcell_Act_filtered,Act
Tcell_Act_filtered_145,1115.4364514617157,473.1517297745158,13.047068235353906,1.3447449797432292,411.5417778593059,4039.728554501005,73.0486152351825,1434.3935727393623,0.5612735456690423,0.3977161964292166,2.255531161154754,3.3584993714205607,0.3642743541983881,0.3315192899139633,25135,Tcell_Act_filtered,Act
Tcell_Act_filtered_146,3721.596081536599,538.9952486417046,31.87601742202814,1.3784117612027391,1150.9946404104703,4014.5953085816463,76.37817936921783,1359.9952606440752,0.5967954194553683,0.382129616354841,2.038146251195577,3.169201129354244,0.4013600575728339,0.332898269340141,74703,Tcell_Act_filtered,Act
Tcell_Act_filtered_147,1154.046224878652,362.9901001227319,15.043728518968091,1.0469786611926164,375.4255816290925,3812.6150857734574,75.45390637266438,1209.7382788925224,0.575572428991139,0.3918939351129389,2.167298285996216,3.280958166262462,0.373366009385851,0.3221520019200568,22198,Tcell_Act_filtered,Act
Tcell_Act_filtered_148,623.2815340497101,489.4130670673048,10.378962590425274,1.0488551914636717,238.4479266628849,4460.768396445579,72.32914301598743,1588.3211205865282,0.5190414439868786,0.3974251296256633,2.437268723784631,3.684700866118712,0.3392686801679461,0.319886858586271,16045,Tcell_Act_filtered,Act
Tcell_Act_filtered_149,663.4819238459253,408.22104307514144,12.094994794466054,1.1207420086065294,261.4625236138774,4240.746814353106,71.73208355032152,1491.5962260123924,0.5128343922976839,0.4014616021736965,2.491821898342849,3.7087437158095327,0.3272838209827219,0.3160506061120892,16558,Tcell_Act_filtered,Act
Tcell_Act_filtered_150,646.4022614404611,499.267282488222,12.21694908609296,1.2225280687598972,262.3021448766481,4212.011360012482,71.13449180468562,1570.969728457037,0.5393665952562143,0.4013621032536323,2.3686584695602466,3.5048085269637776,0.3475898178569503,0.3270835113987886,17055,Tcell_Act_filtered,Act
Tcell_Act_filtered_151,10775.604746644118,64.88340012227246,13.298221549344367,2.1417083327485,257.1806207342711,3410.786758409716,97.66894204708542,142.87834645246826,0.7764397122167092,0.1872147418062643,0.7675071511495175,2.398173395386725,0.6871516106071646,0.1545845577579,25236,Tcell_Act_filtered,Act
Tcell_Act_filtered_152,616.9234145757017,580.0951422499046,66.56810994221728,1.4356101123652736,861.9629233173209,5859.136145966984,41.715404272017,3656.9628495808606,0.3094561396321031,0.4513960602921159,4.643108026430286,4.867808956621149,0.1549592399942508,0.2832075797495099,66081,Tcell_Act_filtered,Act
Tcell_Act_filtered_153,543.8459342316152,444.3358507390335,10.630792255708828,1.183786879966178,245.42339754339196,4256.877861871394,68.90498747855143,1629.8462664861283,0.5131156313700188,0.4135937207258156,2.565717396272976,3.632506441090539,0.3248747576768369,0.3218614583855734,15267,Tcell_Act_filtered,Act
Tcell_Act_filtered_154,545.0306726297442,470.713798188924,10.50799579548012,1.208181875381757,233.78558954312243,4389.186512454251,69.98193272301867,1646.963573787246,0.5001493383366332,0.399634629967784,2.543393419317643,3.8195517722943153,0.3143147978380295,0.3125346446219942,15184,Tcell_Act_filtered,Act
Tcell_Act_filtered_155,8602.14315898702,78.46098947440971,13.45934099580305,1.971709217103913,237.3491353173517,3448.3173499739,97.31490081766025,168.9449750562055,0.7675336942021094,0.1961727066782823,0.8135631361440577,2.4520041737095037,0.6769984480492427,0.1643261288044512,22900,Tcell_Act_filtered,Act
Tcell_Act_filtered_156,601.4708173608692,335.7535285706305,13.686131417826978,1.2229933530063923,329.06257591021364,3718.427220088948,64.63720933716657,1531.961344908993,0.528922637277163,0.4252528094602645,2.559205521538348,3.4446445257846303,0.3116556945911846,0.3360514624281806,17394,Tcell_Act_filtered,Act
Tcell_Act_filtered_157,629.0964551877286,506.5813859633381,11.280706178211622,1.209663048447231,265.1554115586154,4167.966428236194,70.34891159653266,1592.221901638993,0.539283467085143,0.4054612852989565,2.3932188441272526,3.482131850557295,0.3499289111541721,0.3295368675607583,16829,Tcell_Act_filtered,Act
Tcell_Act_filtered_158,0.0010000005762145,37.03835372272137,83.0097362606684,5.160803415156931,1228.4311466713286,5340.1212008803695,8.140462449829332e-05,5340.11688392569,0.2796569099867275,0.4486727252672715,5.106863410611754,5.110457984393165,0.1468951777262367,0.2756769830613167,80852,Tcell_Act_filtered,Act
Tcell_Act_filtered_159,581.7054012762821,507.8892551226777,14.553498998505702,1.2584886901431944,218.05803222840896,4308.333889077932,72.73468339595826,1544.0925169318932,0.5448664443955233,0.3939249496316037,2.3013016707479497,3.5044658001610487,0.348859285105956,0.3244574145130424,15548,Tcell_Act_filtered,Act
Tcell_Act_filtered_160,484.0482188036148,524.7622428002954,9.986985580650934,1.213372082824665,243.27163250391152,4209.449926464588,66.55231779160513,1757.2048696041943,0.5168001177843932,0.4134102874477102,2.546295502192372,3.6057007004307455,0.3253678702768753,0.3363283883780056,15030,Tcell_Act_filtered,Act
Tcell_Act_filtered_161,4898.642304296796,116.5215855652752,12.787226561029325,2.315130451912261,233.85973209724185,3432.8246941623893,95.44355305776855,267.6271771520741,0.7218813312346002,0.236962592875938,1.0448744510286136,2.7239402190901303,0.6119056270371024,0.2031267027179246,19172,Tcell_Act_filtered,Act
Tcell_Act_filtered_162,571.2057957679034,446.8529854369146,18.248488517180355,1.2312235861538072,319.53880886671163,4641.543071651785,64.12677582281995,1951.6235636027225,0.4527138984608207,0.4191145692605067,2.9468569728664056,4.060644632231599,0.2699766236188572,0.3132030591518917,21228,Tcell_Act_filtered,Act
Tcell_Act_filtered_163,886.457936931099,517.540478614016,14.203774998431058,1.003007389182229,399.1305465900946,4147.171572413833,68.95347526007029,1644.4147941187573,0.5347204130517522,0.4071771884481392,2.423855931960075,3.5068515825768323,0.3319785216668099,0.3319862017151496,24458,Tcell_Act_filtered,Act
Tcell_Act_filtered_164,563.0683101079611,447.5467274441433,23.762112755444058,1.2845683881903045,324.0604679935438,4967.9045155461245,63.47086511080752,2098.794321334034,0.4226042604365983,0.419074280899659,3.1565106920103374,4.297918228483455,0.2502188083046558,0.3040650771196334,23455,Tcell_Act_filtered,Act
Tcell_Act_filtered_165,667.8166335070232,464.2823249195894,15.11886478537406,1.1309353124831516,310.8920009736172,4027.255001179927,68.23446835752148,1596.0795378099303,0.5311190394931885,0.4078173021347174,2.4441277637147723,3.5304280035914437,0.333128746992558,0.3340037605652063,19027,Tcell_Act_filtered,Act
Tcell_Act_filtered_166,354.40165077982533,638.8832655223006,15.913334854936288,1.2114890023977691,224.4746063720765,5090.583488948194,61.222350442130406,2365.1479775292905,0.4292886913909391,0.422826128118378,3.135180111099814,4.21599537388543,0.2617699305678327,0.3168666870166485,16880,Tcell_Act_filtered,Act
Tcell_Act_filtered_167,844.7979798911645,401.3656231972733,14.789858613179286,1.1683091169534072,363.1968002761893,4077.684277985978,69.93390979505122,1506.6909061674048,0.5195869357769042,0.4060745627319774,2.4876981876397264,3.62866701044112,0.3289698043244425,0.3220849540156749,21631,Tcell_Act_filtered,Act
Tcell_Act_filtered_168,655.3275651246369,524.2258866824004,13.952637421064727,1.282210820410292,321.2923383718041,4385.962597293015,67.10159835760761,1794.6755401107928,0.4926696801749256,0.4076313695822421,2.633673231334157,3.8272246772068512,0.3082513115509054,0.3250010165691263,20620,Tcell_Act_filtered,Act
Tcell_Act_filtered_169,890.43832864245,479.6776131945634,15.333142167271603,1.3545622491222824,360.7496890074168,4195.638215992433,71.16742776317338,1551.0846382882771,0.5282395177032597,0.3972013123525882,2.3934806141866285,3.6143895139441327,0.3355207806790094,0.3266459115990925,22941,Tcell_Act_filtered,Act
Tcell_Act_filtered_170,801.2376388718167,468.8808555127998,17.429097553321586,1.3369525455232545,337.4855247072959,4235.696770264913,70.36281200721801,1585.2591695099136,0.5138747688926666,0.4007864674829841,2.48259503231533,3.7047489813988688,0.323021144283827,0.319355790921971,21950,Tcell_Act_filtered,Act
Tcell_Act_filtered_171,926.8138306958888,556.2585629349982,19.39072683957216,1.1510074840637436,483.315606548944,4550.284253013698,65.72544379377929,1925.1931429719168,0.4831325698791577,0.4186227897376519,2.758078855844105,3.829003693970599,0.2947156163561139,0.3217900797161656,31387,Tcell_Act_filtered,Act
Tcell_Act_filtered_172,708.1903021012836,495.89567670876994,15.995496263178431,1.0875562070862246,331.98876950786496,4040.3630159178265,68.08349845048495,1627.1656499494825,0.5375440365371393,0.4102438778675559,2.429283429741788,3.4679275001872134,0.3374594552311718,0.336473157214142,20527,Tcell_Act_filtered,Act
Tcell_Act_filtered_173,395.1620985652056,486.3904327527853,11.72929572371612,1.1800871896564915,233.29256097153169,4977.572822057599,62.87837834737318,2153.590167039924,0.4301825464167338,0.424792145058273,3.1432130492407024,4.193891621452434,0.2628226559111539,0.3056234147947902,15932,Tcell_Act_filtered,Act
Tcell_Act_filtered_174,680.6814881399393,434.663232693203,10.80242902621655,1.3434006275988044,227.49406905565573,4390.22377224429,74.9504303156818,1425.5141264534457,0.5217423415802384,0.3896266539184684,2.377074007206786,3.709856416505555,0.3534656769254196,0.3089105627116559,15434,Tcell_Act_filtered,Act
Tcell_Act_filtered_175,8706.1956365619,77.46642221799698,11.716332725415224,2.239140623865946,223.479451377432,3246.8908300550725,97.49733949806,156.7863550117806,0.782908761851943,0.1828719413640056,0.743508690643491,2.354326654118012,0.6949498555255573,0.1514266572164031,21698,Tcell_Act_filtered,Act
Tcell_Act_filtered_176,13190.577471086071,509.5484493450839,20.8770868206252,9.665526006364535,1089.0570204591263,4665.416405077438,92.37335506658842,826.5017422302217,0.7334068441211132,0.2839437672693123,1.232359760023811,2.4998770796875203,0.600304653769628,0.2854081087401889,128637,Tcell_Act_filtered,Act
Tcell_Act_filtered_177,15365.00683537357,468.090349590261,42.423560603657535,4.081123284337658,1748.5378470535688,4409.115256701658,89.78272544057435,870.7556848051821,0.687909296884942,0.3068577170609501,1.4198942423746008,2.7794934322369373,0.5420010823058058,0.2867328440253262,165233,Tcell_Act_filtered,Act
Tcell_Act_filtered_178,504.8455145096056,479.762310869224,15.91648011308177,1.0626682510931222,234.8563770008608,4008.23274794984,68.24986123514087,1600.0565709193506,0.5284562347930363,0.3989963680126633,2.403311383762868,3.602233625408041,0.332144439264825,0.3281317455468779,15310,Tcell_Act_filtered,Act
Tcell_Act_filtered_179,755.7397610812774,488.35760618110737,9.68711135855182,1.2019027653226289,403.8179614520145,3899.179166994545,65.17482885028,1676.182052345939,0.5352556595807892,0.4171355872014638,2.480653476682494,3.445326669355421,0.3229312063400339,0.3363605998007405,21838,Tcell_Act_filtered,Act
Tcell_Act_filtered_180,497.5537974791747,405.3093713797938,17.56044938134072,1.2179212941556208,369.463159091084,4469.716865060142,57.386858896900414,2137.2810716667536,0.4336810607978013,0.4380052645614052,3.2148373197105244,4.066498840942146,0.2459652883989593,0.3155475192908363,22237,Tcell_Act_filtered,Act
Tcell_Act_filtered_181,1815.753983616769,478.4321148484444,9.65170510717555,1.099451941749154,201.6500305395409,4312.880873763768,90.00447956261888,861.7052242067318,0.7124778904688948,0.2979323999748551,1.331056438313436,2.618588762015331,0.5720483815235847,0.2981586016238959,20242,Tcell_Act_filtered,Act
Tcell_Act_filtered_182,661.3420946765578,390.0259441227959,13.643586691045607,1.0662108448425724,313.74635043496465,4302.299014758555,67.82380593187308,1648.8465198056256,0.4847583626520277,0.4108538418863982,2.69781502960701,3.867858502911955,0.2954896702681687,0.3225993735887105,19135,Tcell_Act_filtered,Act
Tcell_Act_filtered_183,740.3442325196714,403.4449135637139,13.364404481007323,1.36315576875264,358.820847618155,3900.171593069009,67.35514490933775,1544.9462710047433,0.5376033606575844,0.4172013595765368,2.470209954046661,3.427534556805961,0.331929714829943,0.3380272288539899,20105,Tcell_Act_filtered,Act
Tcell_Act_filtered_184,310.4084587260284,438.7502703295148,20.99994802210154,1.2995036338943189,192.4371181549743,5451.1869899672665,61.73037469105269,2356.991021782972,0.3770959928130812,0.4140750446459845,3.4952421358172323,4.708587952804072,0.2162877096053226,0.2910676315303837,15972,Tcell_Act_filtered,Act
Tcell_Act_filtered_185,594.7737450907271,522.8279560522052,12.799691021360683,1.161019701799576,259.9033649646965,4242.148457931959,69.59046148459007,1653.8561565828663,0.515730850202925,0.3982450775177246,2.457974838000158,3.7056560127549183,0.3299713969695527,0.3231439735715388,16999,Tcell_Act_filtered,Act
Tcell_Act_filtered_186,654.6175671160403,481.634328299642,11.732246407007064,1.235831957908392,247.04702455755915,4338.040400242554,72.60100631222419,1538.2507845262835,0.5243142463434691,0.398379317617941,2.418551014649967,3.6379517631607214,0.3515649340041051,0.3160982945746825,16536,Tcell_Act_filtered,Act
Tcell_Act_filtered_187,492.7441434956717,403.6263170177323,13.268235879396263,1.1226323467875965,264.2948452069688,4093.4601073902463,65.08834430576707,1691.8083856020487,0.5007596448242342,0.4182605259703217,2.658689888309914,3.697139643536804,0.2970215709335763,0.3301028382316497,15739,Tcell_Act_filtered,Act
Tcell_Act_filtered_188,625.0329672547774,459.6840294919022,13.156663159916516,1.1924068337182046,265.98110664725755,4181.240854647861,70.14849546849004,1570.624733796052,0.5167354450338406,0.3987136709591806,2.4560827874818343,3.6949777827736554,0.3270674056839907,0.3249594629641254,16957,Tcell_Act_filtered,Act
Tcell_Act_filtered_189,23053.39273169037,79.86365267213323,15.860176614412788,4.7896845756023945,310.9381947274689,2899.2527844870224,98.66917569475146,117.38476849786144,0.8880518230554079,0.1117735089272655,0.4006366743619753,1.585930465776897,0.8324493963817665,0.1074803256340264,44612,Tcell_Act_filtered,Act
Tcell_Act_filtered_190,746.0146116425732,353.7496533315995,13.0233602080815,1.139741543748933,298.344598649069,3963.847075085382,71.43276032719098,1385.0548362259017,0.5348774432531676,0.4059122867233045,2.41561680002164,3.512950138021492,0.335327613244235,0.3233170136186862,17505,Tcell_Act_filtered,Act
Tcell_Act_filtered_191,12475.295889784087,78.96682100876598,7.598272657761472,2.3512381689502133,144.3385229974317,4419.780355627793,98.8562384750921,128.61537608573298,0.8283962090864745,0.1329484864174305,0.5108523809700583,2.0644179039773203,0.7692567030852941,0.1059252765792177,25251,Tcell_Act_filtered,Act
Tcell_Act_filtered_192,932.9469177533535,1.2515671704176805,23.416666861188236,2.216196608174523,412.0825877811328,4153.622831791712,69.3625614839297,1273.4317603277382,0.3984338861138637,0.4278250766044092,3.417905860587457,4.417317522179202,0.2361986495349244,0.2998687986697707,22751,Tcell_Act_filtered,Act
Tcell_Act_filtered_193,1043.3726404110007,486.9061214801403,11.261949108439868,1.251242002295797,323.0944782826423,4048.9253178008375,76.3554882614721,1329.1281684828043,0.5858073650957133,0.3853987663830498,2.094139554607993,3.236368197946571,0.3956503781383547,0.3247622277024219,20988,Tcell_Act_filtered,Act
Tcell_Act_filtered_194,3091.004581774302,216.8721709003569,13.564194372086934,1.90245001708524,570.7237449353437,2942.366088576412,84.41381517104017,641.6726904114053,0.6843827672380205,0.3335067177084737,1.5511566105578634,2.7108875147662475,0.5040470677635078,0.3064615134405529,28131,Tcell_Act_filtered,Act
Tcell_Act_filtered_195,8200.039997400105,1.240577353031697,96.20063340810196,33.4625204839896,4001.614247484772,2322.340587814825,67.20433010825305,762.4608746413851,0.6015494022160129,0.3764422812204111,1.991944456242798,3.160449097514339,0.4152300710637358,0.3290776768907348,122357,Tcell_Act_filtered,Act
Tcell_Act_filtered_196,8073.221579577344,630.1127595236362,46.91046558543294,2.7775283073054537,2392.4700619705027,4308.07288792012,77.13987623643894,1470.8989968495014,0.5868155852424801,0.3835044443366212,2.0802660852527546,3.2381445860515288,0.398629197688814,0.3295345987290867,167332,Tcell_Act_filtered,Act
Tcell_Act_filtered_197,6229.144307919035,617.8431722395093,36.39876910517478,2.307714174922502,1740.699081720941,4315.46000928974,78.15892989837566,1425.442257709115,0.5961851170126392,0.3813117251477977,2.0358658471806037,3.1777854493735758,0.4103967645917551,0.3302159617655515,123978,Tcell_Act_filtered,Act
Tcell_Act_filtered_198,6175.589669359489,605.7615771174068,30.85731470143055,2.5277175021582825,1451.9315985648857,4297.201500531842,80.96456833662832,1308.4431011333818,0.6202973040331164,0.3674361980510076,1.8855244673959897,3.0595821262130105,0.4366093428321671,0.3272945166118998,109076,Tcell_Act_filtered,Act
Tcell_Act_filtered_199,1450.8267414928428,604.9182193672776,20.829688806297035,1.2698357427133844,531.0477215842295,4117.569714217873,73.20477500074747,1546.141090852102,0.5727859072583216,0.3912729550948537,2.1743909587298758,3.305264700998495,0.3745621062735015,0.3360338792062737,35589,Tcell_Act_filtered,Act
Tcell_Act_filtered_200,3184.3253532234,441.70567824483726,26.514762252474625,1.435928987078336,801.8366921766476,4060.8633740646446,79.88449332856521,1169.717585997216,0.5912522578501089,0.3681018549226985,1.9817338198510663,3.279554715857913,0.4140851136372586,0.3122936085799398,53661,Tcell_Act_filtered,Act
Tcell_Act_filtered_201,4116.860136050166,437.847511640748,18.961250220622205,1.1292668228779317,732.7715396965594,3746.997900233035,84.89016097116838,937.8548085789984,0.6736723283914758,0.3366270078727791,1.5905611681901783,2.780788569591578,0.4967863014657223,0.3100394827575247,51594,Tcell_Act_filtered,Act
Tcell_Act_filtered_202,2074.297794867712,531.9022280868612,18.27856127089459,1.282493220925864,668.3475333226438,4114.482710626898,75.63128099528527,1404.9311989947955,0.57892148438854,0.3859085866317543,2.121851090357166,3.286144318271361,0.388009156600434,0.3306360067615468,43303,Tcell_Act_filtered,Act
Tcell_Act_filtered_203,743.4087526269383,404.13676218041934,10.540545375716087,1.1141116739036163,259.62625563484886,3989.14179192247,74.11593279433296,1332.081873405395,0.5529134419546755,0.3927795187661992,2.261214765765123,3.4488768395924523,0.3629493403390644,0.319494412356546,15892,Tcell_Act_filtered,Act
Tcell_Act_filtered_204,2170.457120871421,508.7306617816956,21.977759395814587,1.216338773747933,756.8659367281089,3950.3763863431054,74.14477589812873,1398.5758766595193,0.5801898784153088,0.3909107329788427,2.144655664493482,3.2511063814018226,0.3814302249405866,0.3308944305802443,46576,Tcell_Act_filtered,Act
Tcell_Act_filtered_205,2969.7527694202645,429.87647013274847,28.869627282258847,1.4199987710156527,881.0031903442431,3715.172757336669,77.12129255788723,1181.5097962887255,0.6080055290985769,0.3763063998640046,1.970081546602562,3.112097454311586,0.414559862059629,0.3296199931759179,53044,Tcell_Act_filtered,Act
Tcell_Act_filtered_206,980.746024889244,442.2828040999524,10.349957321661662,1.1203379456657208,291.3995803979433,4035.6020645222825,77.0938500131705,1265.3739033979246,0.5710566607119796,0.3783101139636889,2.108719810181745,3.385442464905084,0.392235713378989,0.3194300515514263,18709,Tcell_Act_filtered,Act
Tcell_Act_filtered_207,3934.916124666721,440.4734837077936,21.7519833410906,1.6322081457104152,706.9951966755856,3915.043321521686,84.7693084220501,969.6744993657016,0.6507883848415567,0.3343085359844424,1.6351507574214836,2.965845764941033,0.4822501934975954,0.3085553859190873,51527,Tcell_Act_filtered,Act
Tcell_Act_filtered_208,1658.2503571162392,479.2638021313769,19.745879385389816,1.2443547891489888,564.7801008562723,4038.9157097282978,74.59413572896463,1383.6241342967717,0.5724545513823044,0.3936851790840148,2.1890625944694286,3.2952583635992827,0.3817490416441989,0.3280030511184931,35628,Tcell_Act_filtered,Act
Tcell_Act_filtered_209,11834.67227618352,1.4020655613439907,148.97621526466543,51.85280528615372,5769.087423493114,2296.8625830252104,67.2280948961199,753.6682080416372,0.6003349599870194,0.3744872312534248,1.9856079672611109,3.179009611399736,0.4168967869972285,0.3219036329505476,177005,Tcell_Act_filtered,Act
Tcell_Act_filtered_210,2295.4137424322685,548.2570287498163,24.78270285968332,1.38530616950036,752.087645861087,4191.1337445664885,75.3211713454783,1447.27633154168,0.5718416021787583,0.3875223794481339,2.157104415380524,3.331871393586445,0.3851397831768566,0.3298100475949045,50261,Tcell_Act_filtered,Act
Tcell_Act_filtered_211,1076.1582374985803,439.86145942047017,15.961833233726123,1.183168185747873,400.2727028351045,3851.3231997953176,72.88916860922464,1364.7370998143058,0.5685937493501145,0.3948177404354355,2.210266823456764,3.3185219865256568,0.3737120620547128,0.3329984357189125,23982,Tcell_Act_filtered,Act
Tcell_Act_filtered_212,1148.9201733885443,484.9302536628751,13.819780759209122,1.095893511699565,381.0347224838783,3873.510079311428,75.09503557837881,1328.8548536388805,0.5897972512870918,0.3851193986682872,2.0784652978587954,3.2075257910986803,0.388550060366789,0.3278116804585805,23763,Tcell_Act_filtered,Act
Tcell_Act_filtered_213,3152.9975993059966,519.5714883019283,25.723951417997853,1.3775903340262006,953.6295370557966,4032.624445675948,76.77827800308525,1335.362879667715,0.5910550104957684,0.3821128379964045,2.057850653697683,3.212800482998122,0.403420942647178,0.3267274103142288,61719,Tcell_Act_filtered,Act
Tcell_Act_filtered_214,1000.2214382491112,532.4100418481311,14.633396628432187,1.2190695449846227,355.01708291309825,4170.84150144642,73.80408855198073,1485.5303251013736,0.5598402235458613,0.3897326215877484,2.215913419617733,3.412146762721257,0.3716417087309933,0.3317855787449629,23587,Tcell_Act_filtered,Act
Tcell_Act_filtered_215,4021.7089721243337,485.3014107435207,28.22086735937159,1.4708831522579238,900.5171169024364,4101.958667805794,81.70508423190923,1146.9658095436057,0.6243708664321672,0.3609773054466823,1.8402947861461132,3.057342889447927,0.4425153615116554,0.3172505147080929,64248,Tcell_Act_filtered,Act
Tcell_Act_filtered_216,4418.219560791434,575.5300290391294,26.25392864014625,2.0749010704242727,1014.8121593885814,4449.239603097721,81.32143871681727,1299.0832457621805,0.6052672863434228,0.3675606711871674,1.9330004784835064,3.1738854431383845,0.4317765099944992,0.3190928596957217,77942,Tcell_Act_filtered,Act
Tcell_Act_filtered_217,1672.4717545852866,538.3458949499382,21.738583946672527,1.2066961968434595,607.0287858630057,4051.6291697568895,73.37009686588512,1473.9298278580893,0.5731842138716826,0.3922731523129661,2.1784344272546585,3.2970659680202856,0.3794146711390652,0.3381433543896078,38871,Tcell_Act_filtered,Act
Tcell_Act_filtered_218,801.4343311955905,451.44592709980606,13.827043391820933,1.162646939639428,308.0821070537454,4049.8303969529256,72.2327586655808,1450.6180269841832,0.5437045494420739,0.3964194713087819,2.320823633402032,3.4994706825425785,0.3500745569856791,0.3211770713271038,19308,Tcell_Act_filtered,Act
Tcell_Act_filtered_219,2033.4502891034613,462.6534980646449,17.65584211048821,1.2322731881410398,543.689663589812,4044.236301401637,78.9033706523535,1218.2467468636964,0.5964232952353669,0.3755943582304331,2.004539366163135,3.203588401901876,0.4103986403765476,0.3172883622466678,36039,Tcell_Act_filtered,Act
Tcell_Act_filtered_220,2029.2576242055184,535.05671304702,29.339747271582944,1.2256129346808589,733.2359439532792,4168.093274707322,73.45746059267819,1499.356874108115,0.5619627381818013,0.394163054107296,2.232639076688374,3.3722696118096187,0.3670189307101401,0.3337595264216342,48360,Tcell_Act_filtered,Act
Tcell_Act_filtered_221,715.2871287221857,442.80678152623534,12.68689179437376,1.5127933589155,301.47516506187367,3991.083483946989,70.34949398645765,1494.8887785546228,0.5433510832104547,0.4032792376077732,2.3625197812202727,3.4636621735785225,0.3450072610947399,0.3327370155429699,18149,Tcell_Act_filtered,Act
Tcell_Act_filtered_222,1103.6130182784798,520.4518592348319,9.097378877820027,1.0203559643820266,358.0245262281574,4145.994504218809,75.50524563536678,1408.5196245086836,0.578369143527409,0.3903221132043235,2.1481676334138142,3.267864848445824,0.3846174442547247,0.3252648257852042,22994,Tcell_Act_filtered,Act
Tcell_Act_filtered_223,2273.2775996058745,493.8888274544195,23.40865427812156,1.181786953587341,728.9133790900169,4235.611521415498,75.72061923233656,1402.3559275913035,0.5603419058629775,0.3897763583527959,2.214177932548741,3.4080621267725686,0.3747188518287815,0.3215228229866587,47953,Tcell_Act_filtered,Act
Tcell_Act_filtered_224,7547.825214900133,535.9456322525209,49.17787685174017,1.6073386766081466,1822.511060447076,4254.124712508669,80.5502064505199,1259.1237871623,0.6060564210694548,0.3678179504227045,1.931834823708414,3.166624836199037,0.427996290147187,0.3194776914298526,131676,Tcell_Act_filtered,Act
Tcell_Act_filtered_225,1223.366471749313,484.6549340592681,14.797502050946028,1.3097161401301305,454.8219986292493,3983.294038764884,72.89803817287272,1432.8547686855322,0.5751578008503863,0.4026227295891774,2.22823710364446,3.228549743266856,0.3687327777432959,0.3322324331805535,27702,Tcell_Act_filtered,Act
Tcell_Act_filtered_226,5883.4182595584825,661.3501496660309,37.07275159199583,3.834236997515579,1831.8255196971609,4409.808970760858,76.25706235462734,1551.344390221047,0.5794238796604164,0.3919802169971898,2.1533661735135574,3.251437986646742,0.3872903705779065,0.3263946223560069,129884,Tcell_Act_filtered,Act
Tcell_Act_filtered_227,3050.447738272646,466.96704543748535,22.368699250596823,1.474656291710854,776.0631432023594,3899.675073972576,79.718778614757,1163.162160213698,0.6124725562317257,0.3640965100863295,1.8922565183744575,3.134520441671606,0.427166978144804,0.3242580907878139,50703,Tcell_Act_filtered,Act
Tcell_Act_filtered_228,3814.562146393249,481.0601567848988,29.51040832346079,1.2088055862120732,1007.4653702510994,3965.366012453408,79.10701739520152,1209.035573107695,0.6119993506162885,0.3730321810676513,1.940195377314752,3.0970682130331326,0.4228559469863412,0.3237040952665782,66326,Tcell_Act_filtered,Act
Tcell_Act_filtered_229,3191.9046006919693,440.6105074066661,20.12382270200525,1.277752476216356,661.7673692541568,3845.006471964665,82.82761546869781,1025.2264734086998,0.6479418039748409,0.3521540828709522,1.7300029933268903,2.915225866981756,0.4699016532709601,0.3159991111782551,45327,Tcell_Act_filtered,Act
Tcell_Act_filtered_230,1939.991133713366,546.572703152307,21.44798811187881,1.358646493562846,592.2978043433287,4072.24008310679,76.61018079564552,1371.219929070562,0.5867001712471438,0.3794471557607386,2.0586627869260536,3.259145756632309,0.3985359587014894,0.3264724333558088,40067,Tcell_Act_filtered,Act
Tcell_Act_filtered_231,1112.7196552900364,384.2035921206737,12.782545103161414,1.2783198766105404,303.55175189870374,3956.9010707342472,78.5668375173057,1149.9456477270433,0.5775533574747834,0.3710261055920978,2.044854833129287,3.371852659223116,0.3928147308326878,0.3129792018554502,19470,Tcell_Act_filtered,Act
Tcell_Act_filtered_232,884.1535950151571,353.10162318184126,13.314657029579047,1.2034976188264723,270.9135414513228,3844.3971369276687,76.54564545225594,1171.9624512852697,0.5634559159175091,0.3822385554404706,2.1593581261666177,3.423990147274593,0.3791021638603172,0.3107669362312493,16719,Tcell_Act_filtered,Act
Tcell_Act_filtered_233,6244.034655712014,625.2288155630623,51.13702670600304,2.487923427595625,2117.9538019107194,4231.99681220248,74.6716488231934,1538.7636798845658,0.5791770476416809,0.3949106251858248,2.170389117930632,3.238324267196988,0.3815082933436707,0.3334185932907023,142094,Tcell_Act_filtered,Act
Tcell_Act_filtered_234,978.3835284117156,424.8584531477189,14.039816395781685,1.1588116692742632,367.01220579320585,3828.535175283864,72.72087338599327,1353.351735710712,0.5595490077180447,0.3911638120098047,2.2252082795721724,3.4067232464258854,0.3658647856052149,0.3278295985506131,21603,Tcell_Act_filtered,Act
Tcell_Act_filtered_235,5835.191626511347,500.1069747476782,33.09834656158955,1.4973219246424188,1191.6268491674502,4142.421392685536,83.0417300049531,1117.7804878101017,0.6322979735259496,0.3541563503819196,1.7828851633463132,3.026350480414696,0.4595166416583204,0.3144522942103771,88240,Tcell_Act_filtered,Act
Tcell_Act_filtered_236,2117.477163970396,439.876528356724,17.701438913945683,1.3192474418115796,501.4135860411944,4234.584681073144,80.85397086384855,1166.4124569077244,0.5942615797824055,0.3658547684877854,1.9596621030049637,3.266986496193646,0.4180818906805391,0.3159139070554647,35183,Tcell_Act_filtered,Act
Tcell_Act_filtered_237,820.4949413102777,482.4544126520888,13.88311204763939,1.0703866334195715,313.07802112938015,3981.853888829439,72.38130834952356,1448.9427635958984,0.5662327294319022,0.39651239247506,2.2290095213293037,3.327432851903055,0.3706613469073719,0.3337412388551778,19670,Tcell_Act_filtered,Act
Tcell_Act_filtered_238,3693.3891524146734,456.9052229277998,27.66446813865104,1.162584247098491,919.6199269824428,4122.774772166813,80.06464086338565,1187.709483048383,0.5948871253479976,0.3702998232372959,1.9813858724810984,3.2408376856628416,0.4160552530222254,0.3142597619864565,62294,Tcell_Act_filtered,Act
Tcell_Act_filtered_239,3944.326575923362,567.0646083985182,43.34886878294032,1.450406527920844,1344.599880471022,4367.7683899830645,74.57707359788711,1533.3147335530791,0.5565799688498396,0.3951171220536906,2.259687613445333,3.4081296424702328,0.3681092597799418,0.3251642466687375,91664,Tcell_Act_filtered,Act
Tcell_Act_filtered_240,1126.408125349691,474.3541509334708,14.332893760678957,1.2861718987807145,385.8177950370422,3984.089130640949,74.48676220690795,1369.8011822135709,0.5691563821278169,0.3859823935836627,2.158668788202596,3.360418290102108,0.3807309199834464,0.3298756488055933,24218,Tcell_Act_filtered,Act
Tcell_Act_filtered_241,1297.5093201845048,514.3250119305105,15.818537741100648,1.1879593693629642,481.9545145275327,4199.642548796408,72.91574545511766,1512.4657944024586,0.5530412939552378,0.3975785868501535,2.2883136596239,3.421688013345873,0.3617153253888676,0.3291715166144106,30755,Tcell_Act_filtered,Act
Tcell_Act_filtered_242,8039.758429186542,609.8012573435406,50.74336762065723,2.33984188808018,2225.4279389667904,4318.934048200352,78.32062800271267,1413.9179529467542,0.5951160414109959,0.380150702117486,2.033313140691107,3.19152830702758,0.4081224890470827,0.327273975242777,159279,Tcell_Act_filtered,Act
Tcell_Act_filtered_243,1802.1996725529075,432.3095270550931,12.643235210543986,1.1516960005023142,342.6241252603056,3766.1701324558007,84.02553507613851,964.8759200752654,0.6486163438265334,0.335197263221859,1.6449878841443923,2.979149512246512,0.4786223800106514,0.3133348253018007,24242,Tcell_Act_filtered,Act
Tcell_Act_filtered_244,5684.021992676007,549.4603292221848,40.98207178071322,1.6139498951768765,1553.647754720124,4043.581135594288,78.5338678201078,1299.512920043136,0.6092323246485117,0.373110410101779,1.9494161318837515,3.117718302325845,0.4198609334369282,0.3305590750919984,105347,Tcell_Act_filtered,Act
Tcell_Act_filtered_245,1052.5724153195767,516.5005793877903,12.836231789934036,1.2353127318573602,386.1827611007474,4075.552092906703,73.15854931889216,1471.8016361041912,0.5586705601005164,0.3918243961915814,2.232470938388713,3.4099082804787955,0.3675797113059613,0.3279828834761673,24321,Tcell_Act_filtered,Act
Tcell_Act_filtered_246,4181.499414388241,552.8486630481183,68.93472106774414,1.7237205719018385,1319.3715762524089,4292.356850709532,76.01522416182405,1449.7613193089442,0.5693805347256555,0.3835335036518572,2.144128547596313,3.3714204034647275,0.3850440960396259,0.3294268685515203,95631,Tcell_Act_filtered,Act
Tcell_Act_filtered_247,649.489408810213,496.83958810454567,10.547182811416722,1.1384476383715894,268.18867470543887,3974.901362974364,70.77529914651551,1513.2927373096431,0.5572236455952767,0.3997317741405529,2.2834381946372067,3.3782504854273285,0.3635087128851109,0.3359533123248341,16371,Tcell_Act_filtered,Act
Tcell_Act_filtered_248,2980.9927658304614,432.3023546392086,20.406491816966483,1.454751727231954,537.9169350381134,4105.77007278606,84.71353399874572,993.8457484407784,0.6314761456359123,0.3389574994530828,1.7085922218550569,3.097327979337697,0.4653314114866086,0.3027704837792854,40641,Tcell_Act_filtered,Act
Tcell_Act_filtered_249,2253.749620904998,521.9069784306147,23.98374874893563,1.3809204603258844,764.54562036694,3930.893502184555,74.66962111881563,1385.4161809060042,0.5893903141411297,0.3872070335073444,2.091174961788961,3.200268781948832,0.3926316239603919,0.3359659180644198,47903,Tcell_Act_filtered,Act
Tcell_Act_filtered_250,880.6818928307542,551.8052844382785,10.99965911122624,1.2225667334438144,242.36794472596975,4390.236447660859,78.41877211315406,1380.185861053055,0.583968199280767,0.3730947297902142,2.033667948384233,3.311624312420505,0.409333662929458,0.3290400229787958,18126,Tcell_Act_filtered,Act
Tcell_Act_filtered_251,6815.889630152339,547.4692031598162,44.10589450209108,1.7252776916483794,1683.0461469444906,4151.339350693498,80.19697770302007,1261.1444120301153,0.6124306814327471,0.3673931432870923,1.9095201003129616,3.119754702668208,0.4283510143489303,0.3236902036953805,119594,Tcell_Act_filtered,Act
Tcell_Act_filtered_252,2264.4841428489103,512.6461625877332,27.04009710286482,1.4807031823408676,797.9569996511972,4159.557633027475,73.94376046686196,1462.8941508869991,0.5589058832759125,0.3937735479400378,2.242631845138475,3.3976389404478557,0.3691198597043323,0.3242586881599053,51410,Tcell_Act_filtered,Act
Tcell_Act_filtered_253,3201.601044835292,475.3400518572458,22.283616490286544,1.422009394459768,857.603453573478,3735.927813287111,78.87262260598935,1164.2167334774572,0.630366585516138,0.3695406174448399,1.8660321562387656,2.9739951725674847,0.4395844138978855,0.3304409672743146,53589,Tcell_Act_filtered,Act
Tcell_Act_filtered_254,677.4203399133313,401.342377322814,12.4110202979014,1.0488486126381735,248.780744811727,3958.171357006981,73.1396616874426,1356.7186744650644,0.5416449151492211,0.3875612196384481,2.277591172038956,3.565028056579542,0.3508217766711418,0.3253254028622507,15439,Tcell_Act_filtered,Act
Tcell_Act_filtered_255,1075.6812847922467,524.3449031336631,14.047291599859156,1.0208222160663056,422.0973721430858,4158.464075149611,71.81844125040766,1548.496332625536,0.5511112052842863,0.4017160223482849,2.320224668375721,3.413609568782465,0.3554462985489779,0.3256331643744777,26575,Tcell_Act_filtered,Act
Tcell_Act_filtered_256,2061.3036174545136,478.8449818200384,22.915306746633007,1.437024600879339,712.9156315174919,3677.735187426251,74.30211646820399,1300.892061166753,0.6072688397276127,0.3874302889252256,2.0307791723227155,3.0651052471068314,0.4020675236262019,0.3355132850165264,41936,Tcell_Act_filtered,Act
Tcell_Act_filtered_257,1388.7811505091229,496.3811811199327,18.474085994805648,1.0361323188757108,467.0045206385396,4008.418543766694,74.83521249791023,1380.1779204239876,0.5728683965012706,0.3859622284575081,2.144569219769817,3.332080885876392,0.3815704020845084,0.3252943792356401,30085,Tcell_Act_filtered,Act
Tcell_Act_filtered_258,1074.850402567774,486.1260010605869,8.949086303304956,1.114584478502015,278.9415417421874,4275.652336072484,79.3955383680196,1266.937500791906,0.5795627935650465,0.3657146442997465,2.008593168769945,3.382616521085451,0.3991520156856735,0.3193659001371582,19488,Tcell_Act_filtered,Act
Tcell_Act_filtered_259,3119.4630757296222,402.3541152651625,18.28238028941013,1.3187772850752195,571.3481742478457,3928.062912596696,84.51971299666616,948.1439559938742,0.6449271594771857,0.3417931627736917,1.6869524122551758,2.9809857947905782,0.4740279534020837,0.3061101495428469,40371,Tcell_Act_filtered,Act
Tcell_Act_filtered_260,2340.538976531252,455.64745418527207,17.306285836539207,1.1276566345847368,562.8750234224661,4018.585832567302,80.61333921268414,1146.3822316632884,0.6128126098453671,0.3643842831243822,1.8927012568777213,3.13059559560281,0.4328031266640413,0.3187457963297431,38027,Tcell_Act_filtered,Act
Tcell_Act_filtered_261,868.0950210025482,437.19738205315167,10.830263282747708,1.339812926908871,288.2741802259844,3890.1720564678944,75.07074903761529,1297.9981043055895,0.5727352661164583,0.3813557928195202,2.119466465388353,3.3568039048812293,0.3773007894576057,0.32804942329397,17680,Tcell_Act_filtered,Act
Tcell_Act_filtered_262,2490.653751115136,514.2656078760546,25.427099415381974,1.4288220996873475,851.9240504639113,4017.3948119235706,74.51296271813152,1407.109454143667,0.5789577566151175,0.3907251505631715,2.1481995324157657,3.261357525739295,0.3862661621442574,0.3293575918033701,53509,Tcell_Act_filtered,Act
Tcell_Act_filtered_263,5474.258894697506,563.945117086478,35.618787864698355,1.4494726330574357,1559.3043218068144,4165.392721099185,77.83052097764768,1362.367288159085,0.6017336294315019,0.381516633832665,2.0181773188783145,3.1348377339121667,0.4122183423280438,0.3298541874309963,105823,Tcell_Act_filtered,Act
Tcell_Act_filtered_264,971.8901463171992,472.2240913375599,14.505192273468104,1.1064887484028114,378.0108937649772,4025.770028374536,71.99714034282354,1467.3185729393206,0.5553527966162345,0.3990851942435318,2.287424562031657,3.395917492469325,0.3613336810860176,0.3314463559976057,23256,Tcell_Act_filtered,Act
Tcell_Act_filtered_265,1186.0377512513137,508.34445112382497,18.521962378510505,1.2686219382121924,458.4554289378207,4036.525224445503,72.12177986137385,1491.9384539991245,0.5577148844960294,0.3932303147278437,2.2443205337462584,3.409655989578241,0.3613865361048269,0.3373092148549658,28903,Tcell_Act_filtered,Act
Tcell_Act_filtered_266,1153.785574030298,445.4944866314989,18.270771987933443,1.2857313110239763,366.63560395239335,4058.735821469073,75.88591837172059,1316.7944515409636,0.5714055203930849,0.3866450043042572,2.153863113344692,3.339746387929196,0.3911387075169768,0.3251360559383707,24310,Tcell_Act_filtered,Act
Tcell_Act_filtered_267,1284.2870389481532,420.9895467853202,14.702859587882346,1.0304814576268249,363.43270430182304,3958.8195641798943,77.94329370691491,1201.3183228706428,0.593177540363218,0.3795550987617334,2.036761880993436,3.209169090323802,0.402130606192303,0.3218774792747827,23458,Tcell_Act_filtered,Act
Tcell_Act_filtered_268,9617.165050199745,553.1208837806896,29.88356280898842,4.321652302472352,1908.2523332530152,4213.122781720928,83.44309564013945,1159.103897591736,0.6400778802764872,0.3555429458496578,1.7681103833484806,2.96094445306401,0.4632917361393114,0.3155179930256938,144536,Tcell_Act_filtered,Act
Tcell_Act_filtered_269,1926.972358312704,538.1951513877653,17.37800653443401,1.1422353156090408,566.6426225395749,4031.69210096312,77.27625848855362,1332.048367919533,0.5991200069779226,0.378310090724988,2.009945261689248,3.1699904292141405,0.4087886787005111,0.3309294139407891,37750,Tcell_Act_filtered,Act
Tcell_Act_filtered_270,2272.87961875279,547.4653070005023,17.22773432791019,1.1613823348889332,608.3911043205844,4180.560279909514,78.8846254727626,1314.6069174604747,0.5972826932408526,0.372850741493354,1.9870335844543423,3.2101794135420647,0.4142113054517243,0.3233618279269255,42511,Tcell_Act_filtered,Act
Tcell_Act_filtered_271,11934.25496514166,525.4123828350522,35.2864023293156,5.17792881217454,1946.391879171728,4266.107184107108,85.97765723022394,1049.9454298406135,0.6585220448589545,0.3395387729094057,1.6412290067362238,2.8854046092695627,0.4920484075227943,0.3047813302853499,158900,Tcell_Act_filtered,Act
Tcell_Act_filtered_272,1939.7764757132916,424.5203492943169,20.767183863357808,1.2158210758173928,663.3737743177927,3757.376234916635,74.51650075481155,1273.8486537500994,0.5799860431447301,0.3867056211936703,2.122330765088303,3.2740002351086863,0.3819564075502787,0.3282361366915299,38484,Tcell_Act_filtered,Act
Tcell_Act_filtered_273,10250.201329967716,1.0135294083882211,116.69000660857806,41.51776832223794,4945.898419176141,2329.537937430812,67.4528431582927,758.8820205848831,0.6031337756498443,0.3776565272025784,1.9931201176869364,3.142645314155605,0.4148848983045772,0.328026021478792,151258,Tcell_Act_filtered,Act
Tcell_Act_filtered_274,808.3244266893827,435.7512967188717,8.487721742202375,0.9378981896244188,272.1211676938651,3965.091836059374,74.813987015311,1324.651463231064,0.5612546010341228,0.3821438414399252,2.1672902538429923,3.441585232326261,0.362686675446228,0.3290076653932902,16470,Tcell_Act_filtered,Act
Tcell_Act_filtered_275,3607.603702178253,491.4050297910118,23.09132194816457,1.370877485216326,718.6248069968492,4130.507983274143,83.38911582056326,1095.8922065645563,0.6350511996665533,0.3513780400407903,1.7612297085903474,3.017084391490774,0.4645022494894708,0.3143848717926468,53936,Tcell_Act_filtered,Act
Tcell_Act_filtered_276,3211.482337740837,472.1868966907215,22.505829687257997,1.2544922447883162,764.016130050316,3846.309342603549,80.78187839235126,1120.6298515372207,0.6374998132667352,0.3605263167520779,1.800143128882754,2.9593092228873674,0.4534177503653572,0.3266814497680846,50872,Tcell_Act_filtered,Act
Tcell_Act_filtered_277,1406.430988961523,515.1219874031316,17.881031637456196,1.1700402679077926,490.9573847449323,4213.053447554403,74.12457082859262,1471.9776231817648,0.5561859462223918,0.3904912037914392,2.234813940892423,3.4361501303430986,0.3685691737567038,0.3273776268752664,32235,Tcell_Act_filtered,Act
Tcell_Act_filtered_278,824.3717879004603,431.5064152377345,11.012010562009856,1.188624622527229,299.5409415227734,3856.148746080243,73.34838073446406,1344.2290504602556,0.5732766273072015,0.3957942847697409,2.197634226412294,3.2781042052515987,0.3801880516135872,0.3300495970063923,17799,Tcell_Act_filtered,Act
Tcell_Act_filtered_279,998.3328166917968,501.102980493977,19.06065973937692,1.2954172065484608,381.61711252773614,4132.8501922506175,72.34558265867155,1505.4415112152178,0.5482916507467489,0.3912140959925971,2.271187500289262,3.4930571474784657,0.3571299844835037,0.3360893059537099,25124,Tcell_Act_filtered,Act
Tcell_Act_filtered_280,988.0040271466391,345.799745353114,13.14736000024622,1.2235466525711325,313.4340569637352,3746.263231354076,75.91632972858716,1164.7561590213768,0.5747414022911723,0.3870581891727611,2.1436501294484533,3.3121339095597246,0.3743934526961315,0.32285495598731,18384,Tcell_Act_filtered,Act
Tcell_Act_filtered_281,3147.1620949102394,461.6536964066869,16.194327273219322,1.4199620523288017,534.9235573171426,4136.963618666599,85.47226740927239,995.5928937930856,0.6506570609446668,0.3352140014811567,1.6399104392068409,2.963251637185837,0.483405431798513,0.304961770257511,41557,Tcell_Act_filtered,Act
Tcell_Act_filtered_282,1728.030167267119,533.5253524707064,18.13231257694336,1.3998008718765846,594.568310797564,4132.22975529474,74.40072761552004,1454.7674948619033,0.5692505851404912,0.3883586099053504,2.171598732515281,3.3473209892805498,0.3782384413526995,0.3345163853515583,38340,Tcell_Act_filtered,Act
Tcell_Act_filtered_283,2104.309423195046,496.57095495764895,18.81433997610221,1.0181485780677564,605.6270885514273,4209.23167933403,77.65161338923329,1326.2907271873746,0.5786798421649287,0.3809941580379825,2.095704710018138,3.3128957586298173,0.3961780376698877,0.3220127211617854,40798,Tcell_Act_filtered,Act
Tcell_Act_filtered_284,2848.69416555713,542.4436322977199,28.9866806926444,1.0926080993662457,858.2583970395776,4228.575509696008,76.84733261225306,1395.8814853454578,0.5830221720470021,0.3844346467399037,2.098879845671107,3.2623587084694985,0.3966468634988216,0.3263159157452872,59008,Tcell_Act_filtered,Act
Tcell_Act_filtered_285,6117.938914505144,636.1380655954965,46.400421908170166,1.732760534912808,1966.375661677634,4231.261642304817,75.67665578636958,1510.5923480638855,0.5868802351504409,0.3889560679216451,2.109605236218196,3.210494421146807,0.3934318013337395,0.3362531362171336,134532,Tcell_Act_filtered,Act
Tcell_Act_filtered_286,2488.21163185782,448.57908351021,19.60556911002872,1.190071277146867,566.1596397789945,4090.299488082841,81.46395479042094,1123.610024108258,0.6082715667851405,0.3606574584658225,1.887328634516665,3.1826653449779667,0.4324868814922469,0.3108515533436646,39577,Tcell_Act_filtered,Act
Tcell_Act_filtered_287,690.7331024870398,461.4571852409045,12.72646663417016,1.0969919727634585,275.6186358560811,4042.7285084823952,71.47843534398262,1482.8918012066354,0.5454385959647141,0.3951427271662014,2.305994431658503,3.493276772994077,0.3505794420218559,0.3346185116721739,17263,Tcell_Act_filtered,Act
Tcell_Act_filtered_288,1040.8848117368498,470.392726405296,17.543702006089266,1.1289206475717597,413.0698124812214,4041.44884964447,71.58991033139236,1484.9329731338496,0.5496715027262995,0.4044125263214115,2.3419170283740574,3.4095718562171395,0.3573751803072569,0.3212000989429309,25683,Tcell_Act_filtered,Act
Tcell_Act_filtered_289,11873.58139328424,538.6291245047275,43.73736249061784,4.532986953424199,1874.224729455212,4484.554766157181,86.3670995013876,1076.5732409804389,0.6482638099020137,0.337098670947041,1.6552187233478082,2.974239094304906,0.4877901844341226,0.3027174606437868,162523,Tcell_Act_filtered,Act
Tcell_Act_filtered_290,1767.4352481168837,433.25875642979776,14.404839009650496,1.1539505851835952,376.859812140892,4021.809463241871,82.42500208457373,1063.9464683460333,0.6147364391430946,0.3532289444126066,1.829015785196119,3.166136271608822,0.4445373106307181,0.3097165965903406,26658,Tcell_Act_filtered,Act
Tcell_Act_filtered_291,1112.8135987452508,522.8656604246441,15.88087601219536,1.2801385954207152,407.6777309319583,4134.207940920279,73.1877635225644,1491.1472926807492,0.5511433363745599,0.3901440416534867,2.253256046075236,3.476900278756396,0.3612550311596321,0.3273447143173018,26446,Tcell_Act_filtered,Act
Tcell_Act_filtered_292,1102.7588361639562,410.5966505040254,11.175015304952137,1.1200918239579976,297.7702622800832,4156.427182804398,78.73873076890011,1207.0077649171496,0.5700826415836532,0.3741589040907583,2.089144090494199,3.4143658408933866,0.3987272326393377,0.3169136893643879,19726,Tcell_Act_filtered,Act
Tcell_Act_filtered_293,9148.992617478174,654.5990593810119,62.421306880771176,3.7316226401223,2721.087876003377,4470.23548079609,77.07607899122789,1529.292538608143,0.579625553976102,0.3875420615932553,2.128244151262296,3.272496087684658,0.3916560500434516,0.3274175407501074,198226,Tcell_Act_filtered,Act
Tcell_Act_filtered_294,999.8628521515968,422.7595445132586,14.606330353474409,1.300163757216392,449.67480279921,3727.022837497735,68.97805301825908,1447.8063514000294,0.5673765424489859,0.4093671283559421,2.296633616044873,3.250676484284201,0.3534031248603244,0.3379331506566435,24543,Tcell_Act_filtered,Act
Tcell_Act_filtered_295,2178.9433525351533,521.5548159940619,19.64511807711657,1.3733516761875324,710.8874177776429,4154.231585873303,75.40037897441668,1415.1795344687564,0.5726063569113626,0.3890318839257809,2.1626147387226764,3.3182298175036964,0.3787661939928479,0.3269822183507125,45981,Tcell_Act_filtered,Act
Tcell_Act_filtered_296,5963.527993238288,539.0796386457583,43.0016783704523,1.7902631826328068,1565.2527002363906,4165.471443938372,79.20974505748293,1293.01574018064,0.602181572946948,0.3716552866354934,1.9645495196673903,3.1783258892788235,0.4179463326320774,0.32479873840245,109081,Tcell_Act_filtered,Act
Tcell_Act_filtered_297,3551.1931584699078,464.9478384818851,21.139257676417703,1.2066724003825406,692.1883036336754,4067.4006465524535,83.68781336734843,1052.5866638875536,0.6384652763332865,0.3474796793660515,1.7323763921101667,3.007274121512636,0.4659940102895114,0.3123746098898566,50798,Tcell_Act_filtered,Act
Tcell_Act_filtered_298,5595.125173339327,510.153255988396,23.61526039359457,1.880314102256026,882.482512581819,4294.865801227899,86.37641309306422,1025.7668587668009,0.6629432613741569,0.3334500151859154,1.601048574832827,2.875252555909423,0.5002388512046999,0.3083890066887378,74016,Tcell_Act_filtered,Act
Tcell_Act_filtered_299,1828.2180957457888,502.5545390477655,21.07292268016348,1.204679332465077,607.0947284603789,4026.54728152056,75.07118090020852,1381.0443149085895,0.5743976461593813,0.3854241758020709,2.13587792972948,3.3231492219393277,0.3838568290312102,0.3314788648866959,38863,Tcell_Act_filtered,Act
Tcell_Act_filtered_300,756.4566734774681,482.7322600060809,13.129060771449392,1.058329032497073,317.1788124025104,3917.107554264822,70.45749543733247,1497.332738011596,0.5554915186848971,0.4007035752477587,2.2961270359719697,3.386054696714691,0.3530734492959463,0.3319401150425664,19148,Tcell_Act_filtered,Act
Tcell_Act_filtered_301,7311.798988039503,658.4469162276449,48.17772843568512,10.320709720101066,1823.7397531906345,5040.553959337451,80.0368669560799,1533.2527753706477,0.5585400262741854,0.3783788263753636,2.156366876002076,3.482749826779933,0.3886122833391386,0.308471901596001,152133,Tcell_Act_filtered,Act
Tcell_Act_filtered_302,7582.664997197525,542.6451219101522,46.9407419730292,1.755389996874572,1783.517936608446,4319.956628751863,80.95789982735572,1261.92456287577,0.6072480207086705,0.367239310038616,1.925010852142192,3.160168478606148,0.4279336129226557,0.319556912151605,131376,Tcell_Act_filtered,Act
Tcell_Act_filtered_303,1581.4417342523946,403.4275980600962,13.794071556168973,1.2141687756622337,365.5266116670882,3781.3939696310495,81.22585750132146,1037.611818216268,0.6273382358174048,0.3587192268960724,1.820132581851124,3.0445721284406098,0.4437732469344536,0.3161666836125232,23870,Tcell_Act_filtered,Act
Tcell_Act_filtered_304,2961.491236160306,436.78950351414,22.18630526712712,1.156740957615406,752.4663908701546,3912.725906833846,79.73949984260327,1141.0316039797394,0.6166493671641533,0.371955227486865,1.9200056374223515,3.066766493029001,0.4274108175336117,0.320165512176099,48484,Tcell_Act_filtered,Act
Tcell_Act_filtered_305,1832.2047101178568,501.6152070825538,17.666337093819592,1.5804594039056503,421.217226057618,3719.2212599675886,81.3076628351053,1103.0609791258846,0.6476917157563898,0.345749357774517,1.6991947873348954,2.943506361831074,0.4724670808779094,0.3328069068301822,29446,Tcell_Act_filtered,Act
Tcell_Act_filtered_306,720.7899435300856,507.97082333954455,13.032338993126562,1.543646987755014,319.3654872023926,4016.960146889497,69.2963688150438,1585.3579635618114,0.5516190245977781,0.4035104563069864,2.328443394690772,3.3998860212769046,0.3456327291167047,0.3382118640703062,19508,Tcell_Act_filtered,Act
Tcell_Act_filtered_307,745.0369542246397,473.183262790722,10.834881110243318,1.158327552794593,254.22220574501108,4408.572726430109,74.55893166366049,1474.3883855363235,0.5378570258253088,0.3896730670271154,2.306129392359668,3.582758862553859,0.35298272223957,0.322630258183471,17253,Tcell_Act_filtered,Act
Tcell_Act_filtered_308,824.5428462625608,540.2633081026265,9.952198751253862,1.2914255975407245,273.6579659563742,4423.007239562256,75.0812453504343,1507.794742053953,0.5491785753518279,0.3865370848192466,2.2404110611162267,3.511890692874845,0.3684088928971618,0.3229802758715171,18936,Tcell_Act_filtered,Act
Tcell_Act_filtered_309,2113.284141728898,556.6472670472465,25.368459238705707,1.2055969447391124,769.6127000510602,4143.99819936876,73.30418872789475,1514.3197016079057,0.5686594082558161,0.3966568069359545,2.220305884977296,3.308364884334239,0.3695849606866182,0.3339926023241649,49857,Tcell_Act_filtered,Act
Tcell_Act_filtered_310,11221.521411447286,516.0266708471784,29.19945285356125,3.9160110142603104,1581.6128354556213,4248.554386443678,87.64667459580676,977.117965356514,0.6864356866372172,0.3260670970793462,1.5120190074625182,2.722546422704923,0.5242800069948115,0.3069882471665668,136709,Tcell_Act_filtered,Act
Tcell_Act_filtered_311,8342.160041255182,610.5299825490497,51.76589692098745,2.671475896847326,2363.9298087781394,4265.965720348454,77.91976490118115,1417.6587873414014,0.5963029743737102,0.3812678143306772,2.035229066442354,3.177105105294204,0.4074959099385082,0.3292930661737167,166350,Tcell_Act_filtered,Act
Tcell_Act_filtered_312,887.3797904949356,598.733831356041,9.344071791486115,1.1407458527617025,185.49500224998903,4413.3457425685465,82.71047064351241,1258.2622775811992,0.6246683506220864,0.3468959658836275,1.7676646384928838,3.1166457971821377,0.4485408019691055,0.3296915703581164,15800,Tcell_Act_filtered,Act
Tcell_Act_filtered_313,2772.716973019566,440.8495722152662,17.303466423689443,1.3384437557579671,547.6276600409176,3869.36297317227,83.50690303084143,1006.3176120357008,0.6515118568109909,0.3476556718220506,1.698545255499936,2.906475626765765,0.4741696178209669,0.3120072951968496,38420,Tcell_Act_filtered,Act
Tcell_Act_filtered_314,970.3116090343816,450.6937515446655,14.92174403658346,1.2360353860353464,358.98352158219666,3943.298448042424,72.99444545353248,1393.891017949854,0.5672158738552595,0.3971983449967901,2.2289954462836645,3.3163920401581315,0.3672407204495628,0.3302635446734135,22074,Tcell_Act_filtered,Act
Tcell_Act_filtered_315,1281.5632086119283,426.8691375264604,11.079915317181468,1.2778338671273588,333.22635135159527,3911.118996328421,79.3641004615411,1145.8754380577288,0.6066970991393194,0.3722448915849655,1.9530211903271115,3.1410563635543247,0.4203372722020817,0.319660289324663,21444,Tcell_Act_filtered,Act
Tcell_Act_filtered_316,12898.125602859243,554.9212655320407,44.93239381301854,6.817130623506358,1943.1277127650903,4642.284764687541,86.90725323905471,1090.0694176757827,0.649316571892954,0.3347667686056428,1.6411035329396295,2.9754385584125336,0.4913340162574138,0.3034778781399536,176788,Tcell_Act_filtered,Act
Tcell_Act_filtered_317,4328.241465396979,600.4795634952808,59.04092469465034,1.8923977059555568,1645.2663441894435,4233.848337890369,72.45728311346504,1601.2080384706844,0.5553757161294022,0.3960745388771601,2.270074793131772,3.41211498491848,0.3592271286038975,0.3342786853682351,109671,Tcell_Act_filtered,Act
Tcell_Act_filtered_318,1765.45216503764,433.6440902623657,11.448453407035156,1.1692527695181256,350.6134730515401,3933.057361579633,83.43087914001826,1013.4661045771646,0.6320192716614559,0.3435916534586845,1.7304633736662087,3.073551483554006,0.4618860467921989,0.3108191658765292,24710,Tcell_Act_filtered,Act
Tcell_Act_filtered_319,973.4279697617797,472.5248031316095,15.690008416496044,1.1907488338125312,352.32770205715855,4157.967203326773,73.42438659351428,1451.9537277261848,0.5521473400553005,0.3955778670729251,2.2804845140103054,3.4394537815039814,0.361050367894477,0.3268020571471866,22906,Tcell_Act_filtered,Act
Tcell_Act_filtered_320,2533.0946358788474,500.2927710339552,17.055787961192898,1.3089624907720987,644.4529228659954,3739.5714214752575,79.71854359528267,1157.2656583505243,0.6396694278093822,0.3642077914888196,1.812357064696278,2.9270956938687203,0.4469849279041561,0.3275406041142458,41655,Tcell_Act_filtered,Act
Tcell_Act_filtered_321,7801.765135033596,502.2817638099591,26.541243120934265,2.6999891753447662,1104.585150141618,4327.520334541353,87.59778006957328,976.6962642155784,0.6680196817390379,0.3245170260712646,1.546316380447597,2.8701494890812507,0.5102265627589989,0.2994285207698293,96250,Tcell_Act_filtered,Act
Tcell_Act_filtered_322,11240.875718067664,556.9247908112437,47.02665938588303,4.672605844976519,1893.4561049417612,4551.625567409333,85.58391754938988,1132.804148420787,0.6401489213344486,0.3431394083134734,1.706238382433673,3.0123751182389897,0.4750537889317938,0.3082346623451584,163523,Tcell_Act_filtered,Act
Tcell_Act_filtered_323,1064.517895130886,449.7603877566383,15.060299006580063,1.251653034245276,337.4516515638392,4113.189397091082,75.93017249487242,1331.5414310762424,0.5594730061293225,0.3797494789015437,2.160569179982263,3.468164500708167,0.3775288811171998,0.3269679605088431,22255,Tcell_Act_filtered,Act
Tcell_Act_filtered_324,1764.354441074938,449.746973693307,12.980225625147966,1.4373333934322148,405.3023805858724,4080.0174323958577,81.31951668395074,1127.899041058702,0.6208932290252426,0.3637283160085335,1.864705773201324,3.071686501986664,0.4401123143141384,0.3185793791171956,28018,Tcell_Act_filtered,Act
Tcell_Act_filtered_325,1285.6183729746722,522.7738084588548,27.323701443708984,1.159828427936446,538.8837263792291,3893.7116624019927,70.46406652148768,1518.4117706014908,0.5653092539256951,0.3989487420403566,2.246369182711522,3.321483685559083,0.366111485111557,0.3423927458510435,33931,Tcell_Act_filtered,Act
Tcell_Act_filtered_326,1569.838700697136,486.3273515026796,27.02183703840708,1.4650327587289016,671.2529892183455,3930.13042108044,70.04794617556854,1517.8171005100328,0.5584431160423236,0.4044167759141581,2.3051561423902487,3.343678746347943,0.3531220978239436,0.3351919852328524,40344,Tcell_Act_filtered,Act
Tcell_Act_filtered_327,2508.515146954572,440.20024825299527,16.68100393451844,1.2483680820455156,652.9390423354249,3930.6376744222566,79.34687636634511,1161.0846052350942,0.6042221867804973,0.3694714884852999,1.946410277890636,3.172969603275388,0.4169963427343253,0.3192480994821975,41454,Tcell_Act_filtered,Act
Tcell_Act_filtered_328,1077.2436513194216,466.6314229394702,8.497912633732824,1.266104073601746,234.4711025020986,4307.46861848087,82.12484064702362,1153.1871921308846,0.6003538246874262,0.3549455000134393,1.8819345703269388,3.270817180898728,0.4294553701908797,0.3092529350603165,17371,Tcell_Act_filtered,Act
Tcell_Act_filtered_329,5563.7187921331215,556.948352197454,41.13986810707109,1.5541416766801446,1776.2556240549463,4028.133582450324,75.80024774830993,1396.9665781159058,0.5972022747044484,0.3875373742758417,2.065581172790356,3.1398744294992627,0.3994133585490683,0.3357232120539746,113837,Tcell_Act_filtered,Act
Tcell_Act_filtered_330,10066.960292923428,565.9474971229489,30.89667702437566,8.893016898591128,1514.9557734344646,4787.278711224745,86.91964468785115,1118.1126188301105,0.6420351452482898,0.3387660521614331,1.679543313236171,3.015783493503418,0.4850611461747244,0.2985160277056923,140170,Tcell_Act_filtered,Act
Tcell_Act_filtered_331,1746.3425850513825,525.9771246227289,19.15698606017963,1.3571893243820574,613.5231635272032,3975.033583662937,74.00177684274007,1422.6705196638895,0.5859171968134427,0.3936922795548844,2.138802980661674,3.1939873058556287,0.3888458546060537,0.3367762067945063,38394,Tcell_Act_filtered,Act
Tcell_Act_filtered_332,3672.453776798549,532.2471038664711,40.98848507301754,1.3313707493147644,1331.1013227513522,4190.919269069239,73.39688888664196,1505.5677252488656,0.5597501573672957,0.3995223119558452,2.271940435795226,3.360304234777626,0.36481428306414,0.3252834395199993,85452,Tcell_Act_filtered,Act
Tcell_Act_filtered_333,6844.561582030764,568.998716624706,36.73695149296457,2.277961767512372,1465.547125868149,4315.215734943955,82.3642845432922,1229.6708903662511,0.6247545527452166,0.3592956561231024,1.8305966543874983,3.0618289844733924,0.4489395238175954,0.3199070590214693,112968,Tcell_Act_filtered,Act
Tcell_Act_filtered_334,1145.8130523212844,439.0321927842655,12.347876145238391,1.2018911077028072,272.3582254235781,4154.572106231915,80.79511059787681,1152.5975238536305,0.5938186399929031,0.3613499658987791,1.9369763555945585,3.291946801238641,0.4260073324701147,0.3142510695049917,19422,Tcell_Act_filtered,Act
Tcell_Act_filtered_335,732.0543344391405,413.2484203335338,9.797085147729453,1.2066997369517818,243.7706379993136,4071.027568326568,75.01902032798321,1326.997485740942,0.5494407702436477,0.3862782068601611,2.2378421609741874,3.511266763056452,0.3611910868018441,0.3205765271588949,15312,Tcell_Act_filtered,Act
Tcell_Act_filtered_336,2348.9400287661733,448.4035120842317,14.03627358973634,1.3932986011904571,395.1369784093251,4193.764350854254,85.60036845263163,987.7216729865409,0.6376007577558556,0.3328186231773751,1.6615328130460223,3.0747864706914947,0.4792842682017206,0.3036263306967957,31137,Tcell_Act_filtered,Act
Tcell_Act_filtered_337,2969.3255567253573,570.7650161487687,23.65818684242146,1.6966092746165358,853.3546982481496,4309.188459507889,77.67653475234057,1405.310674337395,0.5850428489713775,0.3826270231201238,2.081795622224038,3.2560080812084085,0.4018399041812819,0.3262636600638602,59932,Tcell_Act_filtered,Act
Tcell_Act_filtered_338,1160.7005070917685,464.75593204261753,18.811830879516293,1.1465770961885156,459.8677798519075,3938.324133484648,71.62305448299257,1450.4484880619175,0.555961823301279,0.3962767300325166,2.2688392538345163,3.406555031685003,0.3607664184569514,0.3344186670341068,27944,Tcell_Act_filtered,Act
Tcell_Act_filtered_339,5514.532712462532,578.0438098333601,36.52360916419085,1.3333283176399664,1604.7134043639735,4296.645097754431,77.45950374476877,1416.23499388419,0.5882368497134245,0.3833756159990655,2.074542741648276,3.2279821269953137,0.3995884691252226,0.3288811626163913,110890,Tcell_Act_filtered,Act
Tcell_Act_filtered_340,961.8841670878662,464.1552331877153,13.942132745400157,1.1618612842780385,339.4288533537231,4077.26593333506,73.91643301635906,1406.583382853746,0.5593674425761458,0.3946900224283661,2.245996576748363,3.389197241740371,0.367826623280401,0.3257831303604844,21621,Tcell_Act_filtered,Act
Tcell_Qui_filtered_0,2459.494743145852,536.1538089779467,41.51446984180966,1.5389724189300864,1130.3659218525763,4473.576766369206,68.51226196955832,1775.9592349517754,0.504956025510708,0.4143059935224383,2.6116668973305104,3.690131779580364,0.3149046458002508,0.3226208708385589,73124,Tcell_Qui_filtered,Qui
Tcell_Qui_filtered_1,981.057590061292,424.2869317265241,27.290741291101696,1.2113248057191317,616.1158139109999,4544.018657927456,61.42461348412935,2013.489368525484,0.4515760821774707,0.4325198008537542,3.04877370648447,3.9726066017155808,0.2607263381370914,0.3226001602823514,37982,Tcell_Qui_filtered,Qui
Tcell_Qui_filtered_2,1545.2964963116085,497.1885044488096,38.13197464696705,1.498454242302778,927.394687582906,4587.363905154943,62.49452039852992,2031.2284050249948,0.460250495225645,0.4311630780222636,2.9819298776557286,3.916964607693484,0.2742180121643006,0.3182270987764117,58399,Tcell_Qui_filtered,Qui
Tcell_Qui_filtered_3,1783.5701824004775,557.617459734616,39.60212307699685,1.118315009215372,972.0543441122416,4585.231511118717,64.72471721891698,1978.369705690992,0.4784657735549273,0.4227525767762302,2.812454558614275,3.8370396406708527,0.2889240761554346,0.3249835134205318,63093,Tcell_Qui_filtered,Qui
Tcell_Qui_filtered_4,3184.92648297031,555.5488393675926,52.4404457696128,1.2047399522464552,1388.4653644692871,4427.990828707711,69.64035860503367,1731.2083405593523,0.5194422529325115,0.4099197380232213,2.511954012559192,3.606696809433855,0.3297284059493948,0.3290612424328871,91105,Tcell_Qui_filtered,Qui
Tcell_Qui_filtered_5,2283.007938677973,600.9238552654127,41.9548725886008,1.4176232271821003,1171.490951727761,4525.168097373211,66.08796271489992,1931.715025807402,0.4987907996931536,0.4214167939266916,2.6893265030803337,3.691985375340459,0.3096704539945657,0.3289725673071483,76038,Tcell_Qui_filtered,Qui
Tcell_Qui_filtered_6,1479.47202516399,507.98734010803935,39.499891852038985,1.6846314509659368,899.3309781177036,4477.729756835211,62.193969955602654,2008.7893508611,0.4710903945895005,0.427456674839645,2.8882712761586324,3.861008061531434,0.2742868462885209,0.3257415992131908,56286,Tcell_Qui_filtered,Qui
Tcell_Qui_filtered_7,1911.4904343213784,514.39828853157,46.43830046238861,1.4141257258515136,1117.7601633262095,4373.58960479349,63.10109951965599,1938.3974516651344,0.4839976822869267,0.4260064710155457,2.801709104510301,3.773518880779201,0.285553883848802,0.3261908958069839,68879,Tcell_Qui_filtered,Qui
Tcell_Qui_filtered_8,2444.583177700172,542.934323192868,42.95197923420421,1.5573524799400746,1084.526775737989,4520.727290191338,69.26911345787309,1765.3453667618714,0.5061389815759157,0.4114857943930357,2.587826686884978,3.6986890733283295,0.3210691639838407,0.3222734419824921,71917,Tcell_Qui_filtered,Qui
Tcell_Qui_filtered_9,2206.639655360576,479.5334052584729,39.03539436267049,1.4763323389018326,1019.4050530045756,4459.035693928241,68.40077726259489,1737.0251972953674,0.505495206065473,0.4192752597519062,2.6401726190460164,3.654995379979424,0.3081192614251368,0.3236340735799575,64816,Tcell_Qui_filtered,Qui
Tcell_Qui_filtered_10,2664.558505488782,531.3152001209977,43.8495156991159,1.575820287968146,1147.0088417987438,4475.355733941635,69.90716056440654,1718.188985238365,0.5131422921303268,0.4109704746213477,2.549311701799766,3.648337853613541,0.325449718773892,0.3266507588144118,75428,Tcell_Qui_filtered,Qui
Tcell_Qui_filtered_11,1261.84613564772,504.0841947752287,39.943239555764535,1.2964964261140253,872.5091006416891,4559.77045833839,59.12071777898827,2162.0196284560184,0.4497181604719527,0.4321812316654985,3.0589727245581164,3.989066048250199,0.2575492450783875,0.3263498564594769,54569,Tcell_Qui_filtered,Qui
Tcell_Qui_filtered_12,1258.892038750769,478.8015729826216,39.872308917363725,1.3980254702583708,895.7477661978014,4495.304594818879,58.42702969932451,2148.5811813763426,0.4473609235699313,0.4363898412589636,3.105036523852519,3.976166174369807,0.2526021076325345,0.3204984767231453,54745,Tcell_Qui_filtered,Qui
Tcell_Qui_filtered_13,1377.4615846864936,502.93206013495086,38.61008900217229,1.4575892462867697,891.888746490071,4592.742423496102,60.69849885065285,2110.288927097453,0.4481085846449185,0.428287209254959,3.042299511845901,4.029606325753472,0.2619528542636979,0.3197894642229404,56077,Tcell_Qui_filtered,Qui
Tcell_Qui_filtered_14,3068.0377857635667,524.8453193038162,52.68459677606432,1.543798927482201,1411.2841383024336,4464.070946376197,68.49335318544435,1765.9632248539765,0.5049642607422369,0.4150115416362895,2.616071806528097,3.6856591577950577,0.3135772234842737,0.3242669470570085,90982,Tcell_Qui_filtered,Qui
Tcell_Qui_filtered_15,1364.7914766574902,523.8790955662538,40.63627280236723,1.3712310229480325,877.5049413646667,4568.285495610697,60.86579212668591,2106.6255034012647,0.4595896980347835,0.4318049410035001,2.9906628066763146,3.917405495780191,0.2649781960726788,0.3210884967531164,55844,Tcell_Qui_filtered,Qui
Tcell_Qui_filtered_16,1328.0995191942504,499.4575965499975,44.37557885584808,1.670699650741564,912.8549490787688,4403.181041146906,59.26490421814522,2089.643080765269,0.4576874018679955,0.4281750535067689,2.9778480244860885,3.957488640496222,0.2635391054655804,0.3271418232194431,56276,Tcell_Qui_filtered,Qui
Tcell_Qui_filtered_17,1341.3762447666677,471.1449923101928,41.41533746242196,1.3182616497628397,915.5175019435468,4489.518233650931,59.434621001628415,2101.213327229212,0.4528552011775235,0.4328510332028513,3.0424904639512897,3.9605913845818574,0.2543697915435177,0.3275893184076467,56225,Tcell_Qui_filtered,Qui
Tcell_Qui_filtered_18,1486.988830767263,431.47119408809857,49.869120272711335,1.4090042029791892,1033.1202651691303,4342.529784065765,59.0049388403459,2034.812055039348,0.459556276919914,0.4347391855661424,3.011204233889904,3.896940219279629,0.2594682038553333,0.3285487900526792,61943,Tcell_Qui_filtered,Qui
Tcell_Qui_filtered_19,1271.3919448412198,533.4873641540986,41.13752607949984,1.393844481718534,901.4046676743732,4541.012705321537,58.5140798507249,2196.0461271527865,0.4550800629553864,0.4373352083173548,3.0589808632708406,3.911836221830034,0.2587776264394889,0.3215116956982398,56389,Tcell_Qui_filtered,Qui
Tcell_Qui_filtered_20,1327.2470647910704,501.01472323317233,41.69569100275167,1.3358928747131766,919.3120439152876,4433.2521538787305,59.07910722880301,2110.1213857365133,0.4615453701080587,0.4363166958092299,3.009106509953888,3.871034698028374,0.2661061547251339,0.323930909715104,56295,Tcell_Qui_filtered,Qui
Tcell_Qui_filtered_21,1345.3697114256872,478.2898168826084,41.75707048041142,1.3171129803543455,935.7417968810676,4454.705157697174,58.97869115676598,2109.467434727888,0.4658593353617511,0.4419679668128226,3.0198551909199662,3.799854746609524,0.2623322024021688,0.3283013217707212,57014,Tcell_Qui_filtered,Qui
Tcell_Qui_filtered_22,1349.6320654053409,517.9569554063212,39.97699446213674,1.3060205816328454,898.6613633149431,4570.55760592912,60.02917804966159,2137.8147457850446,0.4555562069148272,0.4342980425861479,3.034562111262947,3.929960984674002,0.2615475488848695,0.3207064175611336,56525,Tcell_Qui_filtered,Qui
Tcell_Qui_filtered_23,2755.301497254782,544.1744481837412,52.4390042402804,1.31285453328735,1393.0651671050343,4462.825402681311,66.41894799046135,1860.0986632858533,0.4970812848419705,0.4188198892753266,2.681945898025907,3.721455677559733,0.3048119542804493,0.3251966682797677,88835,Tcell_Qui_filtered,Qui
Tcell_Qui_filtered_24,3273.465108390075,616.5498373413192,49.1590348606274,1.5761760236487163,1529.1917888606192,4377.854029007483,68.15946211489701,1814.1693234627512,0.5206832301654876,0.4097697126719777,2.505049962156961,3.598153489418162,0.3245966970606883,0.336153490793571,98480,Tcell_Qui_filtered,Qui
Tcell_Qui_filtered_25,1398.6344501186231,482.09663231306536,39.02256649712707,1.3863167807750572,908.0638416375313,4563.622695194488,60.633610174211526,2088.846093068122,0.4524488087782369,0.4328548269923704,3.045249938575444,3.9636214480997256,0.2613188647993585,0.319872888753247,56483,Tcell_Qui_filtered,Qui
Tcell_Qui_filtered_26,1365.0590688459736,477.476843289888,41.30485068687771,1.5053814989067982,920.24480298245,4487.60667663587,59.73205951617361,2092.2735379058145,0.4503534856188531,0.4323900491869558,3.0561332761658058,3.98275969091908,0.2576946532655456,0.3209250979988803,56608,Tcell_Qui_filtered,Qui
Tcell_Qui_filtered_27,1336.5238936597607,508.42104392176304,38.88339192792765,1.434966954447793,900.2013072849,4639.825259438388,59.75360286079362,2171.1623919244976,0.4551264330887549,0.4384478329583048,3.0664507631283078,3.9035519968477694,0.2571563825015884,0.3217148271417107,56744,Tcell_Qui_filtered,Qui
Tcell_Qui_filtered_28,1426.8255875936777,426.6098055195318,40.32511987145924,1.430529552972498,926.367721525228,4464.081065467865,60.63359019697012,2016.0172873903464,0.4539071818623036,0.4359514414453016,3.0571812752284173,3.93046093933056,0.2608498939718924,0.3212349408347751,56089,Tcell_Qui_filtered,Qui
Tcell_Qui_filtered_29,1432.669070910814,506.1537640551521,38.5345804184787,1.6087703051554598,900.6127659511831,4671.876570939049,61.40145816407646,2114.062024438841,0.4504243262957713,0.4299218284246192,3.0382099785593333,4.000099283400331,0.2663540260143058,0.3199328008104805,57462,Tcell_Qui_filtered,Qui
Tcell_Qui_filtered_30,1463.442219313732,518.4829702813926,39.46989516073852,1.4846288241894825,871.4159812462696,4721.8683028487285,62.67799127855963,2087.270810697919,0.4453059638381924,0.4222626352432447,3.018382466864613,4.095344771255918,0.2688369862329275,0.3144720000906752,57042,Tcell_Qui_filtered,Qui
Tcell_Qui_filtered_31,1359.0574876892165,519.2353279866428,38.31631606293234,1.4590340722961377,900.1950873314895,4546.7202206522325,60.15518152842032,2123.979372439542,0.4589964565010452,0.4333503552718613,3.005245472172339,3.910935980234847,0.2643440965570927,0.3208688840935996,56137,Tcell_Qui_filtered,Qui
Tcell_Qui_filtered_32,2199.446779007717,3.343611234252951,54.422779688398485,4.094596302163743,1202.0416691805056,3563.0866804089687,64.66130379420326,1261.3104001568104,0.4630474191741607,0.4410944233668111,3.032188710793475,3.8265086001398014,0.2605600990837065,0.3256731287523674,56294,Tcell_Qui_filtered,Qui
Tcell_Qui_filtered_33,1319.9908113807362,497.34007333404776,37.56315266200146,1.2077824407546929,901.4855186789306,4609.448997195423,59.41953076516834,2166.053170084381,0.4472272438552367,0.4339950423013331,3.088919881723104,3.9946363687135378,0.2558207970894587,0.3195213977854457,56051,Tcell_Qui_filtered,Qui
Tcell_Qui_filtered_34,1280.839134318456,536.2643830756374,43.86354022070198,1.4498258653148894,885.5296951347344,4521.60192316105,59.12377970475833,2165.3197354699164,0.4611289187762305,0.4370889907517933,3.017155099871453,3.86870117755786,0.2644456414002811,0.3290084428912648,56150,Tcell_Qui_filtered,Qui
Tcell_Qui_filtered_35,570.4231696617744,462.0095113386616,16.82030435081202,1.205811297244222,381.9707771671596,4536.0301764643245,59.89361561579013,2095.951899186103,0.4571642696088275,0.4374847795368635,3.046076424578717,3.895301237391662,0.2650782748595278,0.3233719649711039,23534,Tcell_Qui_filtered,Qui
Tcell_Qui_filtered_36,1366.9424154852277,508.8502631446592,39.33338244005908,1.4148660592370117,863.3640253525582,4640.242855459789,61.289443928241226,2108.1353091372957,0.4485092706977914,0.4280456879290179,3.0378675115046856,4.028308495741622,0.2660671076449825,0.3205121184599094,55316,Tcell_Qui_filtered,Qui
Tcell_Qui_filtered_37,1392.3927635696953,494.3158451725161,40.08606866125694,1.4491133175323785,890.2202465094186,4567.659021334555,60.99994862998857,2082.921776352567,0.4612200171028987,0.4343963069199592,2.9979756707632763,3.8869419961618528,0.2685700296702219,0.3220325039417262,56055,Tcell_Qui_filtered,Qui
Tcell_Qui_filtered_38,1281.1869390473146,492.1542719747387,40.81035869162495,1.6524287495531962,888.104636190878,4561.267244604499,59.06015372353243,2158.042867785163,0.4464764937062315,0.4327099027356846,3.084951656626767,4.00968456422554,0.2565952067358943,0.3219808148047072,55417,Tcell_Qui_filtered,Qui
Tcell_Qui_filtered_39,1325.9893514813805,506.55055834793416,42.92298232510099,1.5508348155156009,903.7583467684713,4439.432809337731,59.46813410872275,2100.6211179809643,0.4604132122860898,0.4324467725878467,2.989750930028728,3.906694799926556,0.2677043836874536,0.3274975731004755,55971,Tcell_Qui_filtered,Qui
Tcell_Qui_filtered_40,1313.0468853726504,517.361531507912,38.45208346637322,1.5367118805331448,873.5790261988102,4614.530078008967,60.048995048677725,2154.221540384568,0.4479431523526219,0.4330742283593857,3.0774397959697297,3.9959614306601696,0.2608650535176176,0.3185420326048397,55215,Tcell_Qui_filtered,Qui
Tcell_Qui_filtered_41,1281.302088862177,516.1549395818687,43.26165801319074,1.4690273390682351,893.5273411031573,4439.637063809796,58.915061163329966,2128.115170588595,0.4600186606542309,0.4352925592368249,3.012006617085271,3.889590343954563,0.2618843261087674,0.3255457716250441,55461,Tcell_Qui_filtered,Qui
Tcell_Qui_filtered_42,1245.3503584627288,532.6648480323366,39.60269455486229,1.4875137872271025,871.136325034641,4648.030898558666,58.84045329332574,2226.5308597493367,0.4501236936647022,0.4336870850452844,3.0668655887947054,3.975097789333689,0.2560544516659834,0.3281384992300831,55404,Tcell_Qui_filtered,Qui
Tcell_Qui_filtered_43,1370.1678063489069,468.6115464594542,42.525591570259685,1.435508594571992,916.019460523508,4441.2560257905125,59.93243975255558,2060.3532666322008,0.4628806385217184,0.4378102542733972,3.010696940207465,3.8506822841696073,0.2643314925014445,0.3216449449032718,56178,Tcell_Qui_filtered,Qui
Tcell_Qui_filtered_44,1335.6370808544686,529.5344985565189,39.57982955517408,1.4200414543642792,871.9155031767654,4615.422236911976,60.50306980300548,2143.334726502332,0.4506041514193214,0.4284387609566008,3.0265210120070867,4.0094752933364255,0.2647258592968518,0.3206805584813092,55662,Tcell_Qui_filtered,Qui
Tcell_Qui_filtered_45,1318.3201280208032,497.0504810122416,39.02092622410739,1.4590764360070223,902.1863433125812,4612.159514110361,59.37024480857153,2169.009207020367,0.4457036293394401,0.433420634300024,3.095376920717815,4.010309821017989,0.258939959024239,0.3240762005503121,56384,Tcell_Qui_filtered,Qui
Tcell_Qui_filtered_46,1252.5237665359125,527.6841570359389,39.48120857159877,1.5693320900291363,874.1475984292928,4575.794639139991,58.8959717599059,2191.620632790198,0.4518834774025213,0.4358241576482119,3.0699758887970074,3.9464786931270086,0.2634227896554462,0.3251392569563439,54922,Tcell_Qui_filtered,Qui
Tcell_Qui_filtered_47,1378.8669818235533,458.45617020808686,40.39974125719112,1.3256153575028309,903.0636926305118,4469.448357191421,60.42545451795712,2045.7880975269927,0.4584734266583031,0.4357553350742482,3.025371222110972,3.897829503280685,0.2650057300402418,0.3210523309554292,55320,Tcell_Qui_filtered,Qui
Tcell_Qui_filtered_48,1329.4820662058048,460.66445732384034,41.78571275010584,1.4594962364559172,899.739768829733,4448.540093455646,59.63884102115886,2070.2172827014697,0.4545568869132608,0.4328879710491274,3.0313592151398554,3.947531765419764,0.2533201991135776,0.3221791398470727,55053,Tcell_Qui_filtered,Qui
Tcell_Qui_filtered_49,1300.2239507057009,572.5659094275509,36.85171697817774,1.4059032261786395,848.2046397470439,4759.238718109738,60.51976577130268,2225.474140684459,0.4477712925491418,0.4263224002784517,3.0306238244458563,4.04653062347799,0.2617072564333133,0.3233621203751413,55489,Tcell_Qui_filtered,Qui
Tcell_Qui_filtered_50,1308.3723328269289,504.6338798729582,39.99170105632491,1.5279890813972374,892.9338088518273,4566.414255039037,59.43618236712594,2152.247063903196,0.4492376801615732,0.4318175739864582,3.059667719287352,3.995334305977029,0.2511855575585245,0.3207750345816336,55825,Tcell_Qui_filtered,Qui
Tcell_Qui_filtered_51,1305.9996038489312,511.9754402138917,40.95570432833252,1.293170733705549,892.0404528644073,4549.697983798401,59.41655157102789,2150.6224863944926,0.4527228713167801,0.4315910276022718,3.034520665466818,3.970651357998571,0.2567683117628679,0.3264088127165734,55923,Tcell_Qui_filtered,Qui
Tcell_Qui_filtered_52,1894.0495204497377,499.5097777316142,44.622572057241214,1.1646973722524174,1077.391252096782,4458.154992075788,63.74178943592204,1934.84369503332,0.4763590942391648,0.4264586371841046,2.849656948000096,3.828030711378851,0.2795962719683194,0.3202286015425349,67217,Tcell_Qui_filtered,Qui
Tcell_Qui_filtered_53,1351.2339772198482,473.395881527042,40.17970826112829,1.332491264727696,902.7841995235308,4475.262670180699,59.94778530012213,2076.2321597217124,0.460778125239479,0.4368953910085391,3.018114675341268,3.872662321227681,0.2629414587424374,0.3234232977419198,55372,Tcell_Qui_filtered,Qui
Tcell_Qui_filtered_54,1302.619748636445,493.8663033233508,37.44856016760165,1.5736336772985198,888.0261972535498,4581.953121709616,59.4628151153485,2151.061615137658,0.4463096366678574,0.4315192611157681,3.077613289226247,4.019661503110588,0.2573294273152233,0.3220328229410776,55048,Tcell_Qui_filtered,Qui
Tcell_Qui_filtered_55,1333.7746737469504,449.6132729157575,42.067162934987294,1.4187101057106666,939.1253854022732,4359.659327264097,58.68162431419003,2065.1807911395936,0.4667384229356013,0.4396888184137446,2.9986238729883867,3.8091973499664777,0.264754132665871,0.3324317678579646,55958,Tcell_Qui_filtered,Qui
Tcell_Qui_filtered_56,1448.7529509785545,483.2271623955708,44.3934149630483,1.4223230805768858,993.6005316363515,4528.704038505498,59.317906326460445,2129.011854675993,0.4493323819332046,0.4309159861673598,3.0526359556275744,4.001166743997669,0.2524703073002701,0.3266747881858413,61405,Tcell_Qui_filtered,Qui
Tcell_Qui_filtered_57,3856.20500583188,573.8630915836626,48.9332118616295,1.307170079548169,1425.9154279229574,4493.114266078618,73.00486715882519,1631.87015251788,0.537448618462408,0.4012167432724506,2.3762505195651134,3.520286222256924,0.3494110040781013,0.3236760370363382,97692,Tcell_Qui_filtered,Qui
Tcell_Qui_filtered_58,1041.88090189829,510.18608902714215,30.90955860347485,1.4992324931673844,691.135817394256,4531.360974294654,60.11949511506201,2113.850935578152,0.4571094270638547,0.4317387145234015,3.006428941179605,3.9365311759912873,0.2663678650202705,0.3226164121213649,43198,Tcell_Qui_filtered,Qui
Tcell_Qui_filtered_59,1194.904300863237,496.99839493859577,34.35128580832384,1.2845708887571454,788.8685739523789,4605.071348175243,60.23392677825071,2130.61769352556,0.4546475972667042,0.4367210601165809,3.057590797257113,3.919438089773366,0.2647301210739048,0.3243912767128847,49528,Tcell_Qui_filtered,Qui
Tcell_Qui_filtered_60,2922.765003245865,508.3471683228076,46.65819904005152,1.5910003308483922,1224.948786701919,4344.845752529284,70.4668921546455,1641.3844326820042,0.5212372115005439,0.4081391005122978,2.492429699276922,3.603684883778139,0.3308719751662712,0.3238392030367484,78821,Tcell_Qui_filtered,Qui
Tcell_Qui_filtered_61,1481.8571911602862,488.8012679849086,27.17073814649036,1.4511080153243774,705.145030051514,4614.893984571974,67.757461642595,1819.158294792587,0.4835137915902235,0.4177726981263255,2.750307898228205,3.831718472241412,0.2979836098227148,0.3174068735079674,45777,Tcell_Qui_filtered,Qui
Tcell_Qui_filtered_62,1984.9298890513664,500.34602918040525,40.46444917748317,1.2916760506719027,1017.1748668874192,4462.816216777021,66.11794225783639,1842.9124661579087,0.4886937262616505,0.4221500577532069,2.749667728780271,3.763462475848213,0.2979196610874544,0.3224320135460529,64272,Tcell_Qui_filtered,Qui
Tcell_Qui_filtered_63,598.3979633694821,504.76659708368754,17.483310332115945,1.1970978685614175,395.1080956557797,4590.143717782396,60.23093245717857,2129.48298359333,0.4491197094296336,0.4264195793541655,3.0222135640215217,4.035480493669121,0.2592537792572278,0.3247349838631572,24854,Tcell_Qui_filtered,Qui
Tcell_Qui_filtered_64,467.9111593746373,432.8936163242293,13.327381574213712,0.8652173645572158,307.8434792850377,4464.841163079062,60.31690125412331,2032.895342684902,0.4578639955463089,0.4358863592521681,3.03030897280045,3.9014390278044098,0.2590848556194524,0.3288056717208353,18626,Tcell_Qui_filtered,Qui
Tcell_Qui_filtered_65,1199.9764197157606,551.9200621037849,34.916020018392096,1.2750006541389538,768.60486665658,4666.533443572519,60.95640693237775,2158.4129670703687,0.4559348495499827,0.4309819638529666,3.0088908535223777,3.9507734543094255,0.2687505311301355,0.3218733369779007,49829,Tcell_Qui_filtered,Qui
Tcell_Qui_filtered_66,871.4884590704656,536.9706690913757,27.731595565242905,1.0640306249077058,605.4580563926539,4456.549072190048,59.00609466533031,2143.758929175804,0.4638089179931909,0.434502553530227,2.9819706563469626,3.866897648794618,0.2673080917040665,0.3279190383535665,37558,Tcell_Qui_filtered,Qui
Tcell_Qui_filtered_67,1021.162388490244,510.4212127553661,30.343555980372532,1.2685431728264025,693.0126783281245,4595.899041065442,59.57165100911159,2162.112447129932,0.4500455672311085,0.4332945664554825,3.0646217666593203,3.9785283770882223,0.2604589739683037,0.3213500063099398,43465,Tcell_Qui_filtered,Qui
Tcell_Qui_filtered_68,1356.0345974430163,459.1701561399823,42.0554881241237,1.5315330719717126,942.81484866385,4413.835429516117,58.98753394831836,2081.0759088410123,0.4564686939439549,0.4341974238410776,3.027794335028764,3.9238495017096335,0.2600276653230431,0.3260976034475513,56830,Tcell_Qui_filtered,Qui
Tcell_Qui_filtered_69,1045.3563888054482,452.3850490328066,30.75242460056443,1.6185642680587706,723.1506960394588,4501.319359223978,59.1095392132468,2108.012945422923,0.4536576199576838,0.4367877577864179,3.064731095675999,3.926328251443048,0.2580225457087167,0.3281147592669519,43828,Tcell_Qui_filtered,Qui
Tcell_Qui_filtered_70,1052.4992579584805,472.79394333897744,29.98137132219937,1.5873854011116062,710.6860933901269,4563.6970215235015,59.6930582002315,2121.711866147752,0.4527205338568081,0.4368262335968007,3.0713453068658634,3.9330283179663614,0.2542404983349106,0.3197832182907195,43772,Tcell_Qui_filtered,Qui
Tcell_Qui_filtered_71,1050.569102874793,523.2234816251336,31.99461443475473,1.1666925614081716,698.9135468443338,4516.86038141962,60.05027275025895,2118.6705304380453,0.4621769585378353,0.430858624966797,2.9674036608914687,3.904608956787511,0.2603242693439596,0.3250486033221341,43858,Tcell_Qui_filtered,Qui
Tcell_Qui_filtered_72,1043.246100879178,560.7524978229198,32.16701439231857,1.0966070631693603,691.0145198163984,4487.320518229452,60.15509367102814,2125.289847497268,0.4669484620935601,0.4290107065094332,2.924484397022894,3.88155236037636,0.2738159722968354,0.3291930645201763,43698,Tcell_Qui_filtered,Qui
Tcell_Qui_filtered_73,2385.047327845504,562.2926815206072,48.2224349579322,1.5478938627960923,1209.9342172340848,4560.6594659748525,66.34379893020291,1907.991046004509,0.4909034792923846,0.4182124845347471,2.711758501789066,3.772333487174874,0.3004279496537245,0.3253542660743471,79163,Tcell_Qui_filtered,Qui
Tcell_Qui_filtered_74,810.6555974029943,470.7423071426891,21.49781871028034,1.07281845051496,498.8530505084327,4584.948314343717,61.90532599352683,2038.035673540657,0.4532894395923478,0.4338101685007944,3.046311104998221,3.950437974144425,0.2658537267500888,0.3122871465619407,31273,Tcell_Qui_filtered,Qui
Tcell_Qui_filtered_75,1082.0724918030005,473.0021248101995,31.819305498689697,1.4622173836424022,707.6449684126312,4561.700678559507,60.46052049314133,2089.652251567134,0.4521818044206374,0.4296140692367527,3.0242350343335644,3.988985559246896,0.2558228446225115,0.3234695537919721,44146,Tcell_Qui_filtered,Qui
Tcell_Qui_filtered_76,603.3406181750179,488.2200076696179,19.7649552975438,1.1478114105283153,405.52690545925344,4412.417324948091,59.80375064523709,2065.60014649579,0.4575128559142078,0.4323941258781965,3.008337868884664,3.928840401761741,0.2618628746809053,0.3215606425710737,25051,Tcell_Qui_filtered,Qui
Tcell_Qui_filtered_77,1234.034264149968,482.8363948806895,37.19164153647286,1.5369965536098245,815.4751003273637,4481.742962955235,60.21120398562672,2073.953172057246,0.4587176605604184,0.432656586132737,3.002257827185613,3.9179336663968,0.2644009212914197,0.3237013914938932,50432,Tcell_Qui_filtered,Qui
Tcell_Qui_filtered_78,1225.1509265562077,474.1758978509392,36.40199757847231,1.273048804804049,820.3568209525162,4495.816436767022,59.894709665526825,2087.0665121921056,0.4592511647038207,0.4365424499274687,3.0257033238102027,3.886481915109527,0.2663689931660933,0.3229118277022296,50445,Tcell_Qui_filtered,Qui
Tcell_Qui_filtered_79,932.186564027006,549.2737880920683,24.04395278554939,1.410747200341617,568.4251576804628,4820.961999499863,62.12043732180892,2167.370601549183,0.4415117634233174,0.4210903760924465,3.035869953901152,4.133580259044517,0.2664832534019266,0.3199607167648493,37535,Tcell_Qui_filtered,Qui
Tcell_Qui_filtered_80,1012.6603542067152,558.423340910033,30.57308602303149,1.260675125962888,688.3703929971758,4570.843198317745,59.53216047806892,2182.162969751882,0.462165500285466,0.4362024025631396,3.0042817351621225,3.867232501603629,0.2676467312004333,0.32562056040388,43578,Tcell_Qui_filtered,Qui
Tcell_Qui_filtered_81,2463.495000862388,542.4442175097687,43.376064562426,1.6395663583237936,1219.0511183338697,4488.280524317358,66.89651456150843,1848.6535647605328,0.4992163744027594,0.4184353485313256,2.668023626541221,3.707722020854218,0.3041677031089462,0.3266556500621546,77791,Tcell_Qui_filtered,Qui
Tcell_Qui_filtered_82,1173.8639396071962,553.3772178350625,30.26652596241828,1.2887209155713553,740.5001711143112,4601.981809957207,61.31873936796573,2119.4285120743366,0.4640687958059545,0.4315461260892781,2.960022296693523,3.885584706839812,0.275580086975478,0.3281601198394479,47021,Tcell_Qui_filtered,Qui
Tcell_Qui_filtered_83,7035.83874427558,612.7098920293981,62.215775261533786,2.233475308695281,2187.161500276428,4477.208331121387,76.28579158318493,1529.1451061402383,0.5659015714884976,0.388931072069163,2.187670286160202,3.3699336168629084,0.3819831697389536,0.3246889934815063,156694,Tcell_Qui_filtered,Qui
Tcell_Qui_filtered_84,5563.627885045595,593.0591723964105,53.9432488269638,2.054882304448975,1903.338042611524,4639.1591395208,74.50988713418802,1624.4146206799985,0.5362447730416469,0.396806219393337,2.3554046376187965,3.554713695711363,0.3563127645891754,0.3199295505779331,134340,Tcell_Qui_filtered,Qui
Tcell_Qui_filtered_85,6929.779155887083,171.1592468210128,47.05660880266552,3.4880076197179197,1083.5889768756808,3974.422391687812,86.47773372041387,685.4466165832633,0.5586113525464425,0.3575624218257179,2.037474771612027,3.5917666253015077,0.400360410436891,0.273465264204368,68296,Tcell_Qui_filtered,Qui
Tcell_Qui_filtered_86,4720.910556587802,620.964157459417,58.072204472327485,1.6171831441792508,1900.9729832616576,4383.704277526006,71.29256393861505,1701.1503715836122,0.5430161447263447,0.4055070589229606,2.3770362451661566,3.4536466046259897,0.3473263199477008,0.332170083061668,126478,Tcell_Qui_filtered,Qui
Tcell_Qui_filtered_87,5896.049696432823,626.9395429124646,65.386402082761,1.9635601524354025,2162.832562540228,4433.419871172388,73.16212728964923,1648.5178881554043,0.5462912735350407,0.3971291685960174,2.313969608887656,3.475678440040644,0.3578227718940758,0.3291028645414406,148638,Tcell_Qui_filtered,Qui
Tcell_Qui_filtered_88,5554.016497248594,610.1948988449703,58.297557088144224,1.7775552775633523,2024.5161165774095,4445.323103178695,73.2861726703669,1634.7044252207406,0.5481830070720825,0.3992889355555176,2.318525273338348,3.449243142480848,0.3575252288453723,0.3294618167464813,138083,Tcell_Qui_filtered,Qui
Tcell_Qui_filtered_89,4508.565516336648,547.5790179357055,49.7461092874919,1.466066953324831,1637.245748955006,4267.6591393891895,73.3599735123446,1538.6093476529163,0.5541483459820797,0.397608393450089,2.283913384971297,3.413105348985359,0.3611700287056837,0.3284263664802886,106786,Tcell_Qui_filtered,Qui
Tcell_Qui_filtered_90,4479.431716812865,562.7733566387387,47.37266986670672,1.5705544476991875,1799.3997237387175,4303.364401260049,71.34180554494,1634.759211974874,0.5404034870448479,0.404440227264813,2.3822444857415443,3.479449006832562,0.3449089832737733,0.3294532425768519,114330,Tcell_Qui_filtered,Qui
Tcell_Qui_filtered_91,5558.26152724867,547.682320166299,54.2955706853664,1.823605706689131,1880.0625397559745,4261.611949327629,74.72464868671605,1486.3910814649687,0.5623325812332362,0.3944098477207309,2.232567664182356,3.3681416406703644,0.3708986383968959,0.3245320732290757,124240,Tcell_Qui_filtered,Qui
Tcell_Qui_filtered_92,6130.917330469961,645.5777785887203,75.49979570181402,2.0109565233964006,2435.505923293784,4475.767642036552,71.56916193437303,1734.532856271632,0.5405797260699948,0.4060266228970038,2.390809012789351,3.469112522317876,0.3473875409377527,0.3318621051456328,166394,Tcell_Qui_filtered,Qui
Tcell_Qui_filtered_93,7937.018673726422,617.7179664176488,75.75046762734921,2.310576691851733,2691.3374246618714,4481.655033304422,74.67776390113622,1596.15323320623,0.5550858135582266,0.395736891063569,2.2693241599113274,3.416158531273904,0.3653754507954112,0.3237631112891224,188374,Tcell_Qui_filtered,Qui
Tcell_Qui_filtered_94,4366.827983281844,526.638195894659,51.42290796155078,1.7170854042156298,1629.6966800360638,4349.377238538075,72.82264692405444,1565.5574826858813,0.5365071984229062,0.398865560603354,2.36647060042255,3.540928568823755,0.3471986163338679,0.3249110918760368,106278,Tcell_Qui_filtered,Qui
Tcell_Qui_filtered_95,1530.0512809778008,397.8993954046138,39.826468051792496,1.7744547483933322,923.50208355286,4451.316983777892,62.36062777752069,1923.5803292238763,0.4546332935451572,0.4265817315584658,2.98669684663058,3.992119181601129,0.2649641581882974,0.3264074625058091,55810,Tcell_Qui_filtered,Qui
Tcell_Qui_filtered_96,1348.171411190733,500.7167171247822,39.858684478159184,1.5376436248358598,906.7510509582506,4516.437525856323,59.78792769246265,2115.5212724007324,0.45106868931839,0.428335049671498,3.0226722478895893,4.006686925083166,0.2587711337814398,0.3219536492356535,56179,Tcell_Qui_filtered,Qui
Tcell_Qui_filtered_97,1345.0516604638417,522.7154895269983,39.89208608528582,1.4848230669356064,869.9656767837118,4629.11997503258,60.72420463016523,2135.5385123118867,0.4508048912753667,0.429050632846447,3.029493706735621,4.003516565453261,0.2639901656894254,0.3221158919343473,55707,Tcell_Qui_filtered,Qui
Tcell_Qui_filtered_98,1356.8660268939898,501.4401481502733,40.06748021698367,1.4320758573412475,871.8230608208133,4626.405685377484,60.8817997258316,2115.05242824324,0.4552626269873669,0.4347281167874568,3.0395259608988043,3.929087550201361,0.2618155088648582,0.3185063049462722,55586,Tcell_Qui_filtered,Qui
Tcell_Qui_filtered_99,1317.4075233243625,501.4648719574992,39.924316843930185,1.4689055798148305,898.8316451026074,4488.604408048988,59.443382379142086,2118.5138076201724,0.455051487378792,0.4310430639712629,3.015159216890841,3.9570046389230655,0.2588519188586193,0.3273249371219707,55446,Tcell_Qui_filtered,Qui
Tcell_Qui_filtered_100,1346.8529703550162,545.5793908332937,38.6861412096415,1.435088397949621,871.8091664373048,4650.904210689014,60.70563642926986,2158.740651306823,0.4552179082363297,0.4302462896699925,3.008485497120516,3.9614439678688536,0.2659985323323797,0.3256680215319184,56041,Tcell_Qui_filtered,Qui
Tcell_Qui_filtered_101,2718.7395854810625,552.1236511485921,49.02269534939044,1.291617204894613,1266.5554569407284,4537.6927468949,68.21928004178417,1818.7662042089212,0.498908508407192,0.4120355411998497,2.628838434560361,3.750714324125581,0.3115276650168813,0.3259945322370502,83397,Tcell_Qui_filtered,Qui
Tcell_Qui_filtered_102,1629.6295610790485,480.3267572137897,42.21989570593412,1.4035903119087758,983.8686453722668,4498.477934125004,62.35434013523994,1992.9862821256388,0.4650346527081417,0.4300927692223257,2.9439264283290045,3.888455214068929,0.2704394738078158,0.3183694340008392,61179,Tcell_Qui_filtered,Qui
Tcell_Qui_filtered_103,1779.5560059352565,520.9239322741737,39.73257540779222,1.5921727693246095,1023.4256432229564,4381.7402227519415,63.48796491299507,1930.5865308982184,0.4885381057004527,0.4287556330996892,2.793582633169299,3.72144827836778,0.293505690888477,0.3272149672677882,62868,Tcell_Qui_filtered,Qui
Tcell_Qui_filtered_104,2025.4736236041813,488.1496918856644,41.263991359585305,1.4157563530154815,1043.1959146118782,4399.575897108339,66.00494443535521,1817.8412037211892,0.4868570267662193,0.420191626085791,2.7472366900637373,3.79022602667799,0.2972677553415143,0.3209308171561481,64957,Tcell_Qui_filtered,Qui
Tcell_Qui_filtered_105,1294.743713694045,546.7412358553617,39.96402862603796,1.582786231248825,879.0176791029779,4598.722401117473,59.562365859671104,2185.2665548990904,0.4560640885434713,0.4314516442213796,3.0113163306614115,3.946448940073517,0.2619500981023278,0.3239131246684864,55915,Tcell_Qui_filtered,Qui
Tcell_Qui_filtered_106,1971.5903382869624,523.4303299424594,43.23252881289281,1.6707232966702867,1069.7181288733846,4470.86452256293,64.82704268823561,1911.8596734228483,0.4813546862582499,0.4207476126652495,2.782316834612138,3.8284589455153366,0.2923033216608378,0.3245708755630918,67621,Tcell_Qui_filtered,Qui
Tcell_Qui_filtered_107,1276.0957100210094,524.0235377855374,39.20554931424736,1.4658217292902225,900.0319385072869,4530.87642755321,58.64066434172768,2181.2312737977345,0.451242947900727,0.4336151094009579,3.0587508738498004,3.967207087753791,0.2592136359496862,0.3227394375856589,55764,Tcell_Qui_filtered,Qui
Tcell_Qui_filtered_108,852.5002177075213,505.1452608596392,28.463058920657748,1.1736903669146517,601.3921401869056,4500.872289361011,58.63571763607997,2157.9490714204185,0.4561686417410766,0.4375991667570885,3.053522934696448,3.901874010392405,0.2634264921870458,0.322890033050754,37387,Tcell_Qui_filtered,Qui
Tcell_Qui_filtered_109,1915.340893580949,504.3914193390476,37.452263675566286,1.4737277020865478,961.188777015473,4647.145288343447,66.58512558237652,1888.6874220981065,0.4772011161807899,0.4196745367466306,2.7993763949086232,3.867408100906112,0.2902296769629588,0.3176413299079043,62497,Tcell_Qui_filtered,Qui
Tcell_Qui_filtered_110,3962.878973782408,526.661251855677,61.78801781849407,1.767657388971232,1681.269795707842,4391.524230510712,70.21216370489672,1677.920308967491,0.5169966357291003,0.4088461978904024,2.517226955135568,3.631816674274954,0.3255344082325377,0.3229728606309843,108912,Tcell_Qui_filtered,Qui
Tcell_Qui_filtered_111,2282.91067983948,564.980007815802,41.48497381936109,1.6496302658806028,1171.0952946813045,4515.961673836242,66.09457819933897,1904.5770069468165,0.4912159078455218,0.4179981731128186,2.708644992629522,3.7713426708891498,0.300394105579215,0.3263057592056103,75008,Tcell_Qui_filtered,Qui
Tcell_Qui_filtered_112,2144.627434825936,464.1702607532537,41.47012970142808,1.58965498909702,976.132810658517,4347.333955738458,68.7213135943102,1678.7728555272724,0.5019626328530441,0.4129316755465077,2.6185262814846157,3.7216146863716695,0.3114414996545732,0.3218582430005838,61714,Tcell_Qui_filtered,Qui
Tcell_Qui_filtered_113,3252.988775189257,519.2402572594785,45.11216333332993,1.3754846549494253,1317.7571131329646,4359.311403469806,71.16975773035871,1626.3420720385068,0.5311430410398708,0.4102638565660686,2.4586793273841536,3.5159973699867018,0.3409193308777442,0.3237639143360195,84916,Tcell_Qui_filtered,Qui
Tcell_Qui_filtered_114,1521.6684339563035,456.7976580660876,41.508989044394745,1.659307165386055,919.4276116079192,4407.142303887447,62.33545938191845,1944.6768217456831,0.4668745126455118,0.4262453075939755,2.9060934292129748,3.901272226495805,0.2764420731670075,0.3233696158990908,56445,Tcell_Qui_filtered,Qui
Tcell_Qui_filtered_115,1489.8500414829775,475.46028373103394,40.40443262789409,1.507142782428098,905.1029607805708,4431.315975205026,62.2079030392192,1970.4611022814504,0.4642763076347588,0.4254317962141329,2.916779176645367,3.9266898754558186,0.2757210919754767,0.3226842179522083,55912,Tcell_Qui_filtered,Qui
Tcell_Qui_filtered_116,1545.9244384475603,455.46840483220495,39.196751556687104,1.545924987431787,920.628530740125,4472.062719701352,62.67550130726293,1954.6420973780912,0.4681349819982042,0.430523794099103,2.9273603804217507,3.862164404130088,0.2717585759881178,0.3213551180046949,56690,Tcell_Qui_filtered,Qui
Tcell_Qui_filtered_117,1511.3732698838985,526.7267883735574,37.7157172283274,1.4406423818820575,880.1907664164123,4666.106348152267,63.19601929714393,2050.183242772483,0.4634248585808977,0.4264396603197836,2.929060822423475,3.9261264350232703,0.2754161976256947,0.3222399154657621,57054,Tcell_Qui_filtered,Qui
Tcell_Qui_filtered_118,1577.62577343336,435.1898276857956,41.52391240637396,1.502796750531224,930.9145087329,4413.656204735504,62.890190946863925,1911.5911034521623,0.4663737071328872,0.4287581970944115,2.9263650765501183,3.887637911355043,0.2689630567791015,0.3192709749323191,56954,Tcell_Qui_filtered,Qui
Tcell_Qui_filtered_119,1579.4722756726662,488.9986265093336,38.69085858928536,1.39990780406443,900.6115533878593,4622.249003483249,63.68624548755605,1989.9370217883052,0.4634659390527285,0.4292967937830326,2.948424081550398,3.905832479927372,0.2762138794366442,0.3207634380256793,57635,Tcell_Qui_filtered,Qui
Tcell_Qui_filtered_120,1374.0205524967284,494.9031275119323,43.65013662164503,1.69141618043773,925.8055281652378,4439.72998203225,59.74454173079208,2082.911255725866,0.4650314427132496,0.4346996996087121,2.9754807782298536,3.8564224901224735,0.2722985996861106,0.3301759139697987,57203,Tcell_Qui_filtered,Qui
Tcell_Qui_filtered_121,1427.2638272387276,497.85309725859673,43.758402929250096,1.54504507547,953.078306657239,4480.204823338363,59.96044883273517,2092.3688542827585,0.4568072635059034,0.4315700591499078,3.007242383889189,3.9400059776133234,0.2604790509187074,0.3217478609112336,59120,Tcell_Qui_filtered,Qui
Tcell_Qui_filtered_122,1692.369844019722,535.9800041841734,42.25094037697954,1.4640617512258045,961.3687146018352,4550.463464666343,63.77304344926868,1990.305183149344,0.479540840513295,0.4260087112366231,2.827762995991857,3.8070597830976007,0.2846501481960122,0.3285054099464765,61909,Tcell_Qui_filtered,Qui
Tcell_Qui_filtered_123,1456.2486746927368,520.0576099713675,40.93800020865493,1.1023065799872291,918.6162151237324,4671.408769531136,61.31922202973309,2125.8325347667824,0.4560860477405321,0.4330120761152226,3.0220618531803067,3.9351598087984456,0.2686778889270402,0.3212456954710717,59107,Tcell_Qui_filtered,Qui
Tcell_Qui_filtered_124,1372.2420823053908,505.7192803693283,37.802700721115656,1.2282511748962643,928.4647928595,4599.527269663739,59.6443683077638,2157.801354716322,0.446670232343079,0.4331116905369291,3.0864768443711403,4.0052840593174,0.2582886120563923,0.3214072552537394,57652,Tcell_Qui_filtered,Qui
Tcell_Qui_filtered_125,1541.7717835471433,543.9587734675198,43.744659169127615,1.3293176915993257,981.6806984542536,4665.153278245661,61.0977141255434,2147.1976411587075,0.4578348819546903,0.4323459013837837,3.005886621699571,3.926763270863893,0.2667767774165632,0.3223298319564526,63393,Tcell_Qui_filtered,Qui
Tcell_Qui_filtered_126,1401.4897474286267,485.90096196656367,39.7671965040576,1.4817345009338072,931.656368336944,4538.907772703923,60.06866599388948,2104.320648852506,0.4491815759833094,0.4334825760769304,3.0718488208615047,3.983665601401628,0.2616821231451645,0.319560237769988,57560,Tcell_Qui_filtered,Qui
Tcell_Qui_filtered_127,1414.09572576526,503.3409020519469,42.390142948176354,1.6390952500252594,919.838856238696,4506.055995286416,60.58849021171336,2080.871352819276,0.4593820080424389,0.4317605546967552,2.9917073507040364,3.919280289663488,0.2649933015664494,0.3217004838698704,57587,Tcell_Qui_filtered,Qui
Tcell_Qui_filtered_128,1314.1829291770066,550.2145841407581,40.2080671342348,1.190510220650447,904.5198754055144,4582.85149972257,59.2320398415996,2194.238395218098,0.4539603785692337,0.4335809304090652,3.0402013727487267,3.9470483035416537,0.2594969707171438,0.3246196168930759,57160,Tcell_Qui_filtered,Qui
Tcell_Qui_filtered_129,1397.424975509471,485.657715483052,39.58358707731677,1.4198719867839338,903.1007485365888,4608.538558829832,60.74372309350854,2104.1472358719543,0.4510494399024525,0.4351162636095975,3.070656919033992,3.957819466471325,0.261568383417845,0.3199668873889218,56784,Tcell_Qui_filtered,Qui
Tcell_Qui_filtered_130,1366.0270431195693,504.2074096327874,40.18772313496042,1.3779909515636202,900.2972210345587,4580.432847073168,60.27500409917813,2123.4877975642366,0.4517986778039621,0.4303416376110304,3.0319255991171894,3.986642560660961,0.2558463713884001,0.3238641497545975,56629,Tcell_Qui_filtered,Qui
Tcell_Qui_filtered_131,1385.8402321611252,501.9652637711088,40.4443790212952,1.5971704427402336,913.4493361214288,4540.821039550666,60.27254032193403,2106.5000635491715,0.4536809000233434,0.4337361204594339,3.0431630498470974,3.948032575762296,0.2655077687597276,0.3204633109580164,57027,Tcell_Qui_filtered,Qui
Tcell_Qui_filtered_132,1467.848833957061,508.1605240261198,44.45602927622876,1.0658836552562971,1001.2772613989782,4550.8768576283865,59.44811148842531,2147.558344467731,0.4593414442878352,0.4394848267944112,3.045498439909373,3.865048913578754,0.2598216960959733,0.3225814750357953,62434,Tcell_Qui_filtered,Qui
Tcell_Qui_filtered_133,1043.2184320311576,520.1696839168192,30.78224302595907,1.1784779224258912,706.9581090974785,4598.0488758158845,59.60646869134799,2167.369092025574,0.450299549141769,0.4307157022976935,3.044663634179797,3.995294022344978,0.2562554723502057,0.3215350599948079,44429,Tcell_Qui_filtered,Qui
Tcell_Qui_filtered_134,930.5795052324836,458.9842703825001,26.176386690290084,0.9911146634040656,618.9248837883913,4548.209094147292,60.056590470228535,2092.3600883319464,0.4585454438215505,0.4395058357605567,3.050931035147267,3.8707699908342432,0.2576528547216649,0.3207998891726244,37991,Tcell_Qui_filtered,Qui
Tcell_Qui_filtered_135,725.8113820197977,517.5637036362533,23.7397966759334,1.372703622462773,511.6087362009385,4484.576585587275,58.65521105826441,2157.716806970366,0.4539841348991896,0.4335723945437987,3.0399824344151662,3.9469312106571945,0.2627083006275258,0.3256906806609165,31727,Tcell_Qui_filtered,Qui
Tcell_Qui_filtered_136,4326.652641984871,607.3469947539816,59.11044636835756,1.4780090606191256,1859.709794183177,4397.882243941833,69.93855737726358,1746.8365737831869,0.5261247203841988,0.4061328033087959,2.457137659342898,3.578287795776198,0.3339811142190682,0.3294948205551558,121887,Tcell_Qui_filtered,Qui
Tcell_Qui_filtered_137,3231.90820995647,500.1328676912399,45.87523652928469,1.4748392875026848,1326.0714166529062,4377.738132307676,70.90659622716755,1628.260224042707,0.5152565281957394,0.4065625169622558,2.511620162368692,3.658982547477107,0.3269518566184416,0.3200714367139074,84921,Tcell_Qui_filtered,Qui
Tcell_Qui_filtered_138,1472.7529482066757,544.5837530392413,42.5101061764411,1.5427904739802798,936.5237947278742,4534.247159748847,61.12842588655181,2095.428721055488,0.4724217496022141,0.4332927008591578,2.9194538653412447,3.811134310521287,0.2749642668801131,0.327243049805188,59533,Tcell_Qui_filtered,Qui
Tcell_Qui_filtered_139,1623.5232806742772,552.2430851518102,41.40029728712137,1.4887385266317044,1007.8447202351934,4524.789488042071,61.69883042254616,2073.774819465852,0.4678103911845649,0.4265403504746449,2.902287186665171,3.892129967762084,0.2771399187708847,0.3261356045515267,63464,Tcell_Qui_filtered,Qui
Tcell_Qui_filtered_140,1621.8567611338044,582.606093078299,42.90237852579084,1.333107402404709,984.7147913945704,4577.640284648934,62.22183924168907,2091.85653231934,0.4698500541866341,0.4254683088017778,2.882425312985234,3.8840454791730985,0.279150453561813,0.326272457251032,63681,Tcell_Qui_filtered,Qui
Tcell_Qui_filtered_141,1787.9963525668677,556.7226058529806,43.38618506325049,1.4290610368153658,1029.143178505939,4536.424928318026,63.4685052992733,2010.5673488889956,0.471496828359825,0.4208782555811223,2.8413703247441533,3.902972786483024,0.2805484617018306,0.3207323687407239,66003,Tcell_Qui_filtered,Qui
Tcell_Qui_filtered_142,3565.499505590841,355.85733356766866,50.345322342283,2.173304935380402,1230.0042437632733,4092.4644922828247,74.3508855784142,1314.2639791916845,0.530619201110443,0.396750389255269,2.380041487057561,3.5985526278093576,0.3430356505016284,0.3154983313476838,75060,Tcell_Qui_filtered,Qui
Tcell_Qui_filtered_143,2429.064965289846,513.3066289251688,51.06209326363454,1.7037188597291255,1190.18828248833,4348.848891168946,67.11508698047103,1774.6213656913076,0.5023588274220387,0.4119241483052055,2.610077132241364,3.72492011293744,0.3082877433989863,0.3308771352670241,75594,Tcell_Qui_filtered,Qui
Tcell_Qui_filtered_144,2051.38931256717,431.1208138408865,50.32556869514933,1.5761462006207811,1004.1994262145984,4240.79485143265,67.13564841141016,1683.1454839342698,0.4940603571481801,0.4143869349484752,2.669784292366087,3.772921622446861,0.3000696647708594,0.322847149323777,62550,Tcell_Qui_filtered,Qui
Tcell_Qui_filtered_145,2320.27993750122,494.2477380909368,46.03440255004482,1.6257306535571583,1076.033807942758,4387.094089841857,68.31759700097744,1727.5950073854106,0.499660177202892,0.4107435469718602,2.616653030450524,3.7531227163282543,0.3093398024745796,0.3252864295389152,68960,Tcell_Qui_filtered,Qui
Tcell_Qui_filtered_146,1772.3898888548874,489.5812570034453,38.39165192520812,1.3364995768220314,889.7807174519336,4587.889384430812,66.57687094343252,1859.364071569288,0.482105064787629,0.4242291821383305,2.80097332604832,3.799579645875848,0.2941507413637715,0.3183790788240938,57852,Tcell_Qui_filtered,Qui
Tcell_Qui_filtered_147,789.8725927431091,449.8479336793562,22.37746311508612,1.1581288378642562,476.9830407711208,4459.124611574568,62.34906108062367,1959.3782467824835,0.4639743574480615,0.4293697205162566,2.9456935426349538,3.901486146972392,0.2627699245663275,0.3189455770248806,29628,Tcell_Qui_filtered,Qui
Tcell_Qui_filtered_148,1527.0526539586256,515.5403820350804,39.51765595889091,1.513077719991463,866.8781943931031,4569.753748156008,63.78850312280462,1983.6317285027976,0.4739264064597552,0.4269239027067696,2.8674093071720703,3.843235582158923,0.2880882008671074,0.3268236295430458,55956,Tcell_Qui_filtered,Qui
Tcell_Qui_filtered_149,1437.2611420052883,522.5466912982964,39.92470671808693,1.338875085005801,867.9128882732504,4565.404648775973,62.349355108413285,2044.708784339473,0.4635986715826155,0.4301866443353023,2.953689693042074,3.898611706720728,0.2747228845226213,0.3181154162060517,55641,Tcell_Qui_filtered,Qui
Tcell_Qui_filtered_150,1474.747153645379,419.11320337470426,37.0939108408843,1.260133167630422,812.8372116971207,4379.379545562237,64.46744329906181,1826.29708692066,0.4749777860920607,0.4282643274313988,2.87004515396104,3.8262155208255297,0.2857405930296935,0.3207837925070663,49877,Tcell_Qui_filtered,Qui
Tcell_Qui_filtered_151,1473.4247802391524,478.96491084767126,38.86552277931802,1.447082280642929,889.9038685116352,4491.559217626927,62.34531879508074,1989.8945051121405,0.4659804300680892,0.4268314540967395,2.9156733374691823,3.903989138891652,0.272244455160588,0.3278403476208784,55392,Tcell_Qui_filtered,Qui
Tcell_Qui_filtered_152,1466.7513681760058,474.1681423157681,41.667228628439055,1.235422020093966,904.9542336954788,4443.843045138556,61.84373671920367,1988.847749628526,0.4677802312382686,0.4323982905847091,2.9423357694647376,3.85187755692552,0.2727743148078837,0.3203741472286115,56122,Tcell_Qui_filtered,Qui
Tcell_Qui_filtered_153,1065.7812080975748,487.3414477043005,29.74029393292601,1.288405499375768,665.5281090703666,4544.442369814011,61.55926023900623,2046.9210550133728,0.4611472972419382,0.4306296665829706,2.972448954535978,3.913968737841712,0.26799606578709,0.3259380559319189,41781,Tcell_Qui_filtered,Qui
Tcell_Qui_filtered_154,1427.6776357461354,521.3260385808303,38.83415984314713,1.583898712561207,871.6357067225343,4586.905997524256,62.09147789371335,2062.527316065659,0.4714485903689289,0.4306835274102526,2.907863707555293,3.836222710907597,0.2762661208590107,0.3266566804818627,55691,Tcell_Qui_filtered,Qui
Tcell_Qui_filtered_155,1382.968911829828,508.629087857286,39.77287381985285,1.6617671511690817,890.8049369968174,4507.114940647447,60.82262369863621,2075.1309367616823,0.4543594854644973,0.4243378052090498,2.9727764644659627,4.010310298649823,0.2662088531121369,0.3209909116767614,55670,Tcell_Qui_filtered,Qui
Tcell_Qui_filtered_156,1054.5504224406466,472.93893982855707,29.72773672469088,1.4428521311037614,676.6679397002936,4519.76512697157,60.91377295331591,2054.690611519944,0.4492700208484383,0.4289614882114487,3.0392119694957014,4.015842942268205,0.2624445671379979,0.3188778368260394,41917,Tcell_Qui_filtered,Qui
Tcell_Qui_filtered_157,1408.113627842346,551.9553524747298,40.82822091675863,1.364634637013333,867.670363985647,4509.966632504534,61.87378208558791,2060.995358175904,0.4687648003902818,0.4249485618552484,2.885569228864692,3.895872286061212,0.2804836765621439,0.3280734244791056,55615,Tcell_Qui_filtered,Qui
Tcell_Qui_filtered_158,1419.5073276063415,559.1452510991892,39.59280502483998,1.39391704450878,859.9937852262541,4558.397234163419,62.27271921979487,2067.9542758577536,0.4682528611261597,0.4267675314622342,2.9010890406515,3.8872072050448176,0.279927071926745,0.3234573457257562,55576,Tcell_Qui_filtered,Qui
Tcell_Qui_filtered_159,598.6164727894346,520.4724461717852,18.355497207882067,1.126760719225566,377.1769935438601,4555.026888506289,61.34663670569911,2079.9634320736964,0.4823942008408873,0.4385848221357741,2.894020794043996,3.7019926305562407,0.2731071309184839,0.3318828908274583,24184,Tcell_Qui_filtered,Qui
Tcell_Qui_filtered_160,2484.9215477659804,555.9773735267776,45.67008652829583,1.341685757313883,1134.9645449539214,4409.463727950017,68.64640168549793,1764.1840061967887,0.5117259605079938,0.4104725576558813,2.553270367196311,3.6622014475966806,0.3201904985047075,0.3258384824781968,74129,Tcell_Qui_filtered,Qui
Tcell_Qui_filtered_161,1864.652481882992,586.1020040658791,42.01773996117902,1.629039922265246,985.5360985274284,4551.833880570239,65.42207398832839,1957.3698381448323,0.4931135840905579,0.4178457339933218,2.697237154297724,3.7578655074721614,0.2968610451994791,0.3318061103708178,64913,Tcell_Qui_filtered,Qui
Tcell_Qui_filtered_162,2528.599660836825,523.2061542731843,42.65562878209136,1.6806488716502144,1102.109774851034,4368.837981813069,69.6447817052528,1690.5560903351925,0.5150176862514244,0.4079293727098525,2.5212328753872804,3.652519552943643,0.3262740977887498,0.3247995045222052,71106,Tcell_Qui_filtered,Qui
Tcell_Qui_filtered_163,2871.6671063148524,505.61527430273367,44.39753346576146,1.4151781034148434,1249.8499123032952,4395.201397636753,69.67500299871764,1685.1321495660695,0.5161732727454649,0.4139503509255913,2.552718167448411,3.60717091612472,0.3201079435763095,0.3234949613668151,79668,Tcell_Qui_filtered,Qui
Tcell_Qui_filtered_164,1458.0415859093007,498.42575662593424,38.2031530917392,1.378477283150409,862.3144738679234,4629.466763694674,62.83697623757306,2033.645507718492,0.4523827067398434,0.4228252347314554,2.975123724621153,4.036426885607079,0.2687002512515892,0.3173254155461816,55316,Tcell_Qui_filtered,Qui
Tcell_Qui_filtered_165,658.0578878086482,440.061090120261,17.430858869602012,1.3594770550338515,391.07650280928704,4482.19272534687,62.72388873088558,1946.810576111406,0.4616912303238921,0.429470462950474,2.960954967352581,3.918014989021689,0.2693869207520747,0.3180642194331005,24180,Tcell_Qui_filtered,Qui
Tcell_Qui_filtered_166,1759.5057733949193,486.4314303102073,38.172043928069975,1.3018555531930214,924.2904688968248,4447.723523975567,65.56033374174652,1850.6872068831397,0.4831664235069108,0.4219482886344888,2.7797939839411945,3.806687907353801,0.2908998214405224,0.3233926069230038,58067,Tcell_Qui_filtered,Qui
Tcell_Qui_filtered_167,927.2179008185642,449.65189085132334,28.51958439623296,1.368784819808419,574.2132712031564,4465.344096903872,61.75560479206239,1985.4290884684085,0.4474256244742476,0.4217092357341944,3.000145979277297,4.082942081376053,0.2622749143990227,0.3159396679435139,35896,Tcell_Qui_filtered,Qui
Tcell_Qui_filtered_168,1497.3506042932263,514.1276310867171,41.035806775807615,1.5140316771257083,928.3870010993156,4646.305143024465,61.727641149831605,2095.609436781492,0.4579603824498274,0.4307128395316443,2.993712124088272,3.9374047842690447,0.265554157969939,0.3194171669313935,59514,Tcell_Qui_filtered,Qui
Tcell_Qui_filtered_169,1535.605763132023,480.72732321334416,43.14899081156672,1.3123891915443175,985.0628728152374,4610.909951552104,60.92057247163495,2094.779050244113,0.4532170683441072,0.4341788263117005,3.049386760556812,3.948333687300512,0.257121612534285,0.3208806498016345,61939,Tcell_Qui_filtered,Qui
Tcell_Qui_filtered_170,1420.1811645031237,458.4604776878028,42.39294137946255,1.411629711349062,913.8224453929804,4619.647121382078,60.84742793377006,2087.6720771705386,0.4459716782743414,0.4342921744976428,3.099737031951545,4.001906396563202,0.2578238848402695,0.3182836559186832,57667,Tcell_Qui_filtered,Qui
Tcell_Qui_filtered_171,1542.393583118651,493.38182825974417,45.22549147277908,1.3116861434905174,1024.1758511249202,4518.783838764083,60.09553306993352,2099.69704234368,0.4548012911836769,0.4357482551983181,3.049748982813357,3.925245797496732,0.2649929080816527,0.3242492702310562,63513,Tcell_Qui_filtered,Qui
Tcell_Qui_filtered_172,2676.758663878677,609.9056237341831,53.09680539598307,1.5647306117312942,1390.0507331959382,4469.404652858922,65.81962424411024,1929.096894183936,0.5012915019918865,0.4186334681777435,2.658237194903413,3.6907570856488503,0.3063129135928323,0.3319789868608383,90204,Tcell_Qui_filtered,Qui
Tcell_Qui_filtered_173,1727.6821443333197,510.36625233221935,47.51211448255955,1.3990842828900627,1137.1636960290607,4518.38154224466,60.30628664175457,2101.296352864713,0.4622022882833396,0.4358215723388817,3.001419910811606,3.869627569211373,0.2669425879668858,0.3229375830698708,70350,Tcell_Qui_filtered,Qui
Tcell_Qui_filtered_174,1428.9712806778798,453.73078159225673,44.07321403360432,1.3009876789954218,949.4073316193802,4570.91218914174,60.081741119326914,2097.2379144447987,0.4435814881022248,0.4319250949812661,3.099453685761694,4.037344479476818,0.2547373782241283,0.3181492247164152,59191,Tcell_Qui_filtered,Qui
Tcell_Qui_filtered_175,1576.461033709549,494.51822646375183,48.361122553621016,1.494580271273379,1034.6320611510528,4616.445307508632,60.37552000012896,2127.810398301648,0.4456381706376229,0.4335753676827725,3.096936820778408,4.00966884555571,0.257099566618937,0.3140634472756302,65739,Tcell_Qui_filtered,Qui
Tcell_Qui_filtered_176,6907.798105376434,141.5864667554742,54.46548863271083,3.1670016666768075,1203.5295582533208,4081.1110417333375,85.16236048939551,726.1189216223635,0.5246917790607853,0.379606385817,2.3029227879335807,3.745175953790206,0.3556778611629978,0.2791108481426347,73753,Tcell_Qui_filtered,Qui
Tcell_Qui_filtered_177,3179.720262019257,566.3622541354578,51.80968602838711,1.2372656590040014,1481.8249495584248,4640.41951643318,68.21172202989517,1861.4349013359008,0.4935008479973585,0.4136910689865984,2.668322812792405,3.781701394680808,0.3069844781874578,0.3218855931585405,98299,Tcell_Qui_filtered,Qui
Tcell_Qui_filtered_178,1886.8894940896344,527.0071258825714,42.28260911872578,1.3569567619967384,1086.684766816416,4634.257601718434,63.45526724846945,2027.990835712754,0.4673430062111184,0.4306428919582943,2.9331323696578293,3.867286310537777,0.2773229605960923,0.3178362973172954,69394,Tcell_Qui_filtered,Qui
Tcell_Qui_filtered_179,1673.3466253195195,442.9761928278788,52.47827779186726,1.5142097933246907,1133.834070001403,4439.021492382683,59.60950886092565,2056.998515457959,0.4513569274272993,0.4352009344959556,3.069162153245117,3.954907261686437,0.2565057193508119,0.3216104823567748,68936,Tcell_Qui_filtered,Qui
Tcell_Qui_filtered_180,1456.4008540611217,489.1409247994462,47.9211374428438,1.859351454067856,1044.3681131693493,4569.745868271766,58.23812087983654,2193.2782286637703,0.4379577342515369,0.4328232648341362,3.145781279613676,4.073281626592862,0.2533395640027083,0.3207530889107085,64918,Tcell_Qui_filtered,Qui
Tcell_Qui_filtered_181,1777.6399594987822,528.0603161532583,48.49526245257181,1.504983204268496,1148.5367602602255,4576.562201541561,60.74957631558164,2117.114459039832,0.456984058885206,0.4301068274381929,2.9958868942322003,3.949083372934763,0.2669040526263934,0.3236599999835403,72265,Tcell_Qui_filtered,Qui
Tcell_Qui_filtered_182,1404.9035849588086,449.65211095194337,49.54439145121686,1.2578338208739102,1053.384008877837,4430.983993632563,57.14968372623065,2155.6654145890043,0.4481387744882982,0.4433202056657099,3.14887289923875,3.919999158026221,0.2473664513471988,0.3211608482863484,63477,Tcell_Qui_filtered,Qui
Tcell_Qui_filtered_183,1413.4176921726237,461.871345198477,42.39910336824642,1.436035161866536,944.082273657114,4653.172000667561,59.9540917352744,2140.3157607864696,0.4389247180712216,0.4366636335752008,3.1667013904960557,4.037291424860209,0.2517508350521159,0.3160556150543826,59359,Tcell_Qui_filtered,Qui
Tcell_Qui_filtered_184,4634.7497252723015,555.786381748466,54.58211904564766,1.799255545845031,1658.0712993611126,4516.364517169012,73.65138317345196,1599.3439387664669,0.5346396475651374,0.3997808850044689,2.3801865159789464,3.550034885536205,0.3492593946576727,0.3193586101152836,113595,Tcell_Qui_filtered,Qui
Tcell_Qui_filtered_185,1805.4383349669104,426.9883768505046,44.37661847077116,1.478376180133884,1042.1611049265368,4512.422973872794,63.402117224551326,1922.170941536346,0.453257299404135,0.4262031135634546,2.9931049041661124,4.00535799839242,0.264168452170136,0.3159375031783391,64331,Tcell_Qui_filtered,Qui
Tcell_Qui_filtered_186,956.1235264891636,483.8313439201309,30.15565549218908,1.2855743388212049,631.3217158671519,4679.607543483807,60.23033116216009,2152.47764366351,0.4372569084986357,0.429215812207463,3.1245620978557302,4.105685041046579,0.2491382830278684,0.3150541164958232,40472,Tcell_Qui_filtered,Qui
Tcell_Qui_filtered_187,1597.9272728213552,582.4568419003151,47.26573197554415,1.6366823745735886,1093.320948078302,4752.971346953938,59.37494952759075,2276.730464537499,0.4457153508650777,0.4286791080005877,3.061433666401621,4.045005619927295,0.2557934985111642,0.3242340708730099,71086,Tcell_Qui_filtered,Qui
Tcell_Qui_filtered_188,2178.704058621164,458.7720248906806,46.85546917333532,1.593424578348642,1106.7997048406653,4483.809909669534,66.31263317517963,1814.701301974124,0.4742452652571946,0.4198528788278365,2.818021219487505,3.888876119705624,0.2875850535589267,0.3157267842827794,69916,Tcell_Qui_filtered,Qui
Tcell_Qui_filtered_189,2657.617977650113,521.1347527457451,48.49959958814931,1.4855400490052764,1297.4744064366284,4413.501253865851,67.19483945161437,1798.0318325697765,0.5013206391644092,0.4178322291033866,2.6529952868387867,3.695597073753472,0.3086129230867973,0.3262381809909456,82014,Tcell_Qui_filtered,Qui
Tcell_Qui_filtered_190,2013.1477038580704,502.5314313633702,62.376836465013525,1.6742686244902685,1397.399217197341,4508.818211693368,59.02712234890149,2144.022412220114,0.4515007143596297,0.4336128541908141,3.056988701802325,3.965286735628653,0.2532754054197517,0.32155180269716,86350,Tcell_Qui_filtered,Qui
Tcell_Qui_filtered_191,1826.3436742583845,512.8879580224102,54.03552382318139,1.4918747719040673,1229.036331988208,4685.082078141141,59.774681726152025,2191.1663218429408,0.448425867341573,0.438964443817354,3.1159380474320613,3.949503343304767,0.2570652914938473,0.3168621445396878,78258,Tcell_Qui_filtered,Qui
Tcell_Qui_filtered_192,1761.4380303716496,485.6655377455708,52.56263567312298,1.6487693525410425,1179.1847386824495,4519.871414977823,59.90016975003719,2103.375246449726,0.4527669258978979,0.4321316130175834,3.0380258956252413,3.966429943530088,0.2593336501743779,0.3243862164463301,73022,Tcell_Qui_filtered,Qui
Tcell_Qui_filtered_193,1675.9467716101008,461.07300018827885,50.38366032864871,1.5932710464315776,1151.4455315151367,4531.189196611876,59.27535311451493,2118.6134490107243,0.4425435528354757,0.430824379593142,3.0988059447445653,4.05335493792606,0.2503239876171663,0.3208043101558224,70588,Tcell_Qui_filtered,Qui
Tcell_Qui_filtered_194,1790.187720274425,502.4496059713762,54.02101566050758,1.6226437597152177,1221.3537473402964,4666.745142929482,59.444232779976815,2191.3116102939207,0.4453780981998974,0.4348385524770525,3.107773164121135,4.002363487882215,0.2545467328039567,0.3217083738019086,77304,Tcell_Qui_filtered,Qui
Tcell_Qui_filtered_195,1644.0057047686216,524.5174651803869,51.79035668683522,1.5459620770641298,1132.629498426238,4604.521051995246,59.20855944190981,2188.8097030639183,0.4517574162213589,0.4359325629820007,3.0715963816876517,3.946639097434057,0.2613132921901998,0.3217825315019832,71657,Tcell_Qui_filtered,Qui
Tcell_Qui_filtered_196,1762.9631345452185,586.7031567417495,49.93118345893519,1.4555631683854782,1164.8447416807903,4733.969118966525,60.21444060112668,2236.7161195719427,0.4541038160278731,0.4331337000605499,3.03610614803059,3.949176302423589,0.262460724523096,0.3244337778994693,75909,Tcell_Qui_filtered,Qui
Tcell_Qui_filtered_197,1791.7006659207184,543.2315078193601,52.95425695350423,1.3759364092168338,1193.4988757903411,4616.150877835309,60.01946070558988,2171.606636978228,0.450227603722611,0.429936230725391,3.0396393188011506,4.001488042505503,0.2608444786634356,0.321943313587091,75987,Tcell_Qui_filtered,Qui
Tcell_Qui_filtered_198,1653.5474985439175,439.9921862652071,50.78512288137806,1.2655953411296943,1127.7849251054408,4516.948316918227,59.451631329070494,2093.131388674456,0.4487866791544974,0.4364298620472661,3.0954559519724243,3.965224293325343,0.2507103997306061,0.3232174741755925,68992,Tcell_Qui_filtered,Qui
Tcell_Qui_filtered_199,1772.8001262085506,476.2077431757438,53.63156753033967,1.5956339407182931,1228.4807392534171,4560.404846803948,59.06811810282457,2147.9464780807,0.4467607687665513,0.4375685522499118,3.117605792666536,3.972047045538165,0.2545754160034303,0.3217873892778888,75804,Tcell_Qui_filtered,Qui
Tcell_Qui_filtered_200,1722.510734123584,511.4392565583185,51.78193760925707,1.5163145502426556,1147.9917385252454,4589.651925098121,60.007289683122735,2142.427035193632,0.4557728870407139,0.4345906107135792,3.035162726132636,3.926253255563811,0.2606430249185747,0.3245749255883635,72430,Tcell_Qui_filtered,Qui
Tcell_Qui_filtered_201,1481.2210647045642,546.0936495002713,45.94115280978006,1.5205582169926104,1037.1837297176985,4713.925779638974,58.81584517251386,2262.580086926308,0.4382257301093984,0.4326615498758963,3.142682851203616,4.072461086020229,0.2533577378397604,0.3203831902317866,66533,Tcell_Qui_filtered,Qui
Tcell_Qui_filtered_202,1587.614676380355,507.6313470913173,47.09318043131071,1.4583184348354703,1096.275165440636,4704.951740850511,59.1534962293078,2222.089979996199,0.4370813778742513,0.4310151919694336,3.1389211173107143,4.09350426191363,0.2439509058367037,0.317578600702029,69464,Tcell_Qui_filtered,Qui
Tcell_Qui_filtered_203,1741.9688152429796,535.143332696011,48.88060949858469,1.7082397848481217,1129.75076030064,4691.595697978724,60.65943311728908,2170.315255408077,0.4433253568134348,0.4284413372245896,3.0762308357151325,4.065019267208741,0.2614062881784768,0.3205283146803553,72588,Tcell_Qui_filtered,Qui
Tcell_Qui_filtered_204,1800.116589902157,515.1826219588654,48.6580301974444,1.519059449799396,1170.845031529289,4698.707995322665,60.59036834797074,2163.8945616707206,0.4396472530905756,0.4281471394475175,3.0998366592632367,4.095374900281459,0.2570093751488095,0.3182151423565262,74515,Tcell_Qui_filtered,Qui
Tcell_Qui_filtered_205,1779.978548714483,542.3548110000593,52.14664527451713,1.4767217704691102,1178.7961662247235,4703.808326274286,60.159313236224406,2200.3064708405923,0.4456316255120152,0.4303086648377083,3.0736485986831474,4.033681092646201,0.2607704539312947,0.3213460792815507,76006,Tcell_Qui_filtered,Qui
Tcell_Qui_filtered_206,1808.023532196404,495.4604391126617,55.17968359342501,1.7334359128918264,1212.3569460734316,4577.510525542124,59.86078724863479,2133.963207921872,0.4591594696931441,0.4399612038444589,3.050007894089706,3.863028900558226,0.2637702258785621,0.3222578161723395,76105,Tcell_Qui_filtered,Qui
Tcell_Qui_filtered_207,1624.6443936779235,513.8917703071182,49.5406983548556,1.5599134280450797,1143.387521923658,4610.20097161721,58.69312360601293,2205.9491488077965,0.4419398572854142,0.4352861496150352,3.1351751252401754,4.024895768477089,0.2546282046376733,0.3205557465887041,71475,Tcell_Qui_filtered,Qui
Tcell_Qui_filtered_208,1807.3197738890797,494.028879239099,50.75723504307689,1.7291745780136627,1166.3955221483782,4707.574767566047,60.776489810486346,2146.7294800868526,0.4418580251762761,0.4309995953226592,3.104875872237105,4.057268341871637,0.2563609906075159,0.3154701003787885,74481,Tcell_Qui_filtered,Qui
Tcell_Qui_filtered_209,1637.504483909568,505.7664967828434,48.97297234666169,1.3874149657900332,1110.695670485257,4559.701288150711,59.58461509038664,2144.179846698898,0.448641753533401,0.4329490693073942,3.071759770222875,3.9916075013072128,0.255448427974053,0.3212730059758367,69291,Tcell_Qui_filtered,Qui
Tcell_Qui_filtered_210,1754.8717770202977,520.0146031016244,50.46808659537559,1.4675689587485297,1142.476457352816,4638.098154823362,60.56820358012614,2143.848925616851,0.443665653638505,0.4256866866630522,3.054107967800356,4.082768448673994,0.2549942123415819,0.3190996925998706,72753,Tcell_Qui_filtered,Qui
Tcell_Qui_filtered_211,3461.992706219145,489.45307622313845,59.598562788994975,2.346805490468108,1483.695268677422,4492.212128983588,70.00022491899215,1690.2717890859535,0.5005163027093124,0.4084184756872835,2.597390690526208,3.761218822013815,0.3186770469211853,0.31963472795651,97019,Tcell_Qui_filtered,Qui
Tcell_Qui_filtered_212,2414.015729638712,612.9785595319507,59.23572940466232,1.4606451647167853,1436.9473386008535,4476.72035155008,62.68602650459223,2054.6941477365885,0.4823133969037986,0.4236602185504764,2.7960085042858567,3.801787414171487,0.2867102155745038,0.3295392528091188,91953,Tcell_Qui_filtered,Qui
Tcell_Qui_filtered_213,2435.611827345111,612.7093127530009,57.25572142576933,1.395107603370639,1418.063617271622,4527.187232276736,63.20230809129139,2053.146837413771,0.4861831884087257,0.4262703954540106,2.790842717219104,3.755360107710979,0.2925706936328778,0.3322268912362812,91510,Tcell_Qui_filtered,Qui
Tcell_Qui_filtered_214,2580.8681663682783,583.1683363129592,59.80972129608017,1.563570403239298,1464.0304642454769,4529.375001559854,63.80550916245505,2011.4777461963351,0.4884370592868048,0.4253217489791493,2.7717822580196105,3.744661682750969,0.2919555394921439,0.3317865979316314,94325,Tcell_Qui_filtered,Qui
Tcell_Qui_filtered_215,2357.898775378719,586.1690898218872,55.65121489421797,1.712356982032804,1400.9273256061813,4623.786598591034,62.72965846334031,2091.002925284118,0.4725179568672014,0.4270762870582241,2.876982818316578,3.852830224996454,0.2839533632121706,0.3268172324536528,90515,Tcell_Qui_filtered,Qui
Tcell_Qui_filtered_216,2241.7276634130344,621.4193612056303,58.6349663337111,1.541041624599285,1372.8633325962303,4617.929513749913,62.0188471085122,2139.3399925673066,0.4710074809326533,0.4260556216222078,2.879311304312816,3.871235343229972,0.2800635744937506,0.3283660479736133,89797,Tcell_Qui_filtered,Qui
Tcell_Qui_filtered_217,2009.6595362795847,606.1781060500149,54.1512021553348,1.787422923899114,1256.7460110334084,4595.7286320401245,61.525107864599626,2141.153367612008,0.4711496560978755,0.4256051260517887,2.87539887760503,3.873244512770504,0.2774238756764993,0.3300101974175827,81451,Tcell_Qui_filtered,Qui
Tcell_Qui_filtered_218,2057.923235943121,583.7140896644956,52.461752453036624,1.4255653961359416,1271.3248386749342,4546.7275313761165,61.81345426411981,2097.052030102783,0.4737168074394727,0.4286463301929512,2.88025171229018,3.833101211400231,0.2776281108745607,0.3257924581539835,81065,Tcell_Qui_filtered,Qui
Tcell_Qui_filtered_219,1973.107459033972,602.3760161441247,54.922042406735166,1.2437438010411248,1254.3460668007606,4525.8062266410425,61.13511606719906,2127.212613638199,0.4753573152379381,0.43004179677744,2.879656018714717,3.811326002848793,0.2762215065187058,0.3297630197431135,80377,Tcell_Qui_filtered,Qui
Tcell_Qui_filtered_220,1943.427957260879,590.1570697088886,51.092345264087946,1.4939169619762374,1251.58882958632,4616.595023527698,60.82684652116112,2167.4397890885502,0.467739524218888,0.4322506578088976,2.9415871562231093,3.8532016344829674,0.2702152384318241,0.3258426593256744,80096,Tcell_Qui_filtered,Qui
Tcell_Qui_filtered_221,1927.3915002050087,593.2404706754245,55.3425243168638,1.3330418786436955,1253.6786780324574,4506.746909190793,60.589405206801125,2135.5766353644653,0.4738058762178104,0.4301719439739382,2.8899595678053163,3.822058116834356,0.2750516007567198,0.3296956072279582,79737,Tcell_Qui_filtered,Qui
Tcell_Qui_filtered_222,1892.4227675087488,583.838465011422,53.95263521427575,1.6052945183259448,1250.142515637698,4490.616365097899,60.21904390205661,2137.9920662889776,0.4690976965533692,0.4297990164088756,2.916434614797764,3.859930660937599,0.2743266257486049,0.3316393524818442,78712,Tcell_Qui_filtered,Qui
Tcell_Qui_filtered_223,1866.1431731011908,612.6011427925916,50.3913396459569,1.6721468892734996,1203.7054565509825,4603.447724896199,60.78941987809453,2177.435239410652,0.4671014776614695,0.4304168956136527,2.9331089625380504,3.870663919232952,0.2757329288731628,0.3243816533141763,77537,Tcell_Qui_filtered,Qui
Tcell_Qui_filtered_224,1941.5771056075737,581.4026555800092,49.84331605422585,1.5393935934037994,1207.153661456348,4655.449005436914,61.662214055158,2143.301824481798,0.4633048464866934,0.4256541720358468,2.924422916829501,3.932536481116724,0.2703488702250721,0.3247482170449595,78054,Tcell_Qui_filtered,Qui
Tcell_Qui_filtered_225,1856.6080159452129,629.5823767079495,52.85757742568777,1.2958670436731288,1186.8308711958991,4681.187237860943,61.00362401852721,2209.561441646799,0.4640775826230627,0.4283084417283895,2.937759039502141,3.908115904013496,0.2739326620302215,0.3272596010253055,78350,Tcell_Qui_filtered,Qui
Tcell_Qui_filtered_226,1827.0641137869773,607.2583694068077,51.34693920990203,1.6410566554193582,1201.108188370379,4646.67926647391,60.335540104020005,2209.472851153824,0.4633946722600525,0.431429455364661,2.963526968570601,3.891459379504326,0.2698386473700429,0.3289048253326119,77726,Tcell_Qui_filtered,Qui
Tcell_Qui_filtered_227,1824.8844308262285,602.4681700882169,51.52882399230015,1.7539059035600195,1189.2715124843592,4658.815287750117,60.54379617870311,2202.9487565321974,0.4616809564688227,0.4284241602775823,2.953807034610761,3.9254441690796367,0.2708612584551337,0.3269196884288672,77246,Tcell_Qui_filtered,Qui
Tcell_Qui_filtered_228,1814.1119220462904,599.8444341590487,50.40040138886681,1.2230763628471693,1176.7693251530936,4676.933086163764,60.654762663846896,2203.9846406956685,0.4613365747827231,0.4322575010292664,2.982461037682034,3.901100610979089,0.2695266122739899,0.3247803686765254,76518,Tcell_Qui_filtered,Qui
Tcell_Qui_filtered_229,1852.9332128031883,522.4355076664308,49.86937223571312,1.4208180192345303,1239.5512625432668,4526.319255904173,59.91730039632945,2127.3002029527497,0.4623716146527956,0.435300846756386,2.996735928324253,3.872016434785357,0.2637232801471998,0.3280439417254623,76443,Tcell_Qui_filtered,Qui
Tcell_Qui_filtered_230,1822.9760023297397,601.4061353054719,51.96398556466339,1.481900130277854,1200.324516294461,4590.7175185800725,60.29754538458229,2185.260676717762,0.4680285033946144,0.4311717912594133,2.932433448091237,3.858489563774643,0.2692635891717807,0.32875287798481,77067,Tcell_Qui_filtered,Qui
Tcell_Qui_filtered_231,1830.1388356518275,566.6982499529829,53.2148734586427,1.3635861685214976,1220.1441273783248,4555.012929405155,59.99898559685646,2162.064579323335,0.464725037728694,0.4347245279812802,2.9776126481011307,3.8585297365980753,0.27241939144046,0.3255568043676247,77236,Tcell_Qui_filtered,Qui
Tcell_Qui_filtered_232,1804.617647483341,583.7175654033355,51.34910365487633,1.6677339474714576,1207.1882938822953,4585.37729844926,59.91812495944136,2187.6578191511558,0.4588460439765234,0.4313798906000394,2.992561136386307,3.926004060506218,0.2695266822403535,0.3236679789719208,76760,Tcell_Qui_filtered,Qui
Tcell_Qui_filtered_233,2093.209432506529,547.4329124769615,54.336739912768486,1.4976163140786545,1311.9564882253676,4471.471213843432,61.471584094105495,2059.302709534033,0.4694511594282067,0.4251490689547206,2.882709926948591,3.889271854000009,0.2752921543793414,0.3291770919229347,81837,Tcell_Qui_filtered,Qui
Tcell_Qui_filtered_234,1528.210248149829,526.1935169655254,38.76264960993241,1.3977516876575666,946.2982983420072,4608.61706443072,61.758131743630685,2087.388551654164,0.457470938785794,0.4280066860718996,2.978085556451929,3.960329498215832,0.2674781645916597,0.322239547152333,59919,Tcell_Qui_filtered,Qui
Tcell_Qui_filtered_235,2237.9719066289176,628.0599358973456,61.352463534052205,1.461421132600065,1441.6137518722091,4675.295479186373,60.82130202509137,2213.7141257357057,0.4608728495202935,0.4281303110380601,2.9569567988264644,3.933634394189861,0.267633388279575,0.323423964011786,94371,Tcell_Qui_filtered,Qui
Tcell_Qui_filtered_236,1941.6878670014255,547.3844120015873,56.45722573509104,1.3464777028154056,1311.5628636739466,4527.343822644362,59.68454409901363,2151.923193076432,0.4642894639847602,0.4377257545905529,3.000982058210268,3.840861428099309,0.2672260992033646,0.3243702734528623,82009,Tcell_Qui_filtered,Qui
Tcell_Qui_filtered_237,5122.074822951254,673.1818219133895,86.211431156386,2.297247122757247,2312.6377382899213,4708.910596593291,68.8940531427372,1928.5334698685829,0.5047351412196563,0.4105004360319443,2.5888101778683126,3.7156028029245616,0.3162314908703146,0.3266457074902066,162368,Tcell_Qui_filtered,Qui
Tcell_Qui_filtered_238,2203.3911795710424,631.5030402562537,62.75068731764164,1.7440044540174242,1443.8129605304837,4641.312410316258,60.4131574469453,2218.859962259542,0.4650530219948036,0.4301199045715963,2.9439958756164697,3.888128069628736,0.273413382992689,0.326763230182566,94147,Tcell_Qui_filtered,Qui
Tcell_Qui_filtered_239,3472.892567924192,632.7557273488324,43.33370362820735,1.5919870689917528,1337.7295879704711,4614.208954002966,72.1921708955817,1739.9114364891616,0.5295848119957537,0.4028280205644127,2.421220142138971,3.5711908052233783,0.3419504991549419,0.3256927824338518,93755,Tcell_Qui_filtered,Qui
Tcell_Qui_filtered_240,577.6321380037041,602.6604938816158,12.156882600161255,1.2291059986734767,323.025347760497,4403.632896220266,64.13449586926906,1965.898407850328,0.494182166122143,0.4187317725928832,2.69711195613308,3.744023896385244,0.2951532113588723,0.3287480036399025,20394,Tcell_Qui_filtered,Qui
Tcell_Qui_filtered_241,2893.513086939536,631.0864344115832,39.20934382358474,1.4846389954685093,1207.104991888878,4642.57577616643,70.56285250945,1811.9544685116505,0.520921127643912,0.4110230838177035,2.511564689661766,3.5888433185937734,0.3320341619719754,0.3255220643838445,83242,Tcell_Qui_filtered,Qui
Tcell_Qui_filtered_242,4115.47447488065,596.6054283289701,78.38834519877281,2.0270201602677407,2275.2113696581646,4658.044254760524,64.39800946243578,2042.5584950040911,0.4769462925892023,0.4261257383224478,2.8439268188678426,3.825846100256964,0.2864843884502056,0.3230516385077132,147567,Tcell_Qui_filtered,Qui
Tcell_Qui_filtered_243,641.3114969296245,564.9206700481826,15.0086509390636,1.4446320916945867,402.7430499323282,4614.919352925838,61.42509496818658,2127.2038157579327,0.4619498091304408,0.4294723335575557,2.959310446975227,3.916049105083255,0.2779600597504877,0.3210194931117432,25422,Tcell_Qui_filtered,Qui
Tcell_Qui_filtered_244,6698.706718733289,641.7555069047681,70.36435121483164,2.684112407335973,2317.887731960213,4738.480987511804,74.29309098201777,1694.8969989209145,0.5323247717121913,0.3972013301905261,2.375112279639589,3.5827350302365457,0.3527820596023026,0.3184811839523963,169385,Tcell_Qui_filtered,Qui
Tcell_Qui_filtered_245,7475.77584399401,635.2175578908412,76.36533616900715,2.7434812850436163,2610.422042154706,4737.836873768073,74.11886945288299,1697.0218188842666,0.5338996168332523,0.3994876059033473,2.381737134803834,3.557409904315424,0.3516326549585521,0.3209987938365903,189210,Tcell_Qui_filtered,Qui
Tcell_Qui_filtered_246,410.68506524580914,620.7973770395213,11.044230499138012,1.2337538707011797,259.08737630766103,4591.535683411754,61.3171041037858,2156.793942404592,0.4810436305747763,0.429051685713436,2.839064578887048,3.775437726745198,0.2847900539501092,0.333951993878318,16794,Tcell_Qui_filtered,Qui
Tcell_Qui_filtered_247,2080.3283473461674,573.83985835282,49.42942068370309,1.4725481198861603,1216.9938392979222,4559.052253436315,63.09144904834003,2044.72400572408,0.4795896405975656,0.4257613564357223,2.825833534261688,3.808348320454769,0.2865092966446493,0.3318872626090837,78076,Tcell_Qui_filtered,Qui
Tcell_Qui_filtered_248,3734.430466032589,577.9272557652932,59.356023508611706,1.36247077319749,1790.9890037405005,4387.752766961451,67.5863703463938,1812.8299874130248,0.5153681311005802,0.4187019099623959,2.5860535268343057,3.5843555432167165,0.3171786891957378,0.3293913515846994,113757,Tcell_Qui_filtered,Qui
Tcell_Qui_filtered_249,5356.339671668011,603.4273248571766,62.774317533252486,1.869925549591428,2015.088776632167,4527.0418255485965,72.6635238913994,1676.0052654322758,0.5342966889369117,0.4006394502845654,2.386829274097833,3.547732222005537,0.3435817771251577,0.3233004149845196,138407,Tcell_Qui_filtered,Qui
Tcell_Qui_filtered_250,1798.9142162445046,537.0453275776606,50.2654575908152,1.785510490283843,1168.5351332086902,4543.069306533245,60.62156432681779,2114.55490318294,0.4579548747015642,0.4292442675160975,2.98354055139457,3.947867822621601,0.267268790513156,0.3230475631668132,73455,Tcell_Qui_filtered,Qui
Tcell_Qui_filtered_251,591.8088571506141,457.41968534718615,17.77466057999743,1.2589379540538257,401.69181488351546,4317.844591116182,59.56803792985093,2018.2652189942944,0.4707885978125399,0.4370069282734432,2.9546940228921272,3.797845487633861,0.2655780090732284,0.3284977698157805,23888,Tcell_Qui_filtered,Qui
Tcell_Qui_filtered_252,5874.338282465986,572.8053591580176,71.12858285542868,1.837349897140012,2342.7606212201963,4374.0934113689045,71.48920015835228,1656.582987128333,0.5337814388686406,0.4043930844953342,2.4115172864019243,3.530042601259012,0.3430101509056011,0.32616582742845,153131,Tcell_Qui_filtered,Qui
Tcell_Qui_filtered_253,368.41174935778815,563.582912552957,10.752940882996423,1.292736449060057,248.1464858522137,4574.36052508438,59.75295248993079,2177.8024837916983,0.4612568494526354,0.4262979908069345,2.941850404935134,3.943617044914812,0.2659283969652833,0.3288685149684756,15703,Tcell_Qui_filtered,Qui
Tcell_Qui_filtered_254,867.9719190472567,505.5884713226075,21.763455244414253,1.173762275774373,546.6302806714724,4475.579757115238,61.35802130237313,2039.671658276239,0.4655132476768718,0.4293588714155449,2.935881506580658,3.889955949257381,0.2774106853147027,0.3255196018344413,33556,Tcell_Qui_filtered,Qui
Tcell_Qui_filtered_255,1486.9853947205977,541.6376420197566,36.72424870162925,1.7819940902430145,901.6308647798376,4592.164071414465,62.25300480168345,2070.58965882992,0.4603995651048952,0.422688707646281,2.922374489893512,3.975618195646819,0.2686099541029741,0.3199898492370788,57321,Tcell_Qui_filtered,Qui
Tcell_Qui_filtered_256,2131.737461174142,567.9414637341556,51.88990967863994,1.54729964677613,1259.8977081577948,4590.23180926088,62.85279385146955,2062.109950279407,0.4686738003205675,0.4243920741318579,2.882349999547997,3.900403341402774,0.2749922991553219,0.3237678905594037,81069,Tcell_Qui_filtered,Qui
Tcell_Qui_filtered_257,15874.287005485216,122.98756357098692,52.025877091042496,4.566784615966736,1223.79113662781,3911.343279820985,92.84252226211564,394.13828059344974,0.6241763065667519,0.3025809776703401,1.543065886198066,3.305442855985211,0.4887811541336173,0.2373957388788238,87012,Tcell_Qui_filtered,Qui
Tcell_Qui_filtered_258,350.1321496091932,594.0844759461207,10.13522538654899,1.0438711440303323,246.5134657219865,4620.852762408695,58.68343629992915,2257.8067600766813,0.4631247687885311,0.4343301936522213,2.98519111532879,3.873199868719147,0.263471181776251,0.3250120440564711,15604,Tcell_Qui_filtered,Qui
Tcell_Qui_filtered_259,2569.889849463721,585.4958133832457,51.47966407633465,1.556709831724008,1376.559066495584,4541.759701405829,65.11904510080375,1965.478435857591,0.4888770713765747,0.4217105445293253,2.7457748233857138,3.764946284011023,0.2962640001954283,0.3263142079464794,88863,Tcell_Qui_filtered,Qui
Tcell_Qui_filtered_260,5645.59001911999,596.7593505940314,69.12502016166732,1.736739498718585,2237.4406269306546,4460.175087047406,71.61699950955284,1693.3126580196056,0.5331182229942981,0.4036730073084497,2.4102179117069014,3.5392585484178274,0.3409712464088679,0.3292302072751739,149836,Tcell_Qui_filtered,Qui
Tcell_Qui_filtered_261,1203.6208444099816,540.6173064018125,31.8650476660251,1.2862259214971037,757.0331654356735,4650.261988333651,61.38874265249543,2127.4027906105503,0.4627455111429271,0.4340000062054721,2.985366454183913,3.8783383853228814,0.2734002450167035,0.3227472589272233,48457,Tcell_Qui_filtered,Qui
Tcell_Qui_filtered_262,349.9534629157915,505.2315528132714,9.94133162075029,1.0783555714166635,256.02751829508185,4620.101214239687,57.74990862196916,2243.7677448528,0.4379884847645982,0.4314048664195979,3.135252151730884,4.083674096866127,0.24841964962972,0.3211112969736911,15689,Tcell_Qui_filtered,Qui
Tcell_Qui_filtered_263,1577.3102518127089,529.9345243282529,43.71397303423212,1.294062371220237,1027.12951459023,4486.639577818959,60.5623624765634,2090.365521195416,0.4668725945475518,0.4325381508798535,2.9490094553556063,3.857693232009134,0.2702657342197059,0.3278991074115718,63805,Tcell_Qui_filtered,Qui
Tcell_Qui_filtered_264,4345.700793040768,617.9828163641333,60.37453992052552,1.8252646384209064,1866.359607434736,4426.611675247476,69.95586830913822,1762.2522863432107,0.5277851580208407,0.4072388218567688,2.456077838962847,3.559128479597632,0.3307456153753547,0.328733417041007,123514,Tcell_Qui_filtered,Qui
Tcell_Qui_filtered_265,3569.702307018295,558.3720151488644,52.860974149786365,1.7673814137464223,1581.2056940831408,4501.519052266057,69.30238913711861,1768.8239483543373,0.5072651608596935,0.4122379068738624,2.5868009739773505,3.685398970986311,0.3198904932863161,0.3197221671553931,103204,Tcell_Qui_filtered,Qui
Tcell_Qui_filtered_266,2136.9402950217955,528.9661593441316,50.846138475801695,1.55797891681263,1242.3268620868473,4473.556372609006,63.23679649081658,1979.1238870500292,0.4803584255631051,0.4290516728308784,2.8431142638055054,3.780562947992288,0.2861418874668124,0.3277122367010455,77930,Tcell_Qui_filtered,Qui
Tcell_Qui_filtered_267,795.7910714633803,610.9517634709953,20.89500768016662,1.1172114407301557,498.5297508249884,4690.2641098928025,61.48329361312568,2182.168522545797,0.4646895580537616,0.4264892671761274,2.921428892485149,3.91616869142566,0.2747836898020794,0.3269386236964038,32651,Tcell_Qui_filtered,Qui
Tcell_Qui_filtered_268,5093.641506730725,608.3972953780374,59.31219411785167,1.8037381922320932,1957.532188407348,4500.681485327301,72.23820780706188,1688.965143750337,0.5331662874144322,0.4018585793459899,2.3991681708519703,3.5493717995342102,0.3441145511945143,0.3252839013970883,133180,Tcell_Qui_filtered,Qui
Tcell_Qui_filtered_269,451.7487935972607,530.4659243508027,10.791206502300248,0.9902083095676932,253.88843358980063,4563.948912289547,64.01997743204441,1981.714013685812,0.4748432286196207,0.4265200474010764,2.859165711134071,3.839056799755636,0.2835621600363501,0.3186774766279253,16311,Tcell_Qui_filtered,Qui
Tcell_Qui_filtered_270,1956.822923501059,558.145535249723,46.48688199106583,1.513246049155888,1138.7245453416613,4620.055429184981,63.2141145692921,2052.355055131336,0.472466228327575,0.4260145069267834,2.8701443845524843,3.860468580690192,0.2833227640112358,0.3272077028526676,73495,Tcell_Qui_filtered,Qui
Tcell_Qui_filtered_271,3406.8978179531277,537.9070165783157,57.973123995268296,1.7787557077562732,1595.015888964209,4437.073740367764,68.11188712115523,1781.2777027946486,0.5023719835935587,0.411495786418603,2.607294618682124,3.72751355337401,0.3127098053760214,0.3261168234080325,102210,Tcell_Qui_filtered,Qui
Tcell_Qui_filtered_272,5503.3418359400175,596.4689089338831,72.9790321391349,2.006861184394308,2242.1243171712144,4431.371174748905,71.05242895844832,1706.5799667047618,0.5308861386501914,0.4061450942715184,2.435173746678974,3.5419299168708926,0.3401067471703419,0.3274821598356491,149281,Tcell_Qui_filtered,Qui
Tcell_Qui_filtered_273,777.6728141979356,562.955747045697,20.871006634561127,1.468371360396817,486.4417509848248,4670.741847807124,61.51917204478242,2143.665849248042,0.4580712316842781,0.4281639849658533,2.9752758936936474,3.954652633385196,0.2720370850869511,0.3201785439156088,31505,Tcell_Qui_filtered,Qui
Tcell_Qui_filtered_274,3840.893742013031,593.0662471463438,55.5997735814732,1.419405691275265,1675.0742338705177,4591.6678199617245,69.63227050638915,1807.350756306188,0.5088822097930542,0.4096799670713566,2.5625809112740288,3.6888593505513,0.3188527230181966,0.323934730866101,112326,Tcell_Qui_filtered,Qui
Tcell_Qui_filtered_275,4574.145271644925,589.7065586843112,60.82150188847874,1.931899556909051,1832.36084960311,4392.695906462055,71.39843754264372,1677.420932235569,0.5342569402022133,0.40498906456363,2.412921823685368,3.5229849188329814,0.3424249490889611,0.3271121765395446,121767,Tcell_Qui_filtered,Qui
Tcell_Qui_filtered_276,1178.2687836725777,561.8986074844855,31.492807316675787,1.313500245553042,733.7047296951077,4766.100388312566,61.62579007683087,2175.227824453068,0.458622385382993,0.4313993960853179,2.994155912232665,3.927549622599281,0.2656139953946219,0.3229261887712871,48176,Tcell_Qui_filtered,Qui
Tcell_Qui_filtered_277,2561.2175034623288,560.3042273763192,75.6350444529288,1.4842577982871397,1449.9189002572932,4613.374842300546,63.85266532165925,2025.3812273024637,0.4726723465175173,0.4247263794692621,2.860218214671969,3.867697081462735,0.282035658707354,0.3209478747072637,97260,Tcell_Qui_filtered,Qui
Tcell_Qui_filtered_278,1061.369930673166,549.8753815797654,26.60339405511404,1.1173115310055972,638.6288810472049,4645.982176611474,62.43356897403223,2088.6365154853315,0.4618421562843551,0.4276107484198133,2.9471698676348645,3.9299373108732745,0.2780304850753349,0.3227411964674743,41168,Tcell_Qui_filtered,Qui
Tcell_Qui_filtered_279,3412.635872982278,571.6108456568367,56.35761797002695,1.6698039724010845,1606.728129450466,4460.634669285582,67.98940804708066,1816.510392790456,0.5079516340151682,0.4122853201742161,2.583602149333446,3.679862037561206,0.3142081918558444,0.3297071340201494,103935,Tcell_Qui_filtered,Qui
Tcell_Qui_filtered_280,1386.231477672816,545.9677997855993,39.55607487039055,1.3795030346583574,927.286981283339,4473.271306935127,59.91875588052472,2120.079905798916,0.4657552049722681,0.4317553945785095,2.9507348289474504,3.8714831394275553,0.2705272094035258,0.3268114458331897,57509,Tcell_Qui_filtered,Qui
Tcell_Qui_filtered_281,5166.6185842709065,613.640780200873,62.85975466085275,2.210683703116893,2126.6166909133667,4411.985001564445,70.84124382838266,1721.1907102669938,0.5365596066072943,0.4086685702928522,2.424395062448628,3.4843743669661147,0.3372019452501845,0.3273391006438255,140478,Tcell_Qui_filtered,Qui
Tcell_Qui_filtered_282,4159.861665967574,586.9880849709241,64.82240612910617,1.873727724831124,1791.8374681107168,4565.182476422394,69.89368199324797,1784.675939388077,0.5126784205635042,0.409334015208102,2.541457930857179,3.661885365164169,0.3205669748536293,0.322139629235975,120869,Tcell_Qui_filtered,Qui
Tcell_Qui_filtered_283,2765.6695524097595,153.42387256541136,23.327118757539527,2.0456386434939158,532.885181151581,3959.807593123251,83.84488892272397,768.3493906488825,0.5245621744186243,0.3784318536707227,2.296364590217618,3.753079618215156,0.3564113993374445,0.2800432637399841,31623,Tcell_Qui_filtered,Qui
Tcell_Qui_filtered_284,1178.3712863062358,569.9711055432831,30.413719723906954,1.2251070046577328,761.0195597794769,4604.112571780751,60.75986636136555,2152.973608066432,0.4668205980146631,0.4332601039950507,2.95426069409024,3.8530826112014216,0.2664014010099295,0.3268291560505641,48226,Tcell_Qui_filtered,Qui
Tcell_Qui_filtered_285,2757.862296061809,557.3385104754523,54.68616234912937,1.444192119032033,1415.5455802595952,4461.278593517041,66.08178203019762,1881.485417251983,0.4978354733108818,0.4203792959274943,2.6878535784279536,3.705796626524756,0.3029013605892418,0.3267767440194082,90641,Tcell_Qui_filtered,Qui
Tcell_Qui_filtered_286,3439.552342509375,550.9502873333618,58.86880359932001,1.5317905219906005,1689.837620445394,4411.45183211911,67.05577792584194,1822.7624894238816,0.5055827212058153,0.4175437038685491,2.6288139068156817,3.6651499664957456,0.3079038527269537,0.3281864133099383,106822,Tcell_Qui_filtered,Qui
Tcell_Qui_filtered_287,3184.022217108167,548.7753907668385,54.26029442338278,1.4873449414761508,1570.534449878803,4451.1363686245095,66.96780457400516,1837.810895200548,0.5000741022899843,0.4188275878577512,2.665944131302449,3.698738789650157,0.3075170857480143,0.3241159613598602,99620,Tcell_Qui_filtered,Qui
Tcell_Qui_filtered_288,3087.3747852277006,599.0972862410691,52.97079417399341,1.803170400211124,1518.7520738669093,4479.208994546226,67.02756740474494,1878.4645038825863,0.5020366388182922,0.4138702457192821,2.624091164339182,3.715137110741797,0.3107668893613213,0.3286499432122254,98428,Tcell_Qui_filtered,Qui
Tcell_Qui_filtered_289,6182.019432716678,651.1139027258138,69.17143157666357,1.917542655951877,2475.5880532853084,4555.495458558282,71.40563305407467,1767.5470917695775,0.5304363294381147,0.4042285524513373,2.4257377819374155,3.556514880110899,0.3394826508718113,0.3297533273263385,169426,Tcell_Qui_filtered,Qui
Tcell_Qui_filtered_290,2648.115071475532,557.1177161127362,48.05221782274079,1.3281525221499193,1357.6925431562497,4602.380760255049,66.10689594285346,1928.182929049184,0.4897625830509021,0.4217486757656474,2.741058170366092,3.757994752664672,0.2993969318627032,0.3266484440507698,87827,Tcell_Qui_filtered,Qui
Tcell_Qui_filtered_291,5883.796634301824,630.2851099162285,60.96757982283562,2.6215048290648126,2267.794727275756,4516.548833063656,72.17972998542375,1711.454171174367,0.532209890141381,0.4024228814984358,2.406854588393535,3.5534336518945837,0.3445844221954564,0.3239897347290873,154242,Tcell_Qui_filtered,Qui
Tcell_Qui_filtered_292,4420.39660606931,588.7583682095079,64.79055924734209,1.583588183713297,1857.462848048467,4490.79609077924,70.41248117094881,1743.2745140915076,0.5210063443245838,0.4070567550372644,2.4869215274955145,3.6119153562334265,0.333469804349938,0.3269373751150369,124315,Tcell_Qui_filtered,Qui
Tcell_Qui_filtered_293,6120.66198175158,656.7187333572741,71.95381972609536,1.9987905571020173,2558.269527510792,4511.2261748780365,70.52322022842854,1792.9034031731824,0.5345084114211116,0.4096820276347275,2.439734095881509,3.493998707594601,0.3385531263161482,0.3325178085894628,172601,Tcell_Qui_filtered,Qui
Tcell_Qui_filtered_294,3429.6562869116133,559.0983046966601,54.23824806355058,1.4781866004645523,1556.8752969215732,4481.704405615352,68.77839294211809,1783.7989679539971,0.5129418904621831,0.4148306886341596,2.574262538115279,3.626255760554913,0.3197904937698749,0.3281011590577575,101276,Tcell_Qui_filtered,Qui
Tcell_Qui_filtered_295,1246.9764552651566,535.4098750706454,31.59876368703293,1.5293933046659622,760.4548509617316,4642.936879741798,62.11801377198499,2091.422689292169,0.4573999460351229,0.4297216139049963,2.9904821633343786,3.948677596463682,0.2694071702526549,0.3158801472603733,48703,Tcell_Qui_filtered,Qui
Tcell_Qui_filtered_296,870.8306206615594,506.4726403114466,22.908886631353106,1.0334563127523098,523.0998726943056,4481.019065687092,62.47303038511258,1997.9994696917583,0.470961598889509,0.4286190134461904,2.896917067293078,3.854015308223162,0.2729385875729573,0.3241919522884543,32786,Tcell_Qui_filtered,Qui
Tcell_Qui_filtered_297,2368.5222171068403,483.7678357280043,48.65100821406861,1.6572405798262864,1130.1060923004245,4551.361058625773,67.69859521053591,1797.6575878450203,0.4863912015909993,0.4162674340538608,2.724186603751982,3.819569304591428,0.3001112541718024,0.3210952383808993,73576,Tcell_Qui_filtered,Qui
Tcell_Qui_filtered_298,581.7765919594649,472.6627499619431,16.177910666581724,1.3137516097569777,379.2922901862325,4516.009401998548,60.53432826381616,2068.3966668106887,0.4554135075386376,0.4305497779782302,3.0093145801802894,3.957796117533912,0.2622140915107532,0.3187562171541735,23335,Tcell_Qui_filtered,Qui
Tcell_Qui_filtered_299,2219.68026931976,585.8715852659534,49.33343219498842,1.3816337423814231,1259.4820656823133,4541.63202085892,63.79927280163653,2017.8856291757584,0.4843892509636077,0.4243366356191614,2.788471171043716,3.7816146188470494,0.2914108216855648,0.3309987206658122,80920,Tcell_Qui_filtered,Qui
Tcell_Qui_filtered_300,7057.6283414521695,658.490589642042,71.66293634780645,2.400234991627004,2695.820527754184,4616.7960130869005,72.3603356730003,1752.5529217196247,0.5344674238411796,0.4041966195140963,2.4072520459476503,3.5259498524415043,0.3452930119900702,0.3261628681290315,188084,Tcell_Qui_filtered,Qui
Tcell_Qui_filtered_301,3819.0389103528382,571.6127254450856,58.21297479216408,1.4830916536120482,1747.929454923877,4505.870988200646,68.60177137297252,1806.900129562796,0.5096871555263555,0.4130467177323462,2.579559878729824,3.661922046100664,0.3163856842548669,0.3265161293184368,113841,Tcell_Qui_filtered,Qui
Tcell_Qui_filtered_302,759.5393374383034,562.8097628222836,20.85165876948044,1.1440881446478015,506.0819462553901,4604.350880090707,60.013160905575255,2178.894306319424,0.4568888863325682,0.4312852791140684,3.0047211086595804,3.9414172758848136,0.2546891917058775,0.3209231554921984,31993,Tcell_Qui_filtered,Qui
Tcell_Qui_filtered_303,3534.814023001961,560.3311143125516,53.8438790633962,1.6016431063648602,1589.4264013036675,4481.533186670084,68.9822047817156,1776.6015432115353,0.5136964745793858,0.4165529223054102,2.581152876260782,3.610025290492822,0.321990105717431,0.3236934263920609,103333,Tcell_Qui_filtered,Qui
Tcell_Qui_filtered_304,567.0803359009398,519.0471407649635,15.467923662666772,1.0764747811068534,369.1048253617236,4603.506713838151,60.57352320518519,2129.405646536256,0.4527966837240492,0.4294961399617332,3.019299220639048,3.985169015877806,0.265002180310682,0.3248784709073419,23216,Tcell_Qui_filtered,Qui
Tcell_Qui_filtered_305,4323.864340484011,630.0955567272986,59.60847717142666,1.503493451677192,1989.5975587372463,4483.012821206436,68.48642487281572,1844.2875334571847,0.5213049662781513,0.4147952542225835,2.5327483661592125,3.563359835398124,0.3241412567825776,0.3312786374548315,130210,Tcell_Qui_filtered,Qui
Tcell_Qui_filtered_306,595.571793767087,473.6171791771207,18.162779317083515,1.3533574302821347,398.9262154835464,4405.215260606334,59.88667531027616,2050.711883075774,0.4626012450025826,0.4336915930053444,2.9841753151275534,3.8815745023626,0.2573978547507234,0.3185798050837277,24285,Tcell_Qui_filtered,Qui
Tcell_Qui_filtered_307,2071.949536041301,522.3880360880545,46.28873768907766,1.4438457840971337,1189.6816975115298,4567.408310481493,63.52494772330124,1997.8112957761248,0.4680847649523764,0.4247981942964529,2.888738856761145,3.9020855037284936,0.281081481726921,0.323570560874336,75185,Tcell_Qui_filtered,Qui
Tcell_Qui_filtered_308,3467.119760136179,572.0601724951291,53.84423837559366,1.5023380282170975,1413.2277087164753,4570.97500115399,71.0424776568477,1730.0468274876491,0.5136548905288116,0.4039063343421278,2.502991438103387,3.6874807836307033,0.3268642383507344,0.3206505651253186,96621,Tcell_Qui_filtered,Qui
Tcell_Qui_filtered_309,2568.9869389606147,564.9056544939106,48.35911341194623,1.5023036558230742,1243.6836775002705,4658.061712310531,67.38024858138097,1900.0829857298384,0.4881321863514703,0.4182388470988226,2.7273259895590787,3.793306376317348,0.3049368457558151,0.3225545219997323,83023,Tcell_Qui_filtered,Qui
Tcell_Qui_filtered_310,1899.349434878348,550.1837088801807,45.75622471755633,1.3235442005723852,1199.1863681365785,4604.715573280694,61.29828911546704,2119.356908761731,0.4617157791034629,0.4300603723504209,2.9648644116263947,3.9136858004614834,0.2663571950484181,0.3242630649842194,75455,Tcell_Qui_filtered,Qui
Tcell_Qui_filtered_311,2456.1076401876408,540.5118240503393,58.72044911320586,1.4315187104866651,1401.0789509816598,4445.526015931899,63.67614275676188,1958.963604437586,0.4896865066009402,0.4266323924952541,2.773229534955332,3.726736571753912,0.2911730474401547,0.3304822180353164,88352,Tcell_Qui_filtered,Qui
Tcell_Qui_filtered_312,1157.986749302488,614.9220006350703,23.97333666189204,1.1547245493154803,621.6736624161475,4553.691494428061,65.0678489939667,1990.8189079864103,0.4865355132248438,0.4173352914694853,2.730364906923874,3.811443882391163,0.2905982765273902,0.3264342002582205,40668,Tcell_Qui_filtered,Qui
Tcell_Qui_filtered_313,5648.213079127721,632.9624778412243,67.04998578692697,1.8354630852562344,2151.205460940745,4569.440956691236,72.41838670550611,1718.7067492986098,0.5327301219136035,0.4027376680537198,2.406385072043949,3.547631060013376,0.3470044703949145,0.3260303051676377,149806,Tcell_Qui_filtered,Qui
Tcell_Qui_filtered_314,3230.777580927821,606.3923775302281,57.89506664692656,1.475448111887132,1608.7636653600807,4543.863776190023,66.75793048371975,1915.28935705637,0.4995047222022382,0.4177196269245752,2.661922520309284,3.710079312094916,0.3061951076077601,0.3268351205446363,105552,Tcell_Qui_filtered,Qui
Tcell_Qui_filtered_315,1490.0882459953966,542.5930537331949,38.01854277909111,1.270486624248282,910.24360585119,4593.054163120872,62.07842656627102,2078.591637734276,0.4655437841342522,0.4281407040039433,2.9273598618780565,3.898195879484316,0.2721110416173356,0.3270824833073826,58013,Tcell_Qui_filtered,Qui
Tcell_Qui_filtered_316,2046.5645561051515,579.1007047627543,49.42767099178536,1.4717956778782018,1192.3283527652047,4576.226849452853,63.187163444034375,2050.55621934329,0.4733698834164301,0.4222504888901837,2.839354799879507,3.879264950416666,0.2794450750234324,0.3270084725158707,77041,Tcell_Qui_filtered,Qui
Tcell_Qui_filtered_317,5921.665389028082,608.50697223996,67.53639565797943,1.6177104943797664,2384.279697521953,4445.197464469506,71.2942997735097,1709.8558435576283,0.5360048082151809,0.4074344002111053,2.419575264453473,3.4956532632583297,0.3447508585827165,0.3286141007646885,158197,Tcell_Qui_filtered,Qui
Tcell_Qui_filtered_318,3463.558169033103,621.3309682571302,53.22706910182502,1.3920200888656884,1549.0582275786967,4496.4938434384,69.09681282162828,1818.87980504117,0.5189209466434203,0.4116149366649019,2.5248759852314286,3.6004659836172825,0.3275625662940338,0.3283591154731631,103293,Tcell_Qui_filtered,Qui
Tcell_Qui_filtered_319,2808.8382784528376,571.3002264813197,54.6453614664576,1.4747411905725596,1457.1857698062524,4567.644772776836,65.84206386738698,1936.369044244106,0.4868703112419703,0.420737691525496,2.7507318398831666,3.786539239051629,0.2971734209076753,0.3245633844823736,94609,Tcell_Qui_filtered,Qui
Tcell_Qui_filtered_320,3121.5037238967425,592.7100448363403,56.24728937441591,1.5527570337068817,1434.669885436205,4608.393991847387,68.51151847029267,1857.1879427823364,0.5025521194016224,0.4145444038722426,2.625669595659354,3.706958888234982,0.3123347365412062,0.3227484509917873,97055,Tcell_Qui_filtered,Qui
Tcell_Qui_filtered_321,2269.46506949607,587.1407744672259,48.6785549424438,1.5342436404938466,1261.3737109804413,4527.418218867499,64.27552235023853,1994.784309430593,0.4819006664250972,0.420393376588937,2.7768247105182864,3.826653924318282,0.2898224213164893,0.3264947575486133,81056,Tcell_Qui_filtered,Qui
Tcell_Qui_filtered_322,4281.231167281268,577.2574972209089,62.05682146624281,1.7402591658122557,1781.90527707023,4404.581237180642,70.61083329684462,1702.076051427117,0.5267451234302599,0.405792001625904,2.452184179906047,3.575557570200408,0.3337951458368824,0.3279295167291299,117590,Tcell_Qui_filtered,Qui
Tcell_Qui_filtered_323,2952.961897371065,1.342036912009589,67.82291941986358,6.341687197890282,1591.949568033768,3491.39365997135,64.97292455196447,1223.8050520963934,0.4585947530782475,0.4293142985313211,2.9798636941505103,3.9425271561827446,0.2659443714712123,0.3265228137571787,72638,Tcell_Qui_filtered,Qui
Tcell_Qui_filtered_324,3300.322832840629,584.3431857718857,62.58524448853605,1.926293546669993,1682.8133680294889,4438.284302049648,66.22983398014188,1885.8254990464588,0.507344296299478,0.4212340626870964,2.642839734843854,3.628894136358034,0.3111285719231087,0.3319925866388529,107934,Tcell_Qui_filtered,Qui
Tcell_Qui_filtered_325,2301.9111301003704,524.020666019888,51.057831854436365,1.4460393722836906,1295.1533292398312,4402.7762546841095,63.99415846227573,1920.599256909952,0.486115563118701,0.4250532229749931,2.7832608805858348,3.763877730933888,0.2901971303120457,0.3260717690112419,80324,Tcell_Qui_filtered,Qui
Tcell_Qui_filtered_326,4109.5611751597,553.1190675118993,63.97507098951265,1.7744687394203973,1817.6438403448824,4449.083777870059,69.33387936489073,1747.8603054916182,0.5098753919112274,0.4098024832855249,2.5583541367527185,3.68048632948866,0.3207971226630322,0.3219101826462861,118222,Tcell_Qui_filtered,Qui
Tcell_Qui_filtered_327,7515.89982198117,626.0620563209583,73.0626928610951,2.2288034120028817,2762.741857731493,4465.050670945868,73.12152768994352,1657.923548089136,0.5469914703096971,0.3998563471308208,2.326877753194491,3.4551610246415736,0.3563451238872708,0.3279753218408147,188409,Tcell_Qui_filtered,Qui
Tcell_Qui_filtered_328,7798.412070893844,619.2227813336505,64.44411355517605,2.3792005825914697,2631.532614985188,4485.566922773719,74.76944802451364,1594.7227494908589,0.5583472044234176,0.3964393944095262,2.2600736157276744,3.3875396703259075,0.368525434187509,0.3272219417726247,182728,Tcell_Qui_filtered,Qui
Tcell_Qui_filtered_329,6791.25150746157,593.1487568174314,70.49108029616666,1.7726185024553884,2601.614728794696,4377.677589868812,72.30222742071511,1641.3789461934666,0.5426514674581703,0.4023748624508109,2.3602607631353907,3.474064780615659,0.3495766016952661,0.327731170015326,171488,Tcell_Qui_filtered,Qui
Tcell_Qui_filtered_330,8445.57418607746,628.89163616687,74.51210811927051,2.734607247848417,2827.970534252348,4362.863307759808,74.91498366833447,1565.5590398057225,0.5686313386805948,0.3939139635162096,2.2050615286872426,3.3229803719367625,0.3757116328368343,0.3299867748391238,195464,Tcell_Qui_filtered,Qui
Tcell_Qui_filtered_331,4175.3835634585685,590.1446332532413,51.43758773677261,1.536489870654839,1546.7613683793734,4465.154567770198,72.96885369377463,1637.6042380332872,0.5417680081552572,0.3998750694582614,2.3494223714021545,3.4948867147164786,0.3525093445047385,0.3272555567045376,105875,Tcell_Qui_filtered,Qui
Tcell_Qui_filtered_332,4785.527295187995,565.1409067625627,56.37325742256713,1.5411097244180303,1775.8780957044394,4206.075516418997,72.93448598421539,1550.578573844678,0.5577705818451945,0.3996068927808908,2.280486434737191,3.3747943775734788,0.3645425772482561,0.3279575464585023,115499,Tcell_Qui_filtered,Qui
Tcell_Qui_filtered_333,7234.013331174173,194.3545379090359,49.88363368144362,3.706980158064904,1211.0832219260303,3796.9611184607616,85.65933243852089,710.9923711739285,0.5803318296204037,0.3563659482311735,1.9546541931956665,3.422662843433009,0.4172129996374566,0.2807580221633645,74223,Tcell_Qui_filtered,Qui
Tcell_Qui_filtered_334,6065.055940391754,563.5424313406157,58.52179472347213,1.843010003542839,1952.3698959519725,4359.852485410692,75.64841963237501,1488.003925161718,0.5632800674225055,0.390302979173223,2.205604353200644,3.3827481385856872,0.3757911637126015,0.3241634107148752,133946,Tcell_Qui_filtered,Qui
Tcell_Qui_filtered_335,4506.749734639061,450.0309524017349,46.50232980930676,1.5668978624438548,1216.6705164862656,4344.642864405318,78.74224741321335,1277.937916870978,0.5646959193223156,0.3792946152599308,2.138021927950244,3.42979938857848,0.3876117330473256,0.3105304160947096,84680,Tcell_Qui_filtered,Qui
Tcell_Qui_filtered_336,7447.91084877439,647.1607337697676,75.11782347477009,3.290672071512663,2815.374522987178,4519.494700097153,72.56848639585326,1709.40055254086,0.5398015223271644,0.4023695620454941,2.3726907798695858,3.4957731420718288,0.3487620510762565,0.3276269701474682,193679,Tcell_Qui_filtered,Qui
Tcell_Qui_filtered_337,5408.830107457086,614.6473605049728,67.48374718665218,1.87058459394508,2166.821044513511,4400.492719861489,71.3975604070698,1697.4914924966715,0.541191442625138,0.4057188225996351,2.3862962728655823,3.4662349824103087,0.3456559600559269,0.3302666752343939,144606,Tcell_Qui_filtered,Qui
Tcell_Qui_filtered_338,7700.045062410567,150.45615999112303,53.98297628796378,3.290995058709824,1174.0144622428097,4088.848808637218,86.77026608869105,671.4950277895541,0.5397274385678101,0.3636900033110238,2.144899726930779,3.713260090104246,0.3772768839292291,0.2698275072451662,74756,Tcell_Qui_filtered,Qui
Tcell_Qui_filtered_339,7000.337628730045,633.6027853863653,79.13196696478511,2.286540064377855,2666.140519421718,4548.475462915453,72.41869811776809,1713.3756368806785,0.5386379735938229,0.4037771059157515,2.3861341184344824,3.496620554706505,0.3478993104668593,0.3272374058550959,184405,Tcell_Qui_filtered,Qui
Tcell_Qui_filtered_340,6658.870531515796,659.0602904219651,76.75132250911099,2.273337992428056,2584.69126525737,4512.320492486117,72.03792951154759,1736.5116242266265,0.5389823071194947,0.4029925283004235,2.3799761907172656,3.498468964461023,0.3475997911674344,0.329185227388668,178739,Tcell_Qui_filtered,Qui
Tcell_Qui_filtered_341,7367.957770146381,603.7810734600442,78.21989630356072,2.2752233830970283,2490.2995519692763,4642.957662002714,74.73894755838207,1624.1195897013624,0.5384542979819609,0.3956206733196478,2.338730918636861,3.544404188881916,0.3572766583082706,0.3203261491290308,178742,Tcell_Qui_filtered,Qui
Tcell_Qui_filtered_342,7790.421166185301,669.0058300416589,71.72013929945588,3.5855593361836373,2562.226733583806,4829.327678661941,75.25051795066892,1698.6639391603342,0.5372363333322842,0.3933259123225189,2.3304366926925604,3.5668685302498773,0.3588119878841598,0.3217991149829112,192919,Tcell_Qui_filtered,Qui
Tcell_Qui_filtered_343,7499.437438825392,635.2389095769453,71.55870928911128,2.4431776684997826,2605.6436392756405,4586.538695221562,74.2145202088245,1654.1005172930984,0.548099766916286,0.3988298425782413,2.316211198410691,3.452422442807224,0.3596794030006506,0.3270834684424067,184602,Tcell_Qui_filtered,Qui
Tcell_Qui_filtered_344,6918.521078591926,624.1649423854823,71.17621564849902,2.317997183451466,2494.335433521256,4616.003845531332,73.50076004758645,1681.9719118438934,0.5351857900812496,0.3997301269896202,2.3774557094832707,3.546131089953272,0.3485244859216546,0.3203745598401751,175369,Tcell_Qui_filtered,Qui
Tcell_Qui_filtered_345,2470.545790804138,628.2707853276987,24.368471920152288,1.6824529326779292,841.1571778478243,4437.811453819514,74.60046429857749,1595.876427481487,0.5576706178295678,0.3952227759319683,2.255871347745884,3.3992487484745677,0.3672109944713097,0.3255255170770006,58866,Tcell_Qui_filtered,Qui
Tcell_Qui_filtered_346,5281.957495677982,552.5023856633396,60.74142684878944,1.9640249657993163,1931.6915461278145,4440.202401909231,73.22171435104565,1593.5618011881088,0.5398498292840285,0.401135588463955,2.365202628248882,3.5024059418605504,0.3484160378440683,0.3234800453747516,129529,Tcell_Qui_filtered,Qui
Tcell_Qui_filtered_347,7195.085922381531,596.2645370174707,65.72065020157457,1.9293184116390365,2287.246235566204,4527.572559747599,75.8788640023634,1544.540691666204,0.5540584815912389,0.3899857260421203,2.2404911429792507,3.4552660715706933,0.3731427377919729,0.3211779251980005,162794,Tcell_Qui_filtered,Qui
Tcell_Qui_filtered_348,7142.031824411588,658.5232388011983,73.66492119302413,2.657505811460758,2688.568788989532,4575.516375067525,72.6510221021037,1729.7808259007918,0.537707406557886,0.4010588219374187,2.3741720200791363,3.519208630755533,0.3509585676324379,0.329170785618101,187739,Tcell_Qui_filtered,Qui
Tcell_Qui_filtered_349,6195.976742371604,621.8282487422236,66.46343814219959,1.8884097766622407,2202.0027944094963,4578.143457401698,73.77937413677586,1659.1988575746602,0.5412988528834819,0.3980599192013913,2.340784705165414,3.508714389461393,0.3555909546888848,0.3264773006348072,155232,Tcell_Qui_filtered,Qui
Tcell_bckgrnd_filtered_0,1476.1866221089615,442.25846994241215,41.74726929931269,1.4951913755232906,952.5494470067688,4717.678327398514,60.78003455708636,2119.0766605761632,0.4345949582620872,0.4355854355590807,3.19035340332947,4.077918775096494,0.2500984143443573,0.3112327240001563,60212,Tcell_bckgrnd_filtered,bckgrnd
Tcell_bckgrnd_filtered_1,1309.5793379255936,411.9921778708353,41.53837657983173,1.555828214049079,928.018597425349,4532.335065330357,58.52612380607156,2120.858085781134,0.4335272882957827,0.4386614713359656,3.220795709609398,4.062687379952099,0.2379498507802544,0.3121242256895015,56236,Tcell_bckgrnd_filtered,bckgrnd
Tcell_bckgrnd_filtered_2,1296.2553744927268,430.3645228232387,37.74586930651335,1.561384395505827,909.6413358295528,4644.893436206513,58.763194506208094,2168.3016133147216,0.4300614920589106,0.4369487831029451,3.2340751261355005,4.101684281162201,0.2465997193557101,0.3175918635966763,55760,Tcell_bckgrnd_filtered,bckgrnd
Tcell_bckgrnd_filtered_3,1449.74683353078,417.30583148765567,42.85570265866461,1.41159360005386,964.8592661323468,4651.96756294542,60.0407177689579,2109.4462642907984,0.4284507954007496,0.434482678362282,3.227911661803968,4.132735384303778,0.2427755843767478,0.3113933732773072,59943,Tcell_bckgrnd_filtered,bckgrnd
Tcell_bckgrnd_filtered_4,1322.14858041523,439.9502477907754,41.24854911691729,1.1842331701437545,940.6282131622626,4610.390702938087,58.43035796406981,2173.58741631713,0.4384111319197568,0.4421452556992749,3.2102105939248595,4.000251820070237,0.2436138228674318,0.3149356598521584,57845,Tcell_bckgrnd_filtered,bckgrnd
Tcell_bckgrnd_filtered_5,1335.6349386713616,426.21860321527936,39.70269311614525,1.3436315035894992,889.1164435187969,4649.535088249032,60.03524480818592,2114.056697434546,0.4363627820616711,0.43919838468136,3.203783493622294,4.0374821906581335,0.2464243569969111,0.3157200199744505,55377,Tcell_bckgrnd_filtered,bckgrnd
Tcell_bckgrnd_filtered_6,1291.4935580982387,438.4870869058297,37.98713687087905,1.463615582242144,889.6566333316326,4635.653262990715,59.211583098346345,2150.444724862527,0.4364290358909451,0.4387277085428427,3.199864250252214,4.040518968764221,0.2484686056966664,0.3158671472091912,54893,Tcell_bckgrnd_filtered,bckgrnd
Tcell_bckgrnd_filtered_7,1369.784001304568,394.565165199922,40.06951369296601,1.403072175428185,925.4188138962184,4647.129785757644,59.680303293142224,2109.1863224719323,0.42893071614463,0.4389420475265835,3.2573930457886617,4.094921391641357,0.2418004043346112,0.3132243128714682,56838,Tcell_bckgrnd_filtered,bckgrnd
Tcell_bckgrnd_filtered_8,1480.9608817817984,375.6718486528211,44.5554894003138,1.7353968552818182,963.1415193499806,4522.650522002921,60.59324196465814,2009.861700237125,0.4359153362309165,0.4356696073070856,3.1813045238260123,4.067342081609838,0.2471622537342295,0.3176360475581522,58598,Tcell_bckgrnd_filtered,bckgrnd
Tcell_bckgrnd_filtered_9,1242.5540890551422,394.3376018079002,39.016181895761065,1.3811367445424296,866.61058516931,4566.962697617773,58.91214205510218,2108.779873747418,0.4320959510093483,0.4367349250383858,3.2172725515413894,4.088017943607898,0.2428695011021751,0.3192623330962669,52708,Tcell_bckgrnd_filtered,bckgrnd
Tcell_bckgrnd_filtered_10,1374.642169786208,362.6726093335162,40.15083017216101,1.4743237659722208,874.4194354591326,4494.250470355859,61.12069880968218,1969.001209832883,0.4405436606734123,0.4359797530853682,3.150122858899107,4.03023805464528,0.2509368888853384,0.3135513713150001,52863,Tcell_bckgrnd_filtered,bckgrnd
Tcell_bckgrnd_filtered_11,1306.807567465134,422.9405840386206,40.32846017086729,1.6181787116985789,853.6681311135036,4660.082644304547,60.48702923735148,2097.16128748338,0.4330727721586916,0.4341994333850291,3.191379858238017,4.099901052037124,0.2474845463014778,0.3142138937311252,53767,Tcell_bckgrnd_filtered,bckgrnd
Tcell_bckgrnd_filtered_12,1389.1395036103927,410.01524733628463,40.30250862750964,1.622081103116097,944.1242831370728,4670.0865851730105,59.53632467535238,2133.7966820769093,0.4309900228528192,0.439290747021262,3.2444042848221963,4.076867613010702,0.2472793321459553,0.3183847811838447,58245,Tcell_bckgrnd_filtered,bckgrnd
Tcell_bckgrnd_filtered_13,1400.9491800513413,385.4930373635517,40.43763514839057,1.7223469823670718,920.8065472534628,4583.1577322708745,60.340076416119125,2050.2836476713424,0.4326698143118112,0.434042576826159,3.1931981076194607,4.104141909266546,0.2414445193673127,0.3141942687885535,56174,Tcell_bckgrnd_filtered,bckgrnd
Tcell_bckgrnd_filtered_14,1319.4200921020604,453.0379617963178,36.66069608925641,1.3892499958428417,838.8955272653046,4853.147159599122,61.13193456334262,2163.275284082692,0.4289139510541506,0.4374021969660036,3.2460926764121707,4.106840562617321,0.2467588492780887,0.3053065988200392,54269,Tcell_bckgrnd_filtered,bckgrnd
Tcell_bckgrnd_filtered_15,1551.612842165766,451.7178038587033,48.40258277426455,1.5423707790307937,1035.2765640317723,4511.859741294759,59.97986765296154,2076.5919806982247,0.4480443042607003,0.4339471167445886,3.082946396755925,3.98884151895837,0.2533271201381161,0.3180377712747823,63988,Tcell_bckgrnd_filtered,bckgrnd
Tcell_bckgrnd_filtered_16,1414.9898115589776,412.8009742056388,42.65045607586468,1.4859915819948653,980.3825364439008,4605.156900864816,59.071810390510414,2128.6563569733803,0.4317351305149022,0.4394706522539852,3.240131353991212,4.069937722964613,0.2434101710654906,0.313188980058499,59974,Tcell_bckgrnd_filtered,bckgrnd
Tcell_bckgrnd_filtered_17,1325.7388429313237,442.44612644206495,42.57291179250821,1.2716390561760074,913.7389617757508,4652.09383996264,59.19857031602648,2160.042578217161,0.4402685540710552,0.4411684908053509,3.18960531697347,3.99377772669468,0.2507275694109546,0.3179212220295765,57276,Tcell_bckgrnd_filtered,bckgrnd
Tcell_bckgrnd_filtered_18,1332.1301672370855,409.3376694549693,40.10760521843828,1.3229871538449212,848.2085572316249,4659.673394487175,61.09739520228398,2062.8289791403863,0.4368951883943645,0.4363224771367797,3.178926244238524,4.055071085236055,0.2483653063065345,0.3138044046668628,53407,Tcell_bckgrnd_filtered,bckgrnd
Tcell_bckgrnd_filtered_19,1201.4026809291593,449.5836777630899,38.029370476576176,1.4319079727346609,839.0280421881431,4650.788855062346,58.87985645960555,2177.125277095027,0.4306323120198161,0.4380906886593455,3.238228840545477,4.088684914998038,0.2446276660327757,0.3113978009434278,52377,Tcell_bckgrnd_filtered,bckgrnd
Tcell_bckgrnd_filtered_20,1305.592573451795,358.03423926876184,40.33150580273545,1.3324241959031404,841.3254821167585,4550.356916969555,60.81240828290692,2000.904533669253,0.4373703809968736,0.4405564614366356,3.2062865523221484,4.019816941928196,0.2488036577826226,0.3139096016283951,51505,Tcell_bckgrnd_filtered,bckgrnd
Tcell_bckgrnd_filtered_21,1325.2102403459812,356.9135559941154,41.07002704851233,1.5178963345061167,886.3210243759522,4588.676665951145,59.92274499961032,2052.8880485840155,0.4242518556636372,0.4393948934585483,3.296714832460711,4.126445242724157,0.2401729910006476,0.3101449611554514,54066,Tcell_bckgrnd_filtered,bckgrnd
Tcell_bckgrnd_filtered_22,1331.441804523313,404.1295245366648,39.96260857282715,1.3537222364312875,875.3582196811268,4649.153489217996,60.33359570055755,2087.9778929753825,0.4276025707658396,0.4353447703386717,3.240732253995175,4.132525437410417,0.2411377798362531,0.3123030984622602,54478,Tcell_bckgrnd_filtered,bckgrnd
Tcell_bckgrnd_filtered_23,1393.612375138377,376.95234706299976,38.92044080552781,1.2463247653439868,888.0242948881215,4651.226316342912,61.07950461377322,2040.52095007128,0.4310121716000457,0.4409616754880257,3.256577655682896,4.063990024876296,0.2380272469645985,0.3026663316319339,54778,Tcell_bckgrnd_filtered,bckgrnd
Tcell_bckgrnd_filtered_24,1367.331161996304,383.5326181326297,41.18698284183105,1.5011140745041232,875.2762743671041,4611.84642807799,60.97059787751154,2033.8182180169167,0.435789587458535,0.4407257805256908,3.219153854857608,4.030283061666793,0.2471653199505958,0.3111863106800087,54305,Tcell_bckgrnd_filtered,bckgrnd
Tcell_bckgrnd_filtered_25,1249.8039439847514,463.2364106530855,39.835021816178696,1.478785922750854,869.089360520296,4710.81473510957,58.98380731712648,2205.4313205681274,0.4305015118694137,0.437024012234168,3.231325785356086,4.097801924948971,0.2436305492831138,0.3154520267989723,55013,Tcell_bckgrnd_filtered,bckgrnd
Tcell_bckgrnd_filtered_26,1279.7401222483124,373.9715423133783,39.80696129548785,1.803320864096892,848.4715450644588,4562.301141909075,60.1321824282733,2043.767146382822,0.4277200241050126,0.4357071107480579,3.2425388809393665,4.128849311623632,0.2433395256202132,0.3137575339935462,51913,Tcell_bckgrnd_filtered,bckgrnd
Tcell_bckgrnd_filtered_27,1344.2236999496613,418.2551957781385,43.579244538148856,1.486539195908383,879.296146166902,4586.6612434336175,60.45476510125978,2066.6611588567907,0.4397480934898441,0.4377788358058723,3.1688444694134383,4.022823742895919,0.2505367774466185,0.3156061840978622,55129,Tcell_bckgrnd_filtered,bckgrnd
Tcell_bckgrnd_filtered_28,1285.3342404373768,421.1471980442959,38.23426872085089,1.3177938104172933,843.9547297135026,4702.097766433376,60.36448121676502,2117.9241646791547,0.4304852610696206,0.4351561983437629,3.2176367577094087,4.112183088621175,0.2386731686936443,0.3102004305113627,53096,Tcell_bckgrnd_filtered,bckgrnd
Tcell_bckgrnd_filtered_29,1242.4638895318828,399.4796406735616,38.50787965558163,1.544123599792694,911.1974326530913,4608.444370726716,57.69077415901932,2180.260033878974,0.4287199149494963,0.4411437179309523,3.275341353383068,4.079643157025699,0.2377174804051169,0.3166641379492318,55040,Tcell_bckgrnd_filtered,bckgrnd
Tcell_bckgrnd_filtered_30,1259.530402379036,378.9139144987029,35.99563195287938,1.3528588816654656,830.0751390630628,4587.86884515491,60.27598881221365,2050.87964204146,0.4301298975718814,0.4379430934845333,3.2409190114189363,4.093576995619334,0.2391899629800518,0.3155904492101007,50486,Tcell_bckgrnd_filtered,bckgrnd
Tcell_bckgrnd_filtered_31,1259.6964277527054,393.4121800945109,39.68056360321987,1.2934280135872558,859.8785368700402,4587.289979530762,59.43155815566607,2094.8030561812384,0.435304682971655,0.4417803127076024,3.2304509130528496,4.025957412620411,0.2433376488703897,0.3165013608167317,52760,Tcell_bckgrnd_filtered,bckgrnd
Tcell_bckgrnd_filtered_32,1360.984318957649,353.2622803252286,43.21985675741331,1.5406246592631836,893.7735861973194,4535.663917497077,60.36055205066947,2011.143200323912,0.4344018210881606,0.4403528108830924,3.2267050069401666,4.043399671762348,0.2430014872278326,0.31237042383768,54499,Tcell_bckgrnd_filtered,bckgrnd
Tcell_bckgrnd_filtered_33,1332.6199575880664,347.84116676259055,39.5913948447513,1.3649617486113534,870.1208203947144,4588.73327688606,60.498265202519605,2023.0671211508336,0.4316010371330178,0.4416027821275026,3.2568626862249315,4.054746537026131,0.2405028510157232,0.3147956646842754,52942,Tcell_bckgrnd_filtered,bckgrnd
Tcell_bckgrnd_filtered_34,1279.1838723494493,390.47729046701744,37.90497523077326,1.2740169047946146,843.3427454631646,4633.620051577955,60.26703559872064,2076.4036932346885,0.432755007573909,0.4408503399796199,3.242643506997021,4.051882425654098,0.239147511440662,0.3112703123246813,52057,Tcell_bckgrnd_filtered,bckgrnd
Tcell_bckgrnd_filtered_35,1275.2442706877116,412.68205623890594,40.40981747777517,1.24166584681927,857.9628133834674,4660.611451245634,59.78061296580432,2121.173220556029,0.4357637605675891,0.4437484819847057,3.241424404149668,4.007794375506041,0.2456198192512158,0.3133254027367428,53706,Tcell_bckgrnd_filtered,bckgrnd
Tcell_bckgrnd_filtered_36,1247.210018324541,385.7981418563057,39.14372646183589,1.3372798402558097,847.6213023423928,4592.760574457987,59.5374914447749,2088.040676062867,0.4280250414070683,0.437713797863398,3.2551513509805634,4.1111273335724805,0.2390326118947709,0.3112844822353689,51986,Tcell_bckgrnd_filtered,bckgrnd
Tcell_bckgrnd_filtered_37,1255.3973003765643,406.8298639313195,34.65783790618834,1.5096189684377204,781.3958663712534,4780.883406756588,61.63597369000794,2084.8929159139457,0.4235713108623741,0.43077173477747,3.237209375418793,4.198674040496044,0.2491768725265337,0.308893865622011,49699,Tcell_bckgrnd_filtered,bckgrnd
Tcell_bckgrnd_filtered_38,1226.000199296694,366.900954627214,38.94283392550558,1.3553594130286986,839.7884123176816,4509.346329873988,59.34780511441573,2050.895921601406,0.4391150988052428,0.4397268234033691,3.1875331886860434,4.013046141738668,0.2440142582546571,0.3215916740085827,50623,Tcell_bckgrnd_filtered,bckgrnd
Tcell_bckgrnd_filtered_39,1293.4350186182903,383.6547779619322,37.32724849968808,1.596412052023205,851.5728941264047,4656.239672973156,60.29977842660939,2079.880448192606,0.4247630350122031,0.4341335010997179,3.253319473048113,4.163408806525731,0.2390341627089366,0.311819782877457,52471,Tcell_bckgrnd_filtered,bckgrnd
Tcell_bckgrnd_filtered_40,1293.1036201412785,366.50059375115626,33.63028174269743,1.3418308809716035,801.5869338050559,4671.904580680752,61.7324414675528,2014.0735845077545,0.428238797766343,0.4359148876529504,3.2401552357789645,4.123335244833893,0.241342334588015,0.3093623793735189,49313,Tcell_bckgrnd_filtered,bckgrnd
Tcell_bckgrnd_filtered_41,1193.7145457346078,405.3673923041891,35.756649616894165,1.4269202864123147,792.2934316367683,4656.160547709564,60.1062311599863,2101.168987588733,0.4318189986925279,0.439744551784598,3.241521069066375,4.067232169172651,0.2426259463518985,0.3082374650812559,49239,Tcell_bckgrnd_filtered,bckgrnd
Tcell_bckgrnd_filtered_42,1016.281195112716,407.8008087136563,28.010499891065063,1.4720484970261247,640.3647844501456,4694.447002263694,61.3457073901137,2064.7735715190406,0.4385733870682344,0.4370306720027557,3.1719020708016523,4.03718564680687,0.2527856017747617,0.3188284190310657,40102,Tcell_bckgrnd_filtered,bckgrnd
Tcell_bckgrnd_filtered_43,1365.3823879690617,421.954809221339,41.57298015603621,1.3606915439941047,898.2100692623759,4614.946935316804,60.31926743734771,2085.7648011503484,0.4345560201828529,0.4362370333008895,3.195412190141368,4.073292629206206,0.2489368529340511,0.3129673399603297,55972,Tcell_bckgrnd_filtered,bckgrnd
Tcell_bckgrnd_filtered_44,1511.7660721306363,570.1018303735256,45.84591940086844,1.3757303690070273,1060.851865303756,4633.44666736955,58.76372274844213,2245.673973044069,0.4505290904728917,0.4332537741686813,3.061044502133624,3.9751857340281886,0.2559976704810784,0.3242036093033372,67389,Tcell_bckgrnd_filtered,bckgrnd
Tcell_bckgrnd_filtered_45,1286.6887705526217,437.9151908659446,41.97111491068256,1.4337804687032547,925.242527333988,4611.079921088781,58.17037680067138,2183.534273005436,0.4306209718032044,0.4364327469349601,3.2260588104202617,4.101414705715393,0.2407433891084702,0.3209303676407005,57090,Tcell_bckgrnd_filtered,bckgrnd
Tcell_bckgrnd_filtered_46,1224.9459956594824,483.0439451007285,39.49235166387467,1.3991092724232348,853.4381809918137,4690.816092486705,58.93741924234248,2210.8637812193147,0.443540142710875,0.440697213746577,3.1626963704304,3.973044105326927,0.2527032285096136,0.3199364567409543,54172,Tcell_bckgrnd_filtered,bckgrnd
Tcell_bckgrnd_filtered_47,1248.9188956577082,405.66778480572447,40.30766618410937,1.5531160014681678,853.5259165249889,4563.093732017192,59.40317141362282,2093.450870200731,0.434679500048565,0.4370848399965282,3.2007128391472577,4.065967663919206,0.2451301251564071,0.3157968970347997,52511,Tcell_bckgrnd_filtered,bckgrnd
Tcell_bckgrnd_filtered_48,670.0776382209369,352.44652905807936,23.330156439489244,1.342170731719566,484.0271987054765,4402.042873873594,58.06037863990527,2050.831902685942,0.4393906736995386,0.440195757050376,3.1889311656420785,4.007509685526555,0.2362081886854417,0.3210898991884809,28626,Tcell_bckgrnd_filtered,bckgrnd
Tcell_bckgrnd_filtered_49,817.0067671679727,409.12994945530056,26.187142047415136,1.2462929797720386,559.804133614339,4619.370349967791,59.34052139649278,2120.991744257893,0.4327813804676652,0.4375324768075294,3.218043085490879,4.076818827179642,0.2445702708928452,0.3171926214005568,34697,Tcell_bckgrnd_filtered,bckgrnd
Tcell_bckgrnd_filtered_50,545.1269082613002,379.6572084111973,17.550455618551123,1.162983156019883,379.0725085082121,4496.5579316497415,58.98368884139323,2068.2580191456505,0.4326707585189437,0.4374320101871701,3.2181267311072177,4.078410225778341,0.2432611784817878,0.3135636249063643,22835,Tcell_bckgrnd_filtered,bckgrnd
Tcell_bckgrnd_filtered_51,1562.2837226788477,517.7260266185158,51.21835637427311,1.5034007430598055,1094.5854840568052,4582.312855591537,58.80167976346636,2192.2675247107886,0.4447970706118867,0.4324098101922905,3.0944519773414227,4.02457437028072,0.2538755417025743,0.319755845535129,69003,Tcell_bckgrnd_filtered,bckgrnd
Tcell_bckgrnd_filtered_52,1268.5946468210427,492.1154769677098,43.24737832169284,1.5678204104905586,950.1394856276004,4636.893626043045,57.176505660053735,2267.054313040315,0.4358326834073957,0.4396614393085287,3.2110621353947906,4.037955265212347,0.2444946643834191,0.3180902476935505,59306,Tcell_bckgrnd_filtered,bckgrnd
Tcell_bckgrnd_filtered_53,1402.4845515119555,348.6948901274539,39.91621247153526,1.5491716118921075,891.9423203949895,4525.972133034001,61.12570283603426,1972.58205889766,0.4397191965343184,0.4377384358440602,3.168760263140312,4.02334014581116,0.2435180323423064,0.3131850241753176,53781,Tcell_bckgrnd_filtered,bckgrnd
Tcell_bckgrnd_filtered_54,1247.9301643586346,448.4257793181748,39.456075246452365,1.4237711006596063,852.5395222038627,4694.6307216618,59.41195782743821,2171.877232050008,0.4296349011674362,0.4336480205772193,3.212831445924976,4.130159457086978,0.2434533130286076,0.3134862712386956,53845,Tcell_bckgrnd_filtered,bckgrnd
Tcell_bckgrnd_filtered_55,1344.5515968123466,363.0350833955332,40.655112138101885,1.5153759442685584,883.6543160489217,4605.605947414365,60.34234040272294,2045.5393948213773,0.4253612704522042,0.4358493116953733,3.2615838449877583,4.145572365543748,0.2359053567123365,0.3108774171575075,54159,Tcell_bckgrnd_filtered,bckgrnd
Tcell_bckgrnd_filtered_56,1307.589306234345,378.7214564884762,38.94964929587526,1.445550181724752,859.6057379851121,4708.565270064462,60.335561846270735,2096.129678077396,0.422332704452393,0.4342402683792,3.2728455302419728,4.181044873567366,0.2394437900180492,0.3123877241582266,53573,Tcell_bckgrnd_filtered,bckgrnd
Tcell_bckgrnd_filtered_57,1276.3303330161025,380.6952189106257,35.367440071877326,1.5127100351778648,835.6464417818049,4669.572601675404,60.4329720026506,2077.676533721152,0.4252093665446776,0.4346618092174245,3.2538594374049725,4.155922798690906,0.2379811282768495,0.3083903985785711,51332,Tcell_bckgrnd_filtered,bckgrnd
Tcell_bckgrnd_filtered_58,1310.3091688314614,388.5125046128069,39.99893571717853,1.295987832411846,870.9158692373459,4632.86607122775,60.072167977292736,2083.190867140606,0.4310424285158057,0.4389204340510337,3.241275200856509,4.079294756335046,0.2415318522450125,0.3172705232229537,53851,Tcell_bckgrnd_filtered,bckgrnd
Tcell_bckgrnd_filtered_59,1195.195600728164,409.5640647495168,38.74420908280784,1.2936629010669032,797.981966585062,4649.115949644768,59.96433134350744,2106.897009906264,0.4250267547461272,0.4321620397047248,3.236536244724938,4.176708322995689,0.2411702400896337,0.3122002079037762,50105,Tcell_bckgrnd_filtered,bckgrnd
Tcell_bckgrnd_filtered_60,1298.8303993621855,312.06812683880787,35.811523964610736,1.3589396271897372,804.9839931396536,4610.9629625231855,61.73692907469975,1956.9573068207917,0.4197516403327082,0.4379765559822,3.32130370176422,4.171294403213058,0.2347788627724587,0.3054851238837933,48782,Tcell_bckgrnd_filtered,bckgrnd
Tcell_bckgrnd_filtered_61,1321.004941328942,396.2675292475003,38.74756801148437,1.1486328728962172,814.0612794800594,4700.071792481452,61.87184867869803,2037.2285313059865,0.4379905612199822,0.4371773265008065,3.177188673952111,4.040455352978681,0.2452089897719356,0.3088779707530106,51631,Tcell_bckgrnd_filtered,bckgrnd
Tcell_bckgrnd_filtered_62,1202.9746073483864,339.3760741448032,38.89413995023655,1.4265217092589697,805.135016597462,4467.326512760114,59.90582351697481,1994.4438081350384,0.4344272188857825,0.43789548839903,3.2085112767608948,4.0617423132353485,0.2398356872220648,0.3147175842033137,48321,Tcell_bckgrnd_filtered,bckgrnd
Tcell_bckgrnd_filtered_63,1193.1899509396308,454.96618780358006,36.93336746609836,1.3632550118203683,790.7952744919726,4764.132493858643,60.141070389274695,2172.55375254316,0.4354218575092294,0.4388902699417469,3.2084542717144005,4.046813873572481,0.2477610037968201,0.3143826867156473,50766,Tcell_bckgrnd_filtered,bckgrnd
Tcell_bckgrnd_filtered_64,1300.8742638040462,387.3532543491833,36.44832061640565,1.4043032648710232,804.0324238202335,4655.601179453647,61.80199205278257,2017.7389359875287,0.4270645951054919,0.4299146286411935,3.204341405958078,4.178515085681724,0.2456159818501983,0.3126592426326213,50173,Tcell_bckgrnd_filtered,bckgrnd
Tcell_bckgrnd_filtered_65,1324.5451954316286,345.9164282833478,40.05038351106514,1.36771989241286,856.8714010847988,4519.476687786541,60.7194974837377,1985.3118710352232,0.4320272027975665,0.4379561900604756,3.2267825754703106,4.079256554080071,0.2390555251718776,0.313636750493886,51828,Tcell_bckgrnd_filtered,bckgrnd
Tcell_bckgrnd_filtered_66,1330.718311874274,356.3686389458528,36.6686387714447,1.2352099407269777,814.7995465838375,4652.217358911882,62.02317573952063,1987.795557823404,0.4263572856595751,0.4321816278206307,3.2265822442671066,4.166397271569123,0.2380086792487366,0.3092808176652336,50411,Tcell_bckgrnd_filtered,bckgrnd
Tcell_bckgrnd_filtered_67,1252.0909672445837,430.65899449808376,38.737432095772334,1.2402368416456568,788.3646347894766,4677.3999131245055,61.363303665927205,2071.459387322587,0.43974734941488,0.4360965847963378,3.1566729044840267,4.03534573322172,0.2506503387173343,0.3104061063807953,50388,Tcell_bckgrnd_filtered,bckgrnd
Tcell_bckgrnd_filtered_68,1257.733751581701,357.18020183900103,38.10995236767683,1.4356464297299425,838.9874925199957,4545.962297855428,59.98573988410914,2033.290365426879,0.4378795012425829,0.4434063699881137,3.223275598961942,3.99477290689802,0.2409516874671864,0.316874187649413,50714,Tcell_bckgrnd_filtered,bckgrnd
Tcell_bckgrnd_filtered_69,1362.7414562719869,320.0749048695924,41.3074805074697,1.5295014314555246,844.3032098451288,4513.838169542863,61.74507825749974,1924.395759836076,0.4281435956735741,0.4341683261271417,3.227890639277578,4.137480543786251,0.2415468307439753,0.3125891616762438,51273,Tcell_bckgrnd_filtered,bckgrnd
Tcell_bckgrnd_filtered_70,1176.398449169557,474.64373865592734,35.42183196725575,1.5649661869938518,778.7665598479374,4728.023773819219,60.16875525819268,2168.8179502609883,0.4361545259376543,0.430315192590329,3.140482829614455,4.105841600374992,0.2473977952602134,0.3192621376110968,49787,Tcell_bckgrnd_filtered,bckgrnd
Tcell_bckgrnd_filtered_71,1405.0022132675892,472.89154838501935,43.63607625539691,1.3749197531271276,1002.9729158819084,4640.001273110673,58.347870634521016,2208.581481729204,0.4391934319402454,0.4409537601185483,3.1958570185254134,4.003334417357141,0.2459353494588796,0.3175522940234909,62318,Tcell_bckgrnd_filtered,bckgrnd
Tcell_bckgrnd_filtered_72,1342.0129051314418,370.3397942669338,40.909159817565,1.6676379697584842,910.9912445553896,4586.762080760448,59.565487498901504,2075.2295907982566,0.4251365960857849,0.4353026529626239,3.2592145488241098,4.151506769599896,0.2363689680202089,0.3121764365162328,55391,Tcell_bckgrnd_filtered,bckgrnd
Tcell_bckgrnd_filtered_73,1295.115715491023,357.718404870313,39.09383361170435,1.4718511642577514,853.33765157795,4548.0408221875,60.28130446498283,2022.059807740098,0.4337174412328415,0.4377555553849631,3.212735015101777,4.068114376425033,0.2460277031801744,0.315560633260732,51736,Tcell_bckgrnd_filtered,bckgrnd
Tcell_bckgrnd_filtered_74,1224.6024360866463,338.641090197449,35.61414874514739,1.2510669017424965,812.2559165317393,4583.902613679301,60.12212064292136,2031.5613589240209,0.4287841410153437,0.4437556831297747,3.2942407957526187,4.059197707894889,0.2310164188266695,0.3117034680441871,48927,Tcell_bckgrnd_filtered,bckgrnd
Tcell_bckgrnd_filtered_75,1469.4389424920191,497.5369736372712,48.25573943064465,1.6191950733238758,1050.2357727916858,4651.621560647437,58.3185969831255,2229.017712010844,0.4396806822436235,0.4348553757255388,3.14816571988735,4.045088271875334,0.2457961933452866,0.3207075159092021,66230,Tcell_bckgrnd_filtered,bckgrnd
Tcell_bckgrnd_filtered_76,1240.8995432690338,446.6345048588593,38.7513891672904,1.4465826980643022,873.2120866540403,4687.987830067861,58.69602748054446,2198.4819167562,0.4293263039062036,0.438197296721681,3.248869924261531,4.097658699124789,0.2396932562758138,0.3152771217768476,54557,Tcell_bckgrnd_filtered,bckgrnd
Tcell_bckgrnd_filtered_77,1248.8370956486272,357.69661412046537,41.22781857455367,1.313077030220584,859.4930032918996,4460.93914368864,59.233470900794416,2030.4461739478545,0.4389899326747259,0.4447888337937716,3.225146467438972,3.976321716243378,0.2437837380679216,0.3154555408073082,51563,Tcell_bckgrnd_filtered,bckgrnd
Tcell_bckgrnd_filtered_78,1371.3745752697505,403.8866761060597,39.75892058055383,1.327119312533607,885.25791871901,4649.7557220599165,60.77084234685229,2069.505337889497,0.4320419083700464,0.4355006577902335,3.208581439174712,4.097806337549337,0.2424168493746264,0.311279767115884,55078,Tcell_bckgrnd_filtered,bckgrnd
Tcell_bckgrnd_filtered_79,1283.1389724144149,435.1963163185305,39.48207174830806,1.639101123853706,833.7297409468562,4731.788514931994,60.61495284594112,2127.4111797600585,0.427020284430491,0.4318908027867395,3.219404728330905,4.163583565010458,0.2495878594990024,0.3084994111343787,53262,Tcell_bckgrnd_filtered,bckgrnd
Tcell_bckgrnd_filtered_80,1340.235570181246,365.4029566980694,42.251682702735394,1.440267730912984,878.1604834055947,4511.074249061542,60.41462109591611,2006.4826458979812,0.4336166699911527,0.4351973973756794,3.194702685876004,4.088227714719363,0.2458080714117898,0.3161583038230077,53480,Tcell_bckgrnd_filtered,bckgrnd
Tcell_bckgrnd_filtered_81,1212.5204308897898,380.5710713467564,39.51872064960106,1.6158845758400584,836.4690557172671,4520.088782201927,59.17650816733154,2070.4667459495804,0.4306892921633992,0.4340344407096744,3.207821878462819,4.119206610919718,0.2415820154476065,0.3158235039728033,50780,Tcell_bckgrnd_filtered,bckgrnd
Tcell_bckgrnd_filtered_82,1343.664423535924,350.05147208607985,42.2615935271345,1.087684977134707,892.1469669772794,4426.484214143209,60.097395926921294,1976.6542894544823,0.4361078942709103,0.4353728287607584,3.177733707435802,4.068124304432913,0.240774466701792,0.3166817507797451,53224,Tcell_bckgrnd_filtered,bckgrnd
Tcell_bckgrnd_filtered_83,1319.7168591978889,394.5778241076418,35.96347730495424,1.6726756158866192,787.3021765349077,4791.9895113405855,62.63431116743124,2037.700991846116,0.421044661513597,0.4296256776750334,3.2479713688985354,4.227083267908804,0.2460999540539083,0.3064402171395893,50453,Tcell_bckgrnd_filtered,bckgrnd
Tcell_bckgrnd_filtered_84,1312.5725550915297,356.5361967973641,39.663608177184194,1.443532684653266,859.3594231680806,4546.827616579964,60.43340989634981,2014.4916270111687,0.436241465178636,0.4400133685277616,3.2106210994423665,4.032271822009452,0.2445592236651745,0.3171353091728432,52169,Tcell_bckgrnd_filtered,bckgrnd
Tcell_bckgrnd_filtered_85,1362.6597804188582,316.8710213675229,41.146807485020446,1.3013539039791244,856.0571718080306,4507.311703348435,61.4165668609139,1933.686900132692,0.4335919959870326,0.4430782183444775,3.252739408408391,4.028847768969367,0.2447812608548692,0.3092826575560654,51674,Tcell_bckgrnd_filtered,bckgrnd
Tcell_bckgrnd_filtered_86,1376.4111662917032,355.2568274929811,40.44740469059653,1.5745665154453012,830.1218917497928,4559.204665309174,62.37890528199911,1936.8280254531612,0.4303156824383846,0.4308622418107899,3.1871418297966203,4.146309564967603,0.245629637926562,0.3074806242120145,51341,Tcell_bckgrnd_filtered,bckgrnd
Tcell_bckgrnd_filtered_87,1302.4367764805413,331.85113220599044,34.8544548057706,1.4012796661560818,805.9420567731621,4607.397499282311,61.77432423140903,1966.2076238203556,0.4341644793274812,0.440462804405434,3.229275351029679,4.044334960018073,0.2384093771742348,0.3079450106532024,48877,Tcell_bckgrnd_filtered,bckgrnd
Tcell_bckgrnd_filtered_88,1254.2609721561043,378.9145177456973,34.32440423985711,1.3613382969648855,762.8827012878328,4687.035588826404,62.18005136018212,2008.2436941695928,0.4307781145871296,0.4352830396161034,3.216386582933336,4.109002599908418,0.2489266898067101,0.3090412557661612,47754,Tcell_bckgrnd_filtered,bckgrnd
Tcell_bckgrnd_filtered_89,1250.7220814931063,391.9926802622015,36.94585891773967,1.5444596660240502,810.565227035374,4609.345258948847,60.676746823128525,2050.3929121404685,0.4323765660814353,0.4358788835680824,3.208882458082672,4.092409137641018,0.2471027498237197,0.3084641935635513,50070,Tcell_bckgrnd_filtered,bckgrnd
Tcell_bckgrnd_filtered_90,1132.420408109216,445.0413936720842,32.07522696574137,1.257507044504847,744.3302366641896,4815.252014484064,60.33941755996796,2178.2923797422563,0.4276136372309564,0.4365381837249261,3.2495319951947628,4.123258133034762,0.2450446754017237,0.3086567867562983,47524,Tcell_bckgrnd_filtered,bckgrnd
Tcell_bckgrnd_filtered_91,1351.9681339941574,314.3388542609932,42.01648262902756,1.76364956985975,863.2643245175642,4470.197372637138,61.03053107584301,1933.854848111516,0.4227102389165265,0.43059996657172,3.24251020513498,4.206626372941502,0.2344841524812852,0.3107051528336109,51803,Tcell_bckgrnd_filtered,bckgrnd
Tcell_bckgrnd_filtered_92,1230.019305730371,368.5150694824031,36.41942064383387,1.2486137108369235,784.3983990975364,4658.701071112468,61.06078708414906,2039.079731143166,0.4276002040321016,0.4373402844215901,3.2556049984338173,4.117189953470237,0.2391066556887659,0.3135432244999125,48740,Tcell_bckgrnd_filtered,bckgrnd
Tcell_bckgrnd_filtered_93,1263.0772668881282,359.6064708983644,36.16202294502989,1.213923215572169,763.996027716579,4613.15199951288,62.310389577424566,1962.751209780052,0.4308304242131442,0.4329185927223927,3.1985268502796576,4.12665826455143,0.2438618380418251,0.3109753672880679,47455,Tcell_bckgrnd_filtered,bckgrnd
Tcell_bckgrnd_filtered_94,1278.234480187492,365.4369945848954,41.06104129735845,1.6071458455841596,855.7312323102898,4463.307677848881,59.89948539010656,2008.7042266217104,0.4381286593292791,0.4390267014049325,3.1896233305025934,4.025607433939468,0.2469984393634581,0.3182375294752596,51600,Tcell_bckgrnd_filtered,bckgrnd
Tcell_bckgrnd_filtered_95,1306.6654560448535,312.4188710409951,38.07702063178422,1.3714288012504383,853.673761186043,4486.486478226228,60.48427235976976,1961.8320582153867,0.4246990862920931,0.4383215358556779,3.285198454469167,4.1314111951616965,0.2349557218994308,0.3120055513539448,50525,Tcell_bckgrnd_filtered,bckgrnd
Tcell_bckgrnd_filtered_96,1229.6061680992266,304.9125959678334,37.5329453767075,1.5114041734649557,805.5591058960346,4402.183050330197,60.418000631731,1926.6941613298168,0.4413803853699664,0.4442877230365873,3.2040656821234133,3.962499201696493,0.2400026621513206,0.3142756533884274,47267,Tcell_bckgrnd_filtered,bckgrnd
Tcell_bckgrnd_filtered_97,1136.267082217421,347.37782862726243,38.01294461551322,1.22982430281282,806.2003618190311,4436.524870609202,58.4960682716131,2044.534625204799,0.4389027682144332,0.4417863999335082,3.204012115313818,3.9992905018314446,0.2428393732947276,0.3221678247531326,47792,Tcell_bckgrnd_filtered,bckgrnd
Tcell_bckgrnd_filtered_98,1207.3887384702996,342.07169753534686,33.82671129066486,1.3144695122750352,797.7342435198113,4693.475625043089,60.21519624057924,2073.2692108740303,0.4242227875485159,0.4418801932012622,3.3155888399483806,4.10740800790855,0.2342528987300534,0.3150780006975812,48678,Tcell_bckgrnd_filtered,bckgrnd
Tcell_bckgrnd_filtered_99,1169.963782847528,415.12277523752016,34.6190081085132,1.336783537286744,763.8883572017421,4740.517924404372,60.49913323868288,2123.691350010393,0.438466305634126,0.4446289560156222,3.2278373632077577,3.981351875151727,0.2519743955499653,0.3128908869886232,48288,Tcell_bckgrnd_filtered,bckgrnd
Tcell_bckgrnd_filtered_100,1183.7064007552256,351.80634612499546,34.894289439873866,1.45195429249151,764.8350427870606,4627.592380999072,60.748330741343935,2030.123738741572,0.4212811288057382,0.4325910770795058,3.26855411016515,4.201974137907593,0.2334955889574796,0.3130237744044591,46922,Tcell_bckgrnd_filtered,bckgrnd
Tcell_bckgrnd_filtered_101,1270.417349208131,340.01200005147246,33.609239644780885,1.2431287017626946,748.74899409791,4677.741970984541,62.91791428773713,1948.532745839388,0.4254623725923202,0.4320514308272138,3.232394933874272,4.174239408761233,0.2372458286976707,0.3064696276055914,46469,Tcell_bckgrnd_filtered,bckgrnd
