cell_id,NAD(P)H_amp1,Lifetime fit_NAD(P)H: t1,NAD(P)H_offset,NAD(P)H_amp2,Lifetime fit_NAD(P)H: t2,Lifetime fit_NAD(P)H: a1,Lifetime fit_NAD(P)H: tm,Lifetime fit free_NAD(P)H: G(1st),Lifetime fit free_NAD(P)H: S(1st),Lifetime fit free_NAD(P)H: Tau_phase,Lifetime fit free_NAD(P)H: Tau_m,Lifetime fit free_NAD(P)H: G(2nd),Lifetime fit free_NAD(P)H: S(2nd),Intensity texture_NAD(P)H: intensity_sum,image_name
Tcell_Act_filtered_0,772.8856998993168,400.0,15.112091248437043,304.6201993644683,4269.529857722342,71.72913859937078,1493.949422932649,0.3744745602614323,0.33617493990220876,1.7859658941753158,3.4162450829776234,0.23438382072947012,0.24755916130507089,19513,Tcell_Act_filtered
Tcell_Act_filtered_1,375.14258613978166,400.0,18.1466322710655,265.32441746852055,4843.9278861437815,58.573288557611924,2240.9731821006,0.28946021464075267,0.33753731327921704,2.319866823192676,4.007464368701456,0.16620214254458185,0.23175612881237861,18041,Tcell_Act_filtered
Tcell_Act_filtered_2,1116.0892657101979,400.0,16.908557926575973,404.99366227050024,4063.4551687800677,73.3746494145361,1375.4077822289912,0.40994132632974495,0.3414372765053177,1.6569880499174439,3.15394255141713,0.26165710842509976,0.26311817147436123,24923,Tcell_Act_filtered
Tcell_Act_filtered_3,17057.118371947385,400.0,12.845583671927674,74.32873681944359,7562.650056556039,99.5661269223345,431.0768102427893,0.9163208571935795,0.061016015364071245,0.1324727083412804,0.8573609398467372,0.9019317518655828,0.06105412582232526,84867,Tcell_Act_filtered
Tcell_Act_filtered_4,804.8820563271103,400.0,14.965456425097834,331.4657787325426,3909.531161134996,70.83060586680818,1423.7089766186502,0.39872104495817035,0.34993485180173,1.7460158589766055,3.178896630634982,0.2481786700511915,0.26161292244151024,19649,Tcell_Act_filtered
Tcell_Act_filtered_5,776.6967336398174,400.0,17.44747590037843,343.094938725605,3997.72194780965,69.36082423252363,1502.312351214474,0.38832464214577,0.3518380603324096,1.8025113652440872,3.233581883920723,0.23836051444003495,0.26204178796628536,20762,Tcell_Act_filtered
Tcell_Act_filtered_6,622.4202165240987,400.0,11.975329119395806,261.1213094192574,3919.770383896828,70.44606260690934,1440.2307356374158,0.3954636507450235,0.35517037997927964,1.7867356932500713,3.170236786954742,0.25392181258875307,0.26024790458513847,15489,Tcell_Act_filtered
Tcell_Act_filtered_7,729.3791074317348,400.0,12.156587864464719,269.1828427698764,4093.113735313602,73.0429501429002,1395.5545109078882,0.4050393746935941,0.3404571515220066,1.6722275030885634,3.190449550649407,0.2528408586863642,0.26803935054058514,16768,Tcell_Act_filtered
Tcell_Act_filtered_8,2664.0985150261945,400.0,47.647825058172444,1198.6930765506825,3800.610464603673,68.96821772200893,1455.2700354983922,0.40179225061940793,0.35550220924927484,1.760235973780202,3.1294338991709627,0.25268150211729634,0.27433041444602774,67402,Tcell_Act_filtered
Tcell_Act_filtered_9,2005.3435794489365,400.0,28.01316168365986,943.078061951518,3830.4103942189345,68.01413852383845,1497.2463167587157,0.39716433067478185,0.3596887259773664,1.80171764847509,3.134811469956257,0.24492910732351295,0.27212665121625745,50993,Tcell_Act_filtered
Tcell_Act_filtered_10,2702.2797666521283,400.0,71.94173940489046,1114.3230190499169,4728.384212145243,70.80327501660766,1663.7464346446195,0.3513596978460233,0.32710006952451337,1.8520761369927756,3.635486573120957,0.21941635370182266,0.24087979967947523,78848,Tcell_Act_filtered
Tcell_Act_filtered_11,1335.6712943925288,400.0,24.390985334132864,655.6339357969142,3902.592654710687,67.07516628505313,1553.222807275437,0.38145880634686574,0.3612959157373981,1.88428048952396,3.2217762811410258,0.23249200658123578,0.2617509756669543,36621,Tcell_Act_filtered
Tcell_Act_filtered_12,2225.5495285471366,400.0,30.87970482923419,1016.8992645214977,3908.034744363134,68.63792369843071,1500.1925332127275,0.389772853105066,0.3560005139198543,1.8170596374988885,3.200837702053633,0.24456811873960146,0.26500988928836344,56158,Tcell_Act_filtered
Tcell_Act_filtered_13,20826.433857535594,400.0,13.82746810829616,99.79669187883711,7048.038660881895,99.52310239704575,431.7043370172175,0.9159982666979118,0.07570703093790353,0.1644264601615248,0.8527562684345016,0.8911232602468079,0.08700371707035369,103508,Tcell_Act_filtered
Tcell_Act_filtered_14,595.8252486751948,400.0,20.144057027327023,331.51737610016096,5024.666120299068,64.25082086780283,2053.280175611747,0.29787360605441787,0.3286058289023882,2.19469100885487,4.020244362831753,0.1751071809112899,0.22639701646372945,23145,Tcell_Act_filtered
Tcell_Act_filtered_15,687.1977596371215,400.0,15.947787889325493,259.4635248254947,4034.747405639396,72.59172535266589,1396.221551674497,0.408320707573925,0.33936027081435705,1.6534449388453656,3.175298196088415,0.26015916019119373,0.2707427154833387,16794,Tcell_Act_filtered
Tcell_Act_filtered_16,623.5452680909418,400.0,16.769126018501,464.21398877087944,4209.531987543854,57.32383008073552,2025.762344132948,0.31134370361231745,0.3636261487397264,2.3235133045061938,3.6487510981030447,0.16962042242432054,0.24668819306531434,25718,Tcell_Act_filtered
Tcell_Act_filtered_17,790.9265413892974,400.0,13.371603160117207,351.3792068268978,4057.7710483538267,69.23947836421155,1525.1494547164848,0.38456758898809096,0.35039506449915786,1.81265621918321,3.2656775245675647,0.23138106327559624,0.26080388248840175,20543,Tcell_Act_filtered
Tcell_Act_filtered_18,682.5566174337919,400.0,15.132547042384648,345.6519240851614,4273.148156655217,66.38309154925554,1702.0326699844807,0.3446788643866074,0.3558601749847693,2.0539737038694073,3.488224131212444,0.20647358603820054,0.24197266057307118,20871,Tcell_Act_filtered
Tcell_Act_filtered_19,682.2851446544178,400.0,15.297942860093006,295.40772917221767,3861.1466463613833,69.78522222259755,1445.7777677481097,0.39222780661269635,0.3480301907799417,1.7652600183488023,3.2304871552383525,0.2449816040050792,0.26159914882915764,17609,Tcell_Act_filtered
Tcell_Act_filtered_20,914.9149992521607,400.0,19.931827707153627,392.2982912805089,4213.662428420037,69.98972592141767,1544.490547200772,0.37454151777969497,0.3389995889628189,1.8006501859057165,3.398656546848338,0.22754510997730984,0.2479964555117956,24655,Tcell_Act_filtered
Tcell_Act_filtered_21,1098.6647365500544,400.0,29.36523525604029,886.6158535158295,4223.400462487471,55.340526777305264,2107.5105057409783,0.30970828953570756,0.3635547751146327,2.335324138033972,3.659811802842021,0.16320192795573416,0.24533282312949756,48285,Tcell_Act_filtered
Tcell_Act_filtered_22,1231.444019973277,400.0,22.478807722603467,450.53651838761436,4218.720330659656,73.21392797881792,1422.8851780580173,0.3941744997033683,0.34130672567253517,1.7226080245605648,3.2558226922129934,0.2542990818440686,0.2593476265798534,29071,Tcell_Act_filtered
Tcell_Act_filtered_23,6294.959658323025,400.0,36.32130565756064,1390.322953383174,3690.0684402618917,81.90928006648137,995.1970671488633,0.5128273547019109,0.32855228229973643,1.2745692900518562,2.5907514145197994,0.3719151881943415,0.2825214073005359,87403,Tcell_Act_filtered
Tcell_Act_filtered_24,2898.9962881981246,400.0,24.236165345692395,813.1380413599732,3724.6642867019013,78.0951342497142,1128.2632486497484,0.4699430238298076,0.34050261155775174,1.441469258429238,2.7917567000765966,0.32344617032470263,0.27960761745556456,48449,Tcell_Act_filtered
Tcell_Act_filtered_25,6151.5704320124505,400.0,52.287289810382106,1779.4991597293713,3614.35174890685,77.56293600572786,1121.2061589032357,0.4808589205798101,0.3405726441506628,1.4090364522378305,2.7278215886002153,0.3309433460103785,0.2878131334640008,103116,Tcell_Act_filtered
Tcell_Act_filtered_26,8133.033887078486,400.0,71.47727662287772,2790.5914296637375,3675.2880500346323,74.45361453960982,1236.7177101999448,0.4505114165057455,0.34749824373683535,1.534535562811988,2.8754978617065245,0.30307349371854425,0.28306643957800875,154397,Tcell_Act_filtered
Tcell_Act_filtered_27,4651.5426436224825,400.0,34.22518320128631,1229.7827226911143,3782.1830274502104,79.09004100104838,1107.2130843093398,0.4788916339675104,0.3356572727769276,1.3944050793027896,2.7594793077780175,0.3354887768748747,0.27734431167209916,74674,Tcell_Act_filtered
Tcell_Act_filtered_28,803.7954441885204,400.0,10.102259943467473,295.01950912199834,3815.325195387476,73.15111991940397,1316.9765660719652,0.4289930212532235,0.3550388331412025,1.646477404193216,2.967460420056786,0.2757751176472829,0.2678016150901827,16975,Tcell_Act_filtered
Tcell_Act_filtered_29,9656.818817750851,400.0,81.15802070268741,2776.25930935676,4063.2211658493206,77.6703783168246,1217.9834277521609,0.4414127064013709,0.3321988880364418,1.4972126525214873,3.001694404124549,0.31240251099520683,0.2701526627099782,172961,Tcell_Act_filtered
Tcell_Act_filtered_30,948.0290037380806,400.0,12.82131724850144,309.2068177521552,3975.1673423498414,75.40582184608422,1279.283025478136,0.4237209551896026,0.34231952522487974,1.607244221967714,3.0628002745470333,0.27858356431847736,0.25952137468562736,19186,Tcell_Act_filtered
Tcell_Act_filtered_31,1752.1534180526326,400.0,29.21416328482973,662.788864249597,3787.5604730143937,72.55467059785204,1329.7271305157624,0.4285428143910942,0.3489551803732239,1.6199647972407083,3.0001565366070575,0.2651509536171882,0.2721086373403558,39021,Tcell_Act_filtered
Tcell_Act_filtered_32,3531.5602790742296,400.0,33.27085754856185,1283.913718586968,3665.7327324911225,73.33774994506157,1270.7178272627561,0.4463317017095044,0.3524968942476515,1.5711863768913015,2.8771373261462454,0.29409712290882817,0.28375583527980996,70044,Tcell_Act_filtered
Tcell_Act_filtered_33,7273.091778959475,400.0,45.89975978630534,1719.455636463033,3854.9174774042767,80.87910402880821,1060.611176744995,0.4893188460745711,0.3300422893277053,1.3418618094638204,2.72094060715774,0.3548643553847127,0.2778473432546991,108691,Tcell_Act_filtered
Tcell_Act_filtered_34,935.8672055035559,400.0,13.591499155085618,292.9762027736686,3993.3378707989973,76.15837780467031,1256.710039357601,0.43171974934023377,0.3418358146469659,1.575236588957668,3.015678331813849,0.2823577056234348,0.26075444336011405,18688,Tcell_Act_filtered
Tcell_Act_filtered_35,6467.414315717296,400.0,43.91731491887319,1793.2439891486551,3647.497283227592,78.2917544465876,1104.9746845834422,0.48382905079345234,0.3390967669652247,1.3943180592527993,2.716653039538232,0.3500336576735005,0.28676284181652795,103944,Tcell_Act_filtered
Tcell_Act_filtered_36,820.7403346135691,400.0,14.019361289585586,325.11513039483566,3907.245410610174,71.62686391756652,1395.1155130973277,0.4097183201244824,0.3502004705216494,1.7004406814080855,3.1090184383077424,0.25462652793617224,0.26609961871480586,19275,Tcell_Act_filtered
Tcell_Act_filtered_37,1940.6251722677844,400.0,21.03922704982386,659.061287706508,3742.1295477380236,74.64843172999312,1247.2822539668778,0.4508346232111867,0.3445630911875807,1.520483242250853,2.8869638395947272,0.29004411238940986,0.281569113469868,37809,Tcell_Act_filtered
Tcell_Act_filtered_38,5884.734097014449,400.0,41.41124100992543,1786.920091863037,3688.0005698180794,76.70749947965918,1165.8575498336857,0.46627706036015437,0.34405955022465096,1.4679785580147218,2.7980001456280785,0.32108138519139334,0.28118515679058187,101273,Tcell_Act_filtered
Tcell_Act_filtered_39,3434.3798003568745,400.0,23.947563982273934,805.7158320446504,3808.536540026904,80.99769670552676,1047.7004512388562,0.49147217374812113,0.3286207590849604,1.330228368071018,2.713909386088547,0.34900647166216264,0.27657228799225697,51181,Tcell_Act_filtered
Tcell_Act_filtered_40,2048.840040159074,400.0,18.61111749223987,583.1447228657098,3851.659551501003,77.8439172195079,1164.7525475313246,0.4652971524983,0.3359048701263183,1.4362037302989945,2.839000540212082,0.31214169358709787,0.28169652809423107,35564,Tcell_Act_filtered
Tcell_Act_filtered_41,7968.913896977258,400.0,68.55681738077158,2480.0598116409874,3633.302894667994,76.26503922011545,1167.4231739443196,0.4698567473297363,0.34303112305466954,1.4524400037561103,2.7814936776184176,0.322472489356861,0.2883794901311428,140569,Tcell_Act_filtered
Tcell_Act_filtered_42,4050.0921110252866,400.0,30.91323467369067,1013.5182257900342,3764.937629621876,79.98427686227785,1073.516599702145,0.4856070473333515,0.33141661001509726,1.3577488217148201,2.7372583575853926,0.3397499419657614,0.28180432789421556,62895,Tcell_Act_filtered
Tcell_Act_filtered_43,1470.780203773033,400.0,12.979511521682419,464.8659518917852,3643.8697741997858,75.98393949579477,1179.0497276494461,0.46482758939671726,0.347810119320868,1.488608384324342,2.790206979943833,0.30642153499066505,0.2784566651977485,26318,Tcell_Act_filtered
Tcell_Act_filtered_44,999.3280704655496,400.0,12.878633080304347,307.38411499511113,4024.396232768714,76.4765249444163,1252.5839437308637,0.4314380832823662,0.336966756298363,1.5538129050439837,3.0411926138357464,0.2888460923221462,0.26676957920408056,19500,Tcell_Act_filtered
Tcell_Act_filtered_45,2548.3650841568724,400.0,21.881287972980168,737.8227234860824,3737.4740746351504,77.54776151959216,1149.3376384588687,0.47089028917090214,0.3393564687815363,1.433727258739185,2.791056892232647,0.322638853835908,0.2785259323708111,43659,Tcell_Act_filtered
Tcell_Act_filtered_46,5655.575657697327,400.0,29.379144941665825,1248.2493059092556,3716.2411241247873,81.91945316560914,999.5945295887119,0.5108576901445502,0.32990232989972845,1.2847410236258312,2.5970213684595724,0.3688590854737634,0.2824359070291394,78157,Tcell_Act_filtered
Tcell_Act_filtered_47,7282.957793635886,400.0,61.611673555339586,2312.8867108553977,3820.015708446082,75.89699677008247,1224.326496670446,0.449058954199553,0.34093600438959365,1.5104266897796659,2.9141883280965013,0.30857924393791586,0.28088530054797556,134103,Tcell_Act_filtered
Tcell_Act_filtered_48,10030.988147557779,400.0,51.83850217593822,1928.4096769589048,3955.427770595191,83.8753614082,973.2998784009659,0.5135679234253671,0.31708069755696294,1.2282932323398552,2.628052256575919,0.3898672700114922,0.2795994333138913,132289,Tcell_Act_filtered
Tcell_Act_filtered_49,847.7540333775152,400.0,12.981798575117942,245.67504367099437,3966.9479914513545,77.5316891760237,1201.4329616488699,0.4409730372468467,0.33016969744575414,1.4895508049574935,3.013997913920972,0.3012381519364749,0.26708544764897585,16211,Tcell_Act_filtered
Tcell_Act_filtered_50,1973.0081702322486,400.0,30.91224216633659,697.2205138998365,4004.553629772361,73.88910852306057,1341.1810864979423,0.4198454839312993,0.34474665298789403,1.6335811637070008,3.074594962304567,0.26477898406123757,0.2646675263886134,43112,Tcell_Act_filtered
Tcell_Act_filtered_51,2672.0524721844968,400.0,24.0494656375545,654.4798493422643,3964.6414935577136,80.32546249116615,1101.3267277054679,0.4659486227840644,0.3262493346761496,1.3929699476280737,2.876606915302073,0.3290873173793095,0.2627522033308305,42935,Tcell_Act_filtered
Tcell_Act_filtered_52,2909.956727922571,400.0,30.671795457015705,1092.2797414674735,3702.7863755390326,72.70826574537858,1301.3876806099552,0.440488748809561,0.34941732923575514,1.57811905809544,2.9261143183889025,0.28144433968559923,0.28403576003210873,60025,Tcell_Act_filtered
Tcell_Act_filtered_53,2906.869128668651,400.0,27.635297639327927,928.0871914655556,3632.915253213634,75.79927608059232,1182.3888949786517,0.4638058620646547,0.34764453486608077,1.4911774162501472,2.796863133055634,0.31089160733525345,0.2800965496493766,52656,Tcell_Act_filtered
Tcell_Act_filtered_54,4876.218410939918,400.0,39.65207498451973,1431.2403086015493,3633.6100919414266,77.30876455572592,1133.7460793122366,0.4776368989652993,0.3437641717236648,1.4318347081808913,2.7332714766414057,0.32639351275639505,0.2839388544953524,82398,Tcell_Act_filtered
Tcell_Act_filtered_55,660.1645851440311,400.0,11.118794108755381,259.4005106634049,3833.8072279174853,71.79095728555956,1368.6441476547873,0.40926109308932945,0.3563531590988255,1.7322489150163187,3.0793183555727994,0.26727813080823637,0.2635644791101428,15208,Tcell_Act_filtered
Tcell_Act_filtered_56,1181.8214844227296,400.0,13.453309577526884,420.86839471128474,3964.3752216378557,73.73987318502981,1336.0094533634758,0.41816408426272905,0.3478939156350355,1.6551229059560626,3.068907656864093,0.2777032226955826,0.27636574079596526,24781,Tcell_Act_filtered
Tcell_Act_filtered_57,1853.2382892296225,400.0,19.602865349188647,546.2831566849985,3690.6608940762017,77.23366225315095,1149.162973248871,0.4733813311038234,0.3405346652481403,1.4311341540974971,2.771472987371799,0.31790443905028665,0.2826794067673525,32608,Tcell_Act_filtered
Tcell_Act_filtered_58,10044.818872081309,400.0,69.50728222326896,2788.235238487743,3839.6161315082118,78.27301892079292,1147.3247460901432,0.46690011854782626,0.33473924643317055,1.4263062805165576,2.8344272702998254,0.3308692418801682,0.27959512242589557,166952,Tcell_Act_filtered
Tcell_Act_filtered_59,3341.190589997115,400.0,37.55139035599431,1039.848644473992,3683.179163602132,76.26479497621924,1179.2693057790161,0.4619925412871083,0.34422899677794594,1.482322264341689,2.8223910157441967,0.3143754235916523,0.2794672683103082,61199,Tcell_Act_filtered
Tcell_Act_filtered_60,2455.6835617816396,400.0,26.320276844293833,882.7881405321127,3670.02101096764,73.55711776977802,1264.6878048336873,0.4449913096748994,0.3508707881991753,1.5686491824201494,2.892580328229189,0.29173657395145297,0.28295687477094367,49010,Tcell_Act_filtered
Tcell_Act_filtered_61,11389.01532139787,400.0,76.50176790091612,2524.4187931921624,4257.246408027929,81.85624934576732,1099.8491703919342,0.4652513211304299,0.31494288259719283,1.34671075288848,2.929331919907191,0.35034608950851,0.2690091622328675,174202,Tcell_Act_filtered
Tcell_Act_filtered_62,4681.581588498375,400.0,44.35389883017393,1577.5882967548723,3672.6992892719454,74.7955667336701,1224.8653083722002,0.45458653416130007,0.34568728318543224,1.5128538723786609,2.859594401976257,0.30364506158712956,0.284164543203367,88413,Tcell_Act_filtered
Tcell_Act_filtered_63,3575.1846679682826,400.0,28.286027273449754,981.1316716393625,3660.9387821945797,78.46655941971207,1102.192315023435,0.4827693803049328,0.34086284122318733,1.4046563512052088,2.7155977596693006,0.3322817393109556,0.27950821555394856,58015,Tcell_Act_filtered
Tcell_Act_filtered_64,10443.855687265319,400.0,66.8978520991792,2706.488616388577,4007.7127177297693,79.4188763891409,1142.5078139606485,0.4636597701570742,0.32651390752059445,1.4009815417172147,2.889503940433502,0.3477384897482879,0.28191984259055836,169405,Tcell_Act_filtered
Tcell_Act_filtered_65,4496.11670746702,400.0,44.73939109905789,1459.034001207959,3591.067278334582,75.49962926912065,1181.8233134637546,0.46602101223685805,0.347021790282292,1.4814308752658432,2.786694575982983,0.3098405000552315,0.2840086243964786,82116,Tcell_Act_filtered
Tcell_Act_filtered_66,3165.1699934440558,400.0,31.362534199608216,1140.1795715259748,3658.465922197752,73.51714293299406,1262.9348727527272,0.4466845616212771,0.3521706786505669,1.568492319161095,2.876577099632886,0.29341707176410636,0.28021462609999187,62617,Tcell_Act_filtered
Tcell_Act_filtered_67,5447.829986551411,400.0,44.46355737025564,1688.1399732400027,3634.2796678471145,76.34323038420769,1165.126089753005,0.47342965665913106,0.34401287212199916,1.44560412289711,2.7565542417579536,0.3261227994683226,0.29278604183123597,95365,Tcell_Act_filtered
Tcell_Act_filtered_68,4541.741864924275,400.0,34.53904947070541,1411.3546185662967,3701.462526279285,76.2920923173287,1182.707687908281,0.463708370976062,0.3453080191999935,1.4814666281867468,2.807613093940867,0.31338314812450174,0.2807971845774384,80057,Tcell_Act_filtered
Tcell_Act_filtered_69,2352.581706132152,400.0,37.29082254383398,822.2837858941704,4085.5106744509612,74.10020084443461,1354.5398625397224,0.41269791295701935,0.34039407265057925,1.6408914838383115,3.1419312983913694,0.27115671951271775,0.26658791079301225,51757,Tcell_Act_filtered
Tcell_Act_filtered_70,1180.8219293946865,400.0,12.554225880312408,432.85109728298806,3765.651986744913,73.17603441794107,1302.801330536338,0.43409320485952063,0.3553852949896911,1.6287206804493997,2.9355283355622652,0.2769202537383539,0.2755545388779873,24253,Tcell_Act_filtered
Tcell_Act_filtered_71,1516.7991167615116,400.0,17.77228595867264,520.3433520652665,3859.2497338005714,74.4571938375552,1283.5894541795678,0.43722403227871454,0.3442827853175935,1.566539778793867,2.9701819800433746,0.2802439376236943,0.27286008523510447,30597,Tcell_Act_filtered
Tcell_Act_filtered_72,9277.554766068339,400.0,67.81360044338936,2734.786537528461,3544.8259626831004,77.23352618436176,1115.9659793416408,0.483993321906509,0.34327818134259797,1.4110323671682812,2.6987407624346376,0.33855372229769914,0.28999115887048155,153328,Tcell_Act_filtered
Tcell_Act_filtered_73,4760.338475923637,400.0,48.00040284547169,1675.1400932916604,3692.8510615741343,73.97023274531833,1257.121467371062,0.4450125975149414,0.3494941954228214,1.5624200610860042,2.898862486820346,0.30228222731097026,0.2810408557653855,93433,Tcell_Act_filtered
Tcell_Act_filtered_74,5589.018851900409,400.0,48.16079485414626,1909.6261465871762,3677.83597266564,74.53371713193073,1234.742980750361,0.453145965446907,0.35021198940779263,1.5375280123405188,2.8476591362120773,0.3034279664218698,0.28101100031828036,105658,Tcell_Act_filtered
Tcell_Act_filtered_75,1370.7871710991017,400.0,15.360081726756292,472.3681960517385,3802.665330502193,74.37176461244675,1272.0430803517684,0.43875527922385094,0.35086869687999495,1.590934916596539,2.9295541531978655,0.2855621074051427,0.2697028451562749,27338,Tcell_Act_filtered
Tcell_Act_filtered_76,11869.62016223945,400.0,71.08558480778404,2864.120410840403,3714.360709642405,80.560806017764,1044.2850076184009,0.49844741552439975,0.33122067042431974,1.3219901766563962,2.6632250465213905,0.36432963850811284,0.28886731727572335,175010,Tcell_Act_filtered
Tcell_Act_filtered_77,5294.06995800686,400.0,48.38007757357321,1824.576197836558,3608.1825512025257,74.36905616752935,1222.2874677418433,0.4543245710385005,0.3496166698088179,1.5309325296948624,2.8434465877837756,0.2989553382274931,0.2827877229552379,99992,Tcell_Act_filtered
Tcell_Act_filtered_78,2399.0118587498705,400.0,22.37099765650674,663.8967235126975,3800.4779703218155,78.32463145138084,1137.066132481858,0.4721300914271386,0.335825209654439,1.4150824926720558,2.79866439098828,0.3200240903906402,0.28013150883051147,40701,Tcell_Act_filtered
Tcell_Act_filtered_79,1391.7461535108685,400.0,16.405871968550034,470.5436783902109,3827.7525150939164,74.73305871461123,1266.0882153972166,0.42847308091052577,0.34778535403698513,1.6147968418554415,3.0063540204441113,0.28341482932610024,0.26425931778991035,27685,Tcell_Act_filtered
Tcell_Act_filtered_80,868.486622966715,400.0,14.25318159059552,448.01702383404853,3637.3697737112952,65.96917715170976,1501.7035726357856,0.40511903861876264,0.36690663713065697,1.8017853823799501,3.0480424014647176,0.23899978629859964,0.28430416401633507,23203,Tcell_Act_filtered
Tcell_Act_filtered_81,1674.5529682772365,400.0,21.930014409365928,618.9411323521765,3859.491914017428,73.01317966406289,1333.6068673721554,0.42268755188361723,0.3486930683778247,1.6411716292242322,3.037095255222981,0.2735944328639624,0.2672832642024586,35968,Tcell_Act_filtered
Tcell_Act_filtered_82,1992.768510848796,400.0,24.923260657339075,702.5028476522369,3658.912880333635,73.93572838458344,1249.4119048399536,0.44826762955745536,0.34980652755647984,1.5524609160767344,2.8781734942171986,0.2916689381676742,0.2801423704336258,39896,Tcell_Act_filtered
Tcell_Act_filtered_83,1112.8572459550394,400.0,10.90387977453755,261.6702182049615,3879.4390896816776,80.96289633871572,1062.384426333947,0.4765459681084235,0.32402216268413087,1.352695550735742,2.8214003876457223,0.3335740963507364,0.26611986405306126,17413,Tcell_Act_filtered
Tcell_Act_filtered_84,4640.489928523067,400.0,43.57164435031535,1714.401826525951,3627.33229484887,73.02232842654097,1270.6591070885067,0.45101742991564986,0.35281997686476446,1.5562880615860362,2.8482473773860564,0.30157167339775093,0.2868926400632755,92384,Tcell_Act_filtered
Tcell_Act_filtered_85,2492.808672469375,400.0,26.99704093933608,892.7635943081308,3801.529926156251,73.63034890530069,1296.9715734091862,0.4335293291186459,0.3470892877902941,1.592769281560899,2.979075173683611,0.27978893437721347,0.2760091212306282,50809,Tcell_Act_filtered
Tcell_Act_filtered_86,811.5263897346523,400.0,11.978109612786891,313.03158684127897,3752.5158661801547,72.16403303683803,1333.2052089446713,0.4271610928550012,0.34814827707722834,1.62144680755652,3.0125400415960115,0.2654762206987855,0.2715641202528299,17888,Tcell_Act_filtered
Tcell_Act_filtered_87,6719.245681317199,400.0,52.34332947340326,2148.118556222469,3575.4700014696646,75.77500485286839,1169.2574537546468,0.4716522455939546,0.3473116133023919,1.4649659936604003,2.752881595259587,0.3163787654462065,0.2854057517324126,118320,Tcell_Act_filtered
Tcell_Act_filtered_88,5278.865314559142,400.0,43.155052341425915,1581.9084962218342,3765.071287482916,76.94271025615167,1175.8942368419835,0.45832149802428845,0.34090984941437336,1.4797878758933933,2.8587520825203954,0.3104542274740841,0.2767422302553975,92437,Tcell_Act_filtered
Tcell_Act_filtered_89,3309.104224509249,400.0,63.76675579677915,1215.8782153267548,3726.7610599422765,73.12965892148698,1293.912043673645,0.43516717945079997,0.34885698457372993,1.5948558435953792,2.9606490951937365,0.27975839229335303,0.2774546933961812,73338,Tcell_Act_filtered
Tcell_Act_filtered_90,3991.432216260332,400.0,18.100104035023712,671.7524462433381,3691.524871048691,85.59455619150468,874.158765741567,0.5601342627526047,0.31416618549967656,1.1158284874612936,2.3744673548033703,0.4197014878843094,0.2818105104100192,46644,Tcell_Act_filtered
Tcell_Act_filtered_91,2636.656937852642,400.0,18.04693295170967,514.1065432319771,3709.2198874701394,83.68311216254796,939.9616973331597,0.5323807428122791,0.3228026858649504,1.2062711647719793,2.500504547037395,0.3836017995135726,0.27742833805776923,34734,Tcell_Act_filtered
Tcell_Act_filtered_92,3006.684446772831,400.0,27.97495423756402,1077.7935484185148,3687.959822972617,73.61245305550915,1267.6119418028973,0.4422334967455521,0.35185570572274993,1.582862199295461,2.9042615753642953,0.286174370997368,0.27610583136834127,59229,Tcell_Act_filtered
Tcell_Act_filtered_93,1706.8112985087478,400.0,19.325609703357838,655.0660474720246,3638.21811449884,72.2650268615025,1298.1189242222129,0.4389974270481899,0.3594208464171146,1.6288137706806352,2.8874498733349587,0.28058838442884887,0.2800686253855088,35604,Tcell_Act_filtered
Tcell_Act_filtered_94,968.4811039112768,400.0,12.389039693416759,308.51296628665756,4085.7653689589524,75.84068920235174,1290.4555107588803,0.4263121745400967,0.33923531923738554,1.583082220975516,3.0620624188610193,0.28529701309764943,0.26075112736780154,19487,Tcell_Act_filtered
Tcell_Act_filtered_95,8815.614894141067,400.0,80.47918836789903,3199.9055759908492,3724.6994512408232,73.3685645665941,1285.4151877119998,0.4375534206117136,0.34750543828416086,1.5800130238074284,2.952783525261734,0.29383558238462715,0.28180167932761707,175960,Tcell_Act_filtered
Tcell_Act_filtered_96,3281.3680767589126,400.0,39.60912090067437,1242.708159024951,3579.5263181191203,72.53122860318835,1273.3768158256034,0.44674939482396736,0.35706401166511614,1.5900553843815934,2.8535476854807857,0.2865126114397505,0.2806813923670015,67625,Tcell_Act_filtered
Tcell_Act_filtered_97,5546.48646655459,400.0,29.63997980365285,1028.6863800805847,3685.273956293997,84.35499105385477,913.9814043675751,0.5414934625352505,0.319334470898322,1.1732288351448563,2.461143570293283,0.402548523550764,0.28158396583630463,69193,Tcell_Act_filtered
Tcell_Act_filtered_98,1232.9847309115553,400.0,13.237972442403656,435.22794627918915,3888.351333225415,73.9105239859399,1310.0925843679904,0.43071060557425417,0.3457965018710896,1.5972215991551,3.0025045129193892,0.2786140763814502,0.2741585088091424,25226,Tcell_Act_filtered
Tcell_Act_filtered_99,2751.8855937563585,400.0,28.927792040556177,972.6979878145165,3812.367613337909,73.88438287094975,1291.160860935038,0.4401694902569938,0.34533327693454813,1.5608049641902246,2.947352297627193,0.28848612439477506,0.2808690097826897,55524,Tcell_Act_filtered
Tcell_Act_filtered_100,3824.2217257269913,400.0,28.224835369294876,991.2797123412035,3795.3135275415666,79.41481847550087,1098.931452970306,0.4829552484082588,0.33516998112119384,1.3806651715471614,2.7376607202488783,0.3357649651302581,0.27940375326385153,60782,Tcell_Act_filtered
Tcell_Act_filtered_101,10306.356887644763,400.0,74.95825210618312,3463.2127084340086,3614.7098840662866,74.84879476973452,1208.5382804991414,0.46100878158817016,0.3464618760861796,1.4951211987233375,2.818359782216602,0.3217779671455469,0.2894850399169135,187803,Tcell_Act_filtered
Tcell_Act_filtered_102,1479.4608390868389,400.0,16.99722787740221,508.8176304977604,3610.8649312001385,74.40913643227928,1221.6880638872174,0.4548438244050112,0.349098464312796,1.5269182310502687,2.8427378571076383,0.3008068442243217,0.2871729765010208,28613,Tcell_Act_filtered
Tcell_Act_filtered_103,1909.8524990425683,400.0,24.34761259395568,689.7991792330781,3709.4458016041244,73.46570754084166,1278.1380277749756,0.4404239831049514,0.3469151800670114,1.5670486809105804,2.938335789350582,0.2888507508111863,0.28126902568513246,39273,Tcell_Act_filtered
Tcell_Act_filtered_104,8388.697346278646,400.0,69.57583869315886,2786.8197538839486,3762.290806945407,75.06316952578953,1238.4487585779395,0.44989665195737266,0.3451470141363349,1.5262353352212412,2.8898897594219752,0.3059527681449428,0.2803701485018099,157362,Tcell_Act_filtered
Tcell_Act_filtered_105,1615.6562453001764,400.0,15.703863117610961,481.70725998775254,3931.079711037877,77.03272423815616,1210.9928146045872,0.44791580413762966,0.33870337567261927,1.5043652172531108,2.931362294587598,0.2936565567716723,0.271800193666186,29461,Tcell_Act_filtered
Tcell_Act_filtered_106,4211.119858246949,400.0,31.243510580314382,987.6445815289147,3779.3433111135096,81.00232097510663,1041.9967953945486,0.4993894263650532,0.3297527535334615,1.3136486765703397,2.663400461745934,0.3541447405782703,0.28024148041981173,62845,Tcell_Act_filtered
Tcell_Act_filtered_107,1342.4524100353435,400.0,15.02691743765494,477.2313591910033,4016.610921367845,73.77393988660447,1348.4945543055592,0.41576173041506853,0.3469483078198802,1.6601617629578351,3.0886166478759782,0.26625891721554223,0.2659055830129703,28301,Tcell_Act_filtered
Tcell_Act_filtered_108,8845.363660688974,400.0,71.09979933789256,2865.9758629073144,3655.7127198320536,75.52819763159562,1196.7315824803031,0.46149938536577406,0.34585411362937385,1.4909118386244964,2.8181577656989614,0.315863520801082,0.2861307338262683,159793,Tcell_Act_filtered
Tcell_Act_filtered_109,1319.939246600059,400.0,20.064129885477566,495.970807095646,3909.1951581264366,72.68747942188789,1358.4496496893964,0.4128129359665939,0.3482588294613141,1.6783362800388015,3.1000727329156907,0.268564708678231,0.2695407400400336,29456,Tcell_Act_filtered
Tcell_Act_filtered_110,1919.0923028732925,400.0,22.25123177190813,627.6783653440851,3848.0213596388467,75.3539502721134,1249.8010589247424,0.4397897439398246,0.34268196845303583,1.5501591936630092,2.9622089785952794,0.2918057919587714,0.2671371789363277,37408,Tcell_Act_filtered
Tcell_Act_filtered_111,5225.009331560944,400.0,23.68947659886489,753.23061905815,3809.8020846184368,87.40046192056666,829.619312084812,0.5741746008077452,0.3035984918324385,1.0519274237836769,2.329017242509474,0.44076081307796305,0.27424549115095836,57223,Tcell_Act_filtered
Tcell_Act_filtered_112,1894.4928357257431,400.0,17.323407401459434,409.3507801748326,3866.4102956783595,82.2318330398126,1015.9175688612563,0.49555524181708266,0.32575090335543233,1.3077468996081192,2.701113179630126,0.3466587861332742,0.2589519367148705,27937,Tcell_Act_filtered
Tcell_Act_filtered_113,1697.234963947577,400.0,20.054779584333104,577.8523793026751,3827.149791391149,74.60087055483595,1270.4662117951073,0.43654293707337904,0.34351086544896126,1.5654660629862436,2.9780224202021293,0.2855271031682744,0.2761676042103005,33923,Tcell_Act_filtered
Tcell_Act_filtered_114,2657.225323566903,400.0,32.20783771429314,872.9887596949327,3710.0009467183736,75.27093997403377,1218.5321209740368,0.4516264014351614,0.3454809650013775,1.521860855272135,2.8780746382477385,0.2985039254071332,0.27847557960986724,51072,Tcell_Act_filtered
Tcell_Act_filtered_115,4816.7177233455,400.0,28.854467674754858,1197.8469028577877,3619.4328592632028,80.08422924513604,1041.1748678576218,0.5052931477997118,0.33343291874026176,1.31278984877769,2.6155781613281857,0.3550324354859494,0.2913055541180917,71257,Tcell_Act_filtered
Tcell_Act_filtered_116,4415.938568893785,400.0,46.5522475912028,1729.6391237732105,3577.2688760322976,71.85554865188598,1294.224893013679,0.44193429509729565,0.3537983755482673,1.5926790744422947,2.896887211260482,0.2859694917270019,0.2845679947527931,91686,Tcell_Act_filtered
Tcell_Act_filtered_117,1167.21700350313,400.0,17.203295607615132,382.7950880049438,3833.53674517166,75.30373536425087,1247.9553209532803,0.44174164515214004,0.34282059852256863,1.5439339217665728,2.949701921953561,0.285410294767086,0.26973713747889577,23473,Tcell_Act_filtered
Tcell_Act_filtered_118,2217.9074457478523,400.0,25.20037527314889,754.2989370927925,3789.081068323777,74.62158275927388,1260.0951341456664,0.4398766966070629,0.34863467950899596,1.576775179416963,2.933474162099584,0.28644259373921555,0.2737369867971242,43822,Tcell_Act_filtered
Tcell_Act_filtered_119,1492.8810997207504,400.0,16.90265385284606,601.2048488305492,3629.238059130762,71.2903451147043,1327.1031022010632,0.43872857882853433,0.357893230170204,1.6228848378422749,2.8962812751560167,0.2713839711346336,0.2877861719259016,32125,Tcell_Act_filtered
Tcell_Act_filtered_120,1112.076557062206,400.0,15.771816407883499,386.97507230375567,3929.36754013158,74.18534060314983,1311.0942093479564,0.42737108883905456,0.34172167998471875,1.590733906421209,3.0431184957653166,0.27310509658749355,0.27542658924730495,23452,Tcell_Act_filtered
Tcell_Act_filtered_121,3105.8431769945896,400.0,26.383981778954624,1100.9091436564458,3620.6562461520443,73.82995099920525,1242.8473177651465,0.44991070743713407,0.34982328382003386,1.5468654087427183,2.8684173254764427,0.3036563594508554,0.2852589215154341,59504,Tcell_Act_filtered
Tcell_Act_filtered_122,910.5685440640151,400.0,13.705526744844931,275.7878980951691,3976.989241266446,76.75336953595233,1231.5294706559537,0.4329824886660101,0.3348804655320078,1.5386846705550756,3.04167560159729,0.29243818213254075,0.25708505483440414,17865,Tcell_Act_filtered
Tcell_Act_filtered_123,3677.1833232287427,400.0,47.05708344343584,1362.022959306109,3803.1227703733234,72.97147838486629,1319.8137735798914,0.42998070197757987,0.3478256621199792,1.6093214534396882,2.996995591635656,0.2853334528895078,0.27607302273443074,78141,Tcell_Act_filtered
Tcell_Act_filtered_124,5501.504276015164,400.0,41.324814944398994,1476.3732802900702,3892.2625025167367,78.84208674662091,1138.889870862777,0.4634560794131974,0.33384404057072686,1.4330626902628083,2.858977993276398,0.32641536281330424,0.2738369619212575,90873,Tcell_Act_filtered
Tcell_Act_filtered_125,1344.9267853820988,400.0,16.470808184787522,460.2954146712693,3750.8639602801845,74.50200786043617,1254.4030291997192,0.4433962989678443,0.3478610322535121,1.5607878020484658,2.9160959963358946,0.288871846954134,0.2749447234510504,26753,Tcell_Act_filtered
Tcell_Act_filtered_126,827.6290928895224,400.0,10.68759003269859,240.37683048235473,4149.695371220143,77.49293096395533,1243.946525841889,0.42494208651157317,0.33221377823139275,1.5553138488472846,3.1057611713482247,0.28773036646010386,0.2520447258340786,15865,Tcell_Act_filtered
Tcell_Act_filtered_127,912.6781863326645,400.0,12.7419662394046,249.97894501981168,3993.9845135757455,78.4993410113074,1172.7303543703433,0.4566347739462569,0.3332213561465075,1.4517572083971244,2.9030669818905634,0.30305588836223074,0.2632472460852258,16692,Tcell_Act_filtered
Tcell_Act_filtered_128,1013.5412728675662,400.0,12.6805626723403,304.60472938157864,4004.1194925136497,76.89142713615689,1232.8605790274892,0.43473741312198577,0.3323463562934536,1.5208768507761645,3.0428939062904212,0.28768387093772235,0.26625031798358817,19354,Tcell_Act_filtered
Tcell_Act_filtered_129,1559.968807708987,400.0,13.050100586442515,434.26639755173966,3878.6640460323333,78.22391278590614,1157.5169165493273,0.46043268467602555,0.33931218396904467,1.4660995278815383,2.8532152660817927,0.31819145928447007,0.2748867536347699,26589,Tcell_Act_filtered
Tcell_Act_filtered_130,1429.1947299372182,400.0,15.188202490079572,509.0281621915496,3779.8913917413693,73.73737745752867,1287.648118558517,0.4331716279947659,0.35161523812129986,1.6148709771371181,2.959273227234043,0.27970084304308873,0.27632652893987614,28859,Tcell_Act_filtered
Tcell_Act_filtered_131,6787.148026273609,400.0,40.71968772983992,1826.4862510206162,3561.5348354233374,78.79540514234179,1070.39065313525,0.49340529399763516,0.33993960953112845,1.370654861930484,2.6583040209113538,0.34728016303362247,0.28727698314115974,104456,Tcell_Act_filtered
Tcell_Act_filtered_132,9582.640491158025,400.0,74.02356352959049,3128.414863945393,3695.9200548745457,75.38823664480894,1211.1840442820064,0.456687005474458,0.34529792453762176,1.5041995631242124,2.848925907768308,0.3159903452120574,0.28462152376512273,174590,Tcell_Act_filtered
Tcell_Act_filtered_133,4341.367571422016,400.0,30.883745069432145,1116.3619468905877,3928.404593383301,79.54530463364297,1121.7244108691023,0.46896497979891816,0.33167046803377276,1.4070078987510781,2.8351493267253716,0.3259936909973129,0.271651397564639,69845,Tcell_Act_filtered
Tcell_Act_filtered_134,1478.5784395943922,400.0,9.252414726101943,273.73733054522626,3912.6180775202924,84.37853866238869,948.7222749177779,0.5224707210116376,0.3195702768119639,1.2168430491518505,2.5677995525447184,0.3780075512606626,0.2676800577285076,19293,Tcell_Act_filtered
Tcell_Act_filtered_135,1807.1734966338518,400.0,17.89860518441877,433.10434842400554,3846.481941060397,80.66738242403946,1066.2951734897488,0.4814714051239348,0.32826907967389357,1.356405752717519,2.774429856386507,0.33429710612349584,0.27273494980379287,28498,Tcell_Act_filtered
Tcell_Act_filtered_136,1752.3005706603158,400.0,13.355535203152247,416.42040104285275,3694.836262882865,80.79880231361327,1032.648024278896,0.5017005760277968,0.33037524326993456,1.3100655937527832,2.6476891232888513,0.354455457222195,0.2814491735875569,26091,Tcell_Act_filtered
Tcell_Act_filtered_137,5583.969482059444,400.0,55.80664639776023,1684.8173742029592,3796.6103087868105,76.82120266394371,1187.2934197692903,0.4570769836862249,0.33989475568418204,1.4793987782396614,2.870695776262124,0.3203239626744273,0.27913946132144574,100755,Tcell_Act_filtered
Tcell_Act_filtered_138,1196.7446969920222,400.0,22.243980814240505,443.96788414760607,4015.520669503138,72.94054490401794,1378.340192050152,0.41101100074174324,0.34661779359207845,1.677751176800278,3.119880024084751,0.25668602627133025,0.26287662185323196,27741,Tcell_Act_filtered
Tcell_Act_filtered_139,744.9871157206205,400.0,14.404109500099072,293.86672521807054,3702.0152446958227,71.7124090379704,1334.0605659234152,0.42840487088891926,0.35438533552747914,1.6457030994840933,2.9741865698986563,0.267552943169766,0.28006940166835015,17206,Tcell_Act_filtered
Tcell_Act_filtered_140,8795.16030557706,400.0,50.87349249893735,1953.9719827455913,3883.868851298363,81.82204916327717,1033.295967004917,0.49514952770433557,0.32499745586277107,1.3057911978797283,2.706406572106965,0.3615607006456442,0.2744060209404742,126194,Tcell_Act_filtered
Tcell_Act_filtered_141,2796.105387885419,400.0,24.75273187568794,856.8875674317444,3580.171488400036,76.54286285484099,1145.9771874852413,0.4753295625187437,0.3456019580684183,1.4464769369004302,2.7389066928122277,0.31877276567375357,0.2852227565152623,48535,Tcell_Act_filtered
Tcell_Act_filtered_142,7442.37766929274,400.0,59.073554115218755,2463.6783031083364,3540.2987264586113,75.12957417187722,1181.0056655453734,0.4701502351886541,0.34945526177558023,1.4787170179426417,2.7523990282377206,0.31803103704589414,0.2896683434535462,133478,Tcell_Act_filtered
Tcell_Act_filtered_143,2995.2179293794084,400.0,32.388354935020125,1084.923282206273,3770.9286190738567,73.40966339288451,1296.3412665973285,0.4356854389527579,0.3494428475491405,1.5956339007230342,2.95471606449946,0.28140077722252144,0.27642819693897336,61189,Tcell_Act_filtered
Tcell_Act_filtered_144,1033.3956355833468,400.0,15.545205640843385,385.51503335866255,3797.6628292112296,72.83021110510668,1323.1378180569507,0.4235027274679573,0.34959205329481524,1.6422356852390307,3.027599197292206,0.268613708359237,0.2759615226564087,22509,Tcell_Act_filtered
Tcell_Act_filtered_145,1197.4270678327136,400.0,13.938709423066964,435.00053350748203,3873.515087105957,73.3525374632018,1325.603631546593,0.42468884963138787,0.34993567475197784,1.6392587316960134,3.0186645694202965,0.2751211944611397,0.26862092917375197,25135,Tcell_Act_filtered
Tcell_Act_filtered_146,4097.080582883225,400.0,37.41093721820743,1333.1852120127635,3623.2752555010484,75.44898790652476,1191.3466977840574,0.4625914263345848,0.3490880147696279,1.5013000663715792,2.7976113010700607,0.30947409456140446,0.2860944752971535,74703,Tcell_Act_filtered
Tcell_Act_filtered_147,1139.4442074416756,400.0,14.661992529474421,357.30486095469416,3933.794013518743,76.12793830982547,1243.5894869108895,0.43335857599410127,0.3465462110624131,1.5909037444865592,2.9827435028742095,0.29142872812468135,0.2589037424311408,22198,Tcell_Act_filtered
Tcell_Act_filtered_148,675.0365528711268,400.0,11.214362028555414,254.42004827453175,4225.630317303178,72.62701152900192,1447.1893456984064,0.3947588830345994,0.33942499689091005,1.7105747452998021,3.262578789234567,0.24484761788233952,0.26510792220378904,16045,Tcell_Act_filtered
Tcell_Act_filtered_149,682.7713328646689,400.0,12.241994883421814,260.42655591195205,4233.3108105844385,72.38898019060035,1458.4162072663273,0.3832789045454926,0.3401366837287191,1.7655039809230126,3.333797313420723,0.23971461786125972,0.24885268501449714,16558,Tcell_Act_filtered
Tcell_Act_filtered_150,698.5969299186885,400.0,13.193987513648864,283.30899617461756,3958.5404392325263,71.14703265904355,1426.744510746489,0.40358786578110745,0.34862958021650486,1.718526673619166,3.1555352873918663,0.25070154217595636,0.2639490585866064,17055,Tcell_Act_filtered
Tcell_Act_filtered_151,3660.430441362156,400.0,10.51442198712893,118.01661465692432,5751.410121413356,96.8765841387423,567.1467925331743,0.7159723252248072,0.162182512344385,0.4506485029740235,1.840164042832556,0.6475548055702923,0.11824467253491028,25236,Tcell_Act_filtered
Tcell_Act_filtered_152,710.6197362524105,400.0,68.7779169322722,889.6667519114392,5680.6139629535355,44.40578243385453,3335.7160153926443,0.20077992095324712,0.3210711751307647,3.181348037927296,4.862346268823786,0.10868220261652442,0.2033770771728246,66081,Tcell_Act_filtered
Tcell_Act_filtered_153,574.5985749050249,400.0,10.984165692062842,250.97463899936332,4169.35483180176,69.5999537324585,1545.885612855546,0.37571990702049757,0.34483803109669253,1.8259172654152573,3.355602414673427,0.23390538818590698,0.25892937625163837,15267,Tcell_Act_filtered
Tcell_Act_filtered_154,584.1918507907442,400.0,11.100718471157567,244.3373127849886,4224.957511211659,70.50950967972118,1527.998724598652,0.37073273244491434,0.34272127116343226,1.8391208691190637,3.401353654611532,0.22494147818358498,0.25262959240885957,15184,Tcell_Act_filtered
Tcell_Act_filtered_155,3214.0964306334113,400.0,9.871715883846832,111.20424556830534,5958.096330485393,96.65581382266679,585.8730892069565,0.705196264067552,0.17076840462476592,0.48175658864070653,1.8867859677960825,0.6341220886983109,0.13018282236210157,22900,Tcell_Act_filtered
Tcell_Act_filtered_156,587.5400449946745,400.0,13.326049986106536,312.37985307205724,3844.044131996462,65.28803799725591,1595.495290456349,0.3723013712266238,0.36713107331178324,1.961808684980504,3.2432890226915623,0.21966269940432187,0.2633348611827609,17394,Tcell_Act_filtered
Tcell_Act_filtered_157,685.1839552682158,400.0,12.139580378600634,286.60437964281215,3927.1674699933433,70.50753035957648,1440.248795254681,0.4030292088724903,0.34884479742365687,1.721971158033093,3.1578665029621207,0.24123263698239283,0.2721409263738432,16829,Tcell_Act_filtered
Tcell_Act_filtered_158,471.24375831409986,400.0,73.3711794407843,1138.2955978607597,5807.6252136924695,29.278175554155517,4224.371210316811,0.18631320847848634,0.310478506914432,3.3152634146795434,5.121480931774073,0.10750720635177188,0.2134115613793684,80852,Tcell_Act_filtered
Tcell_Act_filtered_159,628.7906914716799,400.0,15.701607867901757,239.63151670110085,3977.314748565422,72.40610449089023,1387.1204937511156,0.4092634393553024,0.34951836272045894,1.6990149186052126,3.11543997200225,0.2655532611374658,0.26837387803856827,15548,Tcell_Act_filtered
Tcell_Act_filtered_160,529.1600130349603,400.0,10.826152805454292,263.594477823524,3957.7271166160476,66.74954467453422,1582.9604655124006,0.3843779650419456,0.3525441592417568,1.8246735864326575,3.25442534533829,0.23226158360434435,0.2686224399513401,15030,Tcell_Act_filtered
Tcell_Act_filtered_161,2356.5418205139595,400.0,9.81577143749357,125.35730689525242,5339.416269496106,94.9491377183363,649.4831132903391,0.6476704072703197,0.2089805833659356,0.6419216564389565,2.141883909634077,0.563176402666215,0.16015580992231054,19172,Tcell_Act_filtered
Tcell_Act_filtered_162,605.6581686124708,400.0,18.81686616150846,325.39930573113986,4549.845946579239,65.05056726379387,1850.347617755888,0.32594110756697026,0.34318495049562486,2.094687506350497,3.702713521064087,0.1860159982584119,0.24768871661137126,21228,Tcell_Act_filtered
Tcell_Act_filtered_163,968.0689116030466,400.0,15.552083366177083,433.897409218629,3892.898608185875,69.05079652952527,1481.0242972648268,0.3942701398117873,0.3574759544379384,1.8037780268006907,3.164767938367146,0.243168676254121,0.26752563111625777,24458,Tcell_Act_filtered
Tcell_Act_filtered_164,597.992789210661,400.0,24.39791877389963,329.49393531930923,4871.310411202724,64.47453892277656,1988.453639773663,0.30481548299362177,0.33423592071718167,2.181454925557513,3.922249892276418,0.17499238299270098,0.23664505403846564,23455,Tcell_Act_filtered
Tcell_Act_filtered_165,711.7558941340424,400.0,15.732613987462507,323.4869962446587,3896.190610551851,68.75255080222533,1492.4703848895574,0.3938621564327274,0.35475594861383414,1.791907457056928,3.1824662439699605,0.23981864465238156,0.26142783039426115,19027,Tcell_Act_filtered
Tcell_Act_filtered_166,402.13940296049583,400.0,17.48643306820341,252.3276438400062,4612.746822599776,61.44532485270844,2024.210852231191,0.31555456513044244,0.33687779418146396,2.123870642614166,3.8233870863225077,0.18125119121218408,0.2553932197557734,16880,Tcell_Act_filtered
Tcell_Act_filtered_167,867.0008745703759,400.0,14.855120594459148,359.5477583264264,4091.7059929075554,70.68622077566839,1482.1785443723406,0.38563570716638707,0.34619182657702624,1.785951723149601,3.2831805519766655,0.23454680034820652,0.2636366649381729,21631,Tcell_Act_filtered
Tcell_Act_filtered_168,720.3198358482919,400.0,15.080625659358304,346.9046036845588,4130.085085714975,67.49469082282194,1612.4756896834597,0.36745962337419386,0.34628516087579425,1.8747976501023569,3.401001255815497,0.21582271433499522,0.25275812724483515,20620,Tcell_Act_filtered
Tcell_Act_filtered_169,958.486821366154,400.0,16.266668887876534,381.55860532081334,4011.7205881685863,71.52644248306181,1428.3853390232803,0.3991887352858588,0.34851048038970256,1.7368715838647166,3.183789808930979,0.24797394505316728,0.2615236965746162,22941,Tcell_Act_filtered
Tcell_Act_filtered_170,857.4432193938908,400.0,18.236145572558815,352.9306464765986,4078.869779800067,70.84118746873519,1472.7147423612562,0.38406188165324,0.34498899741391376,1.7870396306445797,3.300337388256759,0.24523603337625755,0.2550612236904288,21950,Tcell_Act_filtered
Tcell_Act_filtered_171,1034.6247937693488,400.0,21.301983188171114,528.8824203391371,4246.172333715626,66.17333034560339,1701.032009664782,0.3513035083483907,0.34760037148685907,1.9684658716761634,3.499560422944972,0.21232582281431775,0.25454840008125873,31387,Tcell_Act_filtered
Tcell_Act_filtered_172,764.2707972098615,400.0,16.960765087614682,354.696204292422,3835.6840389374424,68.3014598449981,1489.0616846815763,0.3969509186149941,0.35660048074718087,1.7872086496828015,3.153147888438004,0.24334193231374998,0.2616824205278946,20527,Tcell_Act_filtered
Tcell_Act_filtered_173,430.1250060403406,400.0,12.313231187444096,241.69264392814975,4817.08044826114,64.02407052873862,1989.0857467553035,0.3088806879148922,0.33247189034694996,2.141382856638951,3.906429823685986,0.17775020105526038,0.24382430546645115,15932,Tcell_Act_filtered
Tcell_Act_filtered_174,713.0251967185957,400.0,11.17169475800539,232.2026024387881,4301.585318125175,75.43421779958405,1358.4549516140366,0.40388608494794637,0.32507071539336513,1.6012129761768303,3.2812490471105655,0.2716921755518581,0.2555762187765385,15434,Tcell_Act_filtered
Tcell_Act_filtered_175,3212.052848273919,400.0,8.914292519368594,97.14626936017446,5718.900996663908,97.0643570874143,556.1439401360153,0.722095335371215,0.1621055891660776,0.4466152970878495,1.8078906543635567,0.6581167819345413,0.1293306292276506,21698,Tcell_Act_filtered
Tcell_Act_filtered_176,14994.730052822535,400.0,29.342004326526894,1376.5788009253138,3979.8645936259413,91.59151651695718,701.012323070335,0.6430515608285504,0.28114575303791534,0.8697929344037376,2.019270259291838,0.5311550175182403,0.29173201733574233,128637,Tcell_Act_filtered
Tcell_Act_filtered_177,16693.06027833874,400.0,49.27910377844347,1958.5785493914145,4070.856091967551,89.49916107918884,785.4706852322961,0.5884991291210461,0.29016146556597916,0.9808984681206651,2.288065096615934,0.47296422239987024,0.27446868102075916,165233,Tcell_Act_filtered
Tcell_Act_filtered_178,539.8964639211591,400.0,16.56922488468826,248.25970233393366,3827.5244331754293,68.50120408071736,1479.6289262894775,0.392927005218112,0.3538412755866259,1.7915410283486553,3.193401330829215,0.23530436433430477,0.26676565343660624,15310,Tcell_Act_filtered
Tcell_Act_filtered_179,818.0568914355073,400.0,10.35481648387071,424.53436365800906,3760.7514821805257,65.83475363134927,1548.2090237250575,0.38662606095352675,0.3651603914187455,1.8789822772271183,3.1680149293436397,0.23207917432938543,0.2800210244438665,21838,Tcell_Act_filtered
Tcell_Act_filtered_180,517.3689890475196,400.0,17.713595284463146,367.2733790742229,4470.9348546034735,58.483406141397964,2090.1134898339947,0.29819061140873077,0.3468897550048917,2.314342617803349,3.867379796677003,0.1640511874530337,0.24298989279745148,22237,Tcell_Act_filtered
Tcell_Act_filtered_181,1958.2743088745847,400.0,11.4705799348358,242.036841399583,3732.2109236290553,88.99988115910679,766.5471616284216,0.6175883681563665,0.2916413707471475,0.9394640540079068,2.1276375015657,0.4782806921126807,0.29715613201337177,20242,Tcell_Act_filtered
Tcell_Act_filtered_182,673.5769273408788,400.0,13.615230273322787,308.5751624364485,4339.711722941424,68.58173335390363,1637.7891342012542,0.35707843416731017,0.3470366934476887,1.9334899531690504,3.4648441374055765,0.21090570586709956,0.2473259081797213,19135,Tcell_Act_filtered
Tcell_Act_filtered_183,762.9915141884626,400.0,13.429224893835023,355.66002366742106,3910.2636232893005,68.20636171035767,1516.0405194014936,0.39087986859737445,0.3598876894206771,1.8316978351544577,3.1720462551543798,0.232226801702616,0.26296399350414407,20105,Tcell_Act_filtered
Tcell_Act_filtered_184,328.0669888790977,400.0,21.397927647548443,194.37821562531417,5365.964526369878,62.79452582789039,2247.61064925467,0.27253016506289024,0.3244720997820205,2.3686065432334016,4.2526180034257814,0.15955434850493028,0.21709323443203557,15972,Tcell_Act_filtered
Tcell_Act_filtered_185,650.6222941210832,400.0,13.804709171560958,284.1689224182439,3960.2340690233996,69.60081380842877,1482.2821834981762,0.3892329615681477,0.34543368016057435,1.7655711083179495,3.2643728433458885,0.24064520514454282,0.2672944915388607,16999,Tcell_Act_filtered
Tcell_Act_filtered_186,707.2402440770652,400.0,12.394085821321177,261.78974011856417,4143.354644242951,72.98435090882455,1411.291554926895,0.39972384687375145,0.33292543671938307,1.6569792292018641,3.2660947162977814,0.2555264401706716,0.26834848802665506,16536,Tcell_Act_filtered
Tcell_Act_filtered_187,508.05732720631227,400.0,13.361080637708245,262.27709098185056,4098.7232217444025,65.95282713724127,1659.310689022316,0.35785950229652325,0.35829710830794775,1.991869557633376,3.3876223948218493,0.20809656222647238,0.24487267867503085,15739,Tcell_Act_filtered
Tcell_Act_filtered_188,666.8513074580295,400.0,13.644535714618655,275.74466613557405,4056.588282681078,70.7462503702079,1469.6891812078375,0.3898650953557612,0.3472744454737954,1.7721015956883694,3.2498257328016282,0.23978345719665276,0.26412529125616,16957,Tcell_Act_filtered
Tcell_Act_filtered_189,8084.976009554316,400.0,11.014782327678496,93.48407736500378,6604.354019215592,98.85694768487625,470.9190122551177,0.8508559374686908,0.10558726662203279,0.24687985754164138,1.1942435308984425,0.8078257617882326,0.09162716469461103,44612,Tcell_Act_filtered
Tcell_Act_filtered_190,733.2957189805555,400.0,12.681814147930126,284.25548147557794,4091.6629916634442,72.06474904180193,1431.2753212521056,0.39348492777948463,0.34951696544746147,1.767137341808717,3.2141603810987904,0.2522162477887908,0.2571038742163366,17505,Tcell_Act_filtered
Tcell_Act_filtered_191,4243.680726977646,400.0,7.316895094755527,70.64583904031895,6929.910294898011,98.3625291697489,506.92537632051983,0.7886908957435823,0.11212482469006992,0.2828297529019947,1.509591403589374,0.7518401680365469,0.0779653386823696,25251,Tcell_Act_filtered
Tcell_Act_filtered_192,537.5425568759097,400.0,18.924213822824054,335.85832671495587,4990.57736483167,61.54591402127723,2165.264566792157,0.28442615828716894,0.32780963489964726,2.2928852650901708,4.129725859563608,0.1614046448129498,0.23296295403399078,22751,Tcell_Act_filtered
Tcell_Act_filtered_193,1127.5310147925443,400.0,12.241182698213837,350.61092207789227,3811.8853647769047,76.28029397364806,1209.2891784812077,0.4507144775317614,0.3424418472169791,1.5115254618779461,2.8973478869324114,0.3111236400729399,0.27780776945980035,20988,Tcell_Act_filtered
Tcell_Act_filtered_194,2420.1203662522353,400.0,10.823819448724237,416.0153090882726,3580.7307676025102,85.33161467889488,866.5618450188808,0.5588497466078384,0.31534005618658745,1.1225720554050325,2.3778922185330145,0.40907168131452093,0.2625529073478265,28131,Tcell_Act_filtered
Tcell_Act_filtered_195,7200.338116135163,400.0,50.4786979582117,2160.4836728430437,3661.284681156378,76.91993586089973,1152.706596169544,0.4733132041225165,0.34213870689892545,1.43808227701424,2.7651215267156446,0.32552035087721004,0.2895886763362554,122357,Tcell_Act_filtered
Tcell_Act_filtered_196,9149.534053527397,400.0,64.34084136408558,3065.7989603561236,3660.929253708974,74.90204354746905,1218.4266040437212,0.45648064991310566,0.3454734459275677,1.505644506421838,2.8493603399150498,0.31223601805666457,0.2889551116937183,167332,Tcell_Act_filtered
Tcell_Act_filtered_197,7052.490164460022,400.0,49.625889326720966,2226.3186897440064,3662.730678717114,76.00641715196764,1182.8459885061598,0.46688194869035554,0.3429943873317786,1.4615378777696464,2.799050291332514,0.3218627052850771,0.2876371479061401,123978,Tcell_Act_filtered
Tcell_Act_filtered_198,6993.510308636468,400.0,43.153958152075674,1902.136843883198,3587.744287953554,78.61721793512882,1081.6284138784874,0.49402148717139405,0.33884731088714454,1.3645465298955521,2.65907234245737,0.35284524048378524,0.2903531482795352,109076,Tcell_Act_filtered
Tcell_Act_filtered_199,1599.9063612651426,400.0,24.707492098929862,651.1158514883863,3564.5463567902975,71.07465897940124,1315.3558254565273,0.43722116059856125,0.3552860962671628,1.616617158788998,2.917556622524483,0.280376940932836,0.2869029098291034,35589,Tcell_Act_filtered
Tcell_Act_filtered_200,3353.657104619914,400.0,27.827669030089375,831.6263273461303,3944.296858387071,80.1297488959912,1104.2606856330065,0.4685663269279411,0.32770480375695127,1.3913675715567142,2.854422321249479,0.32871831568189847,0.26723490111659143,53661,Tcell_Act_filtered
Tcell_Act_filtered_201,4322.1529420232955,400.0,20.066360130910343,767.5306284250885,3623.90653661979,84.91987531638492,886.1691254054814,0.5516340681563137,0.3198353979557029,1.1534681118078933,2.4033935107265743,0.4131785263820525,0.2783764719809275,51594,Tcell_Act_filtered
Tcell_Act_filtered_202,2286.6535840133447,400.0,21.197347965296043,759.183050893401,3759.4724493831154,75.07472849355085,1237.3576291930992,0.44779356430898576,0.3463094188848707,1.5385676639821386,2.8970862389360694,0.2931996727926108,0.2791063438018622,43303,Tcell_Act_filtered
Tcell_Act_filtered_203,761.8103563876933,400.0,10.627103064042576,257.52925980906963,3994.9881345141184,74.73567634210747,1308.2494377664796,0.41831217923151154,0.3419326863473382,1.6261861337878667,3.098540658588068,0.26586597058536315,0.2618282097439982,15892,Tcell_Act_filtered
Tcell_Act_filtered_204,2366.149332861001,400.0,24.363071141453307,834.7307104212789,3687.3616254538265,73.92183714684538,1257.2835182579593,0.44101855836618703,0.351023237303162,1.5834674725448288,2.9153756044601282,0.29157052448287973,0.2753285021728505,46576,Tcell_Act_filtered
Tcell_Act_filtered_205,3098.3900764082437,400.0,29.73198280403766,899.4797605590397,3650.268726146508,77.50102436448081,1131.2771687846025,0.4745549450829401,0.3441114733077889,1.4425895915487068,2.749624022083724,0.3170821208903659,0.27808551693533856,53044,Tcell_Act_filtered
Tcell_Act_filtered_206,1033.3324950206954,400.0,10.786394258888166,300.92640035910335,3931.3167118553533,77.4461761955543,1196.446949168802,0.4475687194959413,0.3335539389295263,1.4826426606676568,2.957169092051011,0.2967496016727223,0.26459797609558094,18709,Tcell_Act_filtered
Tcell_Act_filtered_207,4133.62204815718,400.0,23.236460455933194,744.5030884027416,3762.5321941889174,84.737925584915,913.1921657083026,0.538452424633553,0.3165390854834364,1.1695267267754081,2.487401693679832,0.39590966026954133,0.27722204114405735,51527,Tcell_Act_filtered
Tcell_Act_filtered_208,1784.8646779876142,400.0,21.208072067346873,603.6571980378225,3841.8997157063163,74.72674610615985,1269.8800539218198,0.43730640342328597,0.3442182091742122,1.5659509288984808,2.9699904338221543,0.29012980149119816,0.27088244263241534,35628,Tcell_Act_filtered
Tcell_Act_filtered_209,10694.223365203243,400.0,78.87852679300255,3006.12130316571,3729.5510937293584,78.05806075736055,1130.5680780387336,0.4724361619765686,0.3371660520099224,1.4198120333245063,2.7912043456932962,0.3333749098464147,0.2827577139256404,177005,Tcell_Act_filtered
Tcell_Act_filtered_210,2541.5511903861275,400.0,28.65841603033603,868.0182175568668,3782.9553890816173,74.54170560262784,1261.2427422841654,0.4431109506487901,0.34416643164372157,1.5452052347779963,2.935104897880539,0.28900301073624385,0.28075342389988733,50261,Tcell_Act_filtered
Tcell_Act_filtered_211,1131.8166301950491,400.0,16.446722125196267,410.4540157140354,3770.9478168758146,73.38638216302851,1297.1311694670624,0.4328501896118478,0.34862694997511806,1.602335626598286,2.975716817609486,0.27834999483929085,0.26430484486697275,23982,Tcell_Act_filtered
Tcell_Act_filtered_212,1236.207279197733,400.0,14.890137299938822,412.6174260258223,3654.495017444128,74.97505800837223,1214.435490235809,0.4498452610107689,0.3504695937638816,1.5499487569792068,2.865844423013776,0.3033725724940524,0.27905650501661844,23763,Tcell_Act_filtered
Tcell_Act_filtered_213,3460.1763860332326,400.0,29.368601237145242,1076.3400682316574,3708.7453063702287,76.27386389793067,1185.0374146602312,0.4597011035885284,0.3416489149377032,1.4785453305923617,2.8472755802583483,0.31109187061484406,0.28165102129774805,61719,Tcell_Act_filtered
Tcell_Act_filtered_214,1098.3227407702402,400.0,16.303671777517792,400.2196074965601,3816.210423938294,73.29273957726652,1312.3762145097678,0.4309814810811349,0.3466078101242939,1.599962780220754,2.996883261895596,0.27648390813799756,0.27317920941568963,23587,Tcell_Act_filtered
Tcell_Act_filtered_215,4350.297708157927,400.0,31.83492151570544,1001.1342354821585,3794.2109775322638,81.29221774609398,1034.981598914911,0.49890338496250236,0.33046914352448087,1.317785149303488,2.66347134496312,0.3604541022357662,0.28038029886301574,64248,Tcell_Act_filtered
Tcell_Act_filtered_216,5013.28569328545,400.0,33.7356668239086,1258.9318690381858,3833.769190384643,79.92844067462806,1089.211020144397,0.4842996452325046,0.32951034004922525,1.3535834667385613,2.7526250285334233,0.3479558684463622,0.2820515462702392,77942,Tcell_Act_filtered
Tcell_Act_filtered_217,1833.9147294596019,400.0,24.589497876648103,690.1260107791701,3691.467951285128,72.65788940023667,1299.956807596144,0.4400293061124876,0.3519507191662456,1.5912206272954477,2.916852841362912,0.27702059540813506,0.2825542925611353,38871,Tcell_Act_filtered
Tcell_Act_filtered_218,848.9979621970265,400.0,14.360382951217332,318.82596200779636,3934.909958335078,72.6991410777197,1365.0607807546974,0.40833268699563313,0.3464962272223921,1.6881635086234847,3.137265793166546,0.2670150443426655,0.2719423187554482,19308,Tcell_Act_filtered
Tcell_Act_filtered_219,2172.6819484192565,400.0,18.889072732397594,577.3581065257471,3866.834810524374,79.00546555721736,1127.8458283699179,0.4656006036703853,0.33497766713758775,1.4313059070924496,2.841184242360887,0.3300784854556596,0.2734846521731919,36039,Tcell_Act_filtered
Tcell_Act_filtered_220,2230.8518417107994,400.0,32.86753963988032,827.414895524248,3809.1282642785504,72.94497286811854,1322.340576861201,0.42863663163689925,0.3506832523641834,1.6276307527707374,2.991063129401428,0.27881910006969896,0.2726784607577274,48360,Tcell_Act_filtered
Tcell_Act_filtered_221,754.2042532103749,400.0,13.089710382052644,308.88491499091134,3906.48352289323,70.94459014068077,1418.8231592261243,0.40667943264606493,0.35321236533862704,1.727881022254313,3.1117533810629228,0.25725171982343276,0.271948189358549,18149,Tcell_Act_filtered
Tcell_Act_filtered_222,1212.5023935566346,400.0,10.495796740783714,400.5581822439918,3826.4984540105024,75.16781525423008,1250.8744264108386,0.4402848123274221,0.34596022389502457,1.5632290225674745,2.9436901885611646,0.2959382504153074,0.27628992472601954,22994,Tcell_Act_filtered
Tcell_Act_filtered_223,2476.007886669831,400.0,25.643020331811428,789.7220276750696,3991.8215416967555,75.81790140678287,1268.5778265055214,0.4309346426881268,0.33906324499189694,1.5653067227497448,3.0340845044192024,0.2898636493575472,0.2655285821289763,47953,Tcell_Act_filtered
Tcell_Act_filtered_224,8388.018930514669,400.0,59.42205638120868,2144.121337088087,3795.575844325855,79.64211183472858,1091.2675329548283,0.4825985470537589,0.33159117044765524,1.3669325722320491,2.7542693484883176,0.34375707945348444,0.28036502322262313,131676,Tcell_Act_filtered
Tcell_Act_filtered_225,1320.6490170826344,400.0,15.90355949004918,486.5004173622251,3790.0778000855894,73.07912626983868,1312.6385639152725,0.4272824667170988,0.35514462429735044,1.6535613695933875,2.977125432172338,0.28579865599431503,0.2662235480723684,27702,Tcell_Act_filtered
Tcell_Act_filtered_226,6671.316590788579,400.0,52.30310115134085,2405.9305210767548,3682.7898922834324,73.49493198293742,1270.105693806979,0.44213711419753976,0.34767374634041714,1.5643901387294756,2.924494596178102,0.30829461400581354,0.28641250742217916,129884,Tcell_Act_filtered
Tcell_Act_filtered_227,3261.576336695202,400.0,24.295472656588046,834.2953829962325,3700.9011223274074,79.63082244531124,1072.366410511584,0.4885252151245376,0.33609705412370877,1.368698735150656,2.701531026796453,0.3386946299790348,0.27758625200531295,50703,Tcell_Act_filtered
Tcell_Act_filtered_228,4113.247666753687,400.0,32.55509971988868,1099.4194860306511,3723.443030250496,78.90869580185266,1100.9574793622585,0.47984374480803405,0.338765713768524,1.4045259128543093,2.741129141006736,0.33459444948107375,0.27457878650399814,66326,Tcell_Act_filtered
Tcell_Act_filtered_229,3355.6235051391463,400.0,21.259041265042633,692.2340678219853,3716.164956814914,82.89875433251484,967.1055160039714,0.5233827512405528,0.3252662547457011,1.236373670632607,2.5426422157140127,0.37686234343984065,0.27853781180696985,45327,Tcell_Act_filtered
Tcell_Act_filtered_230,2140.5558608217184,400.0,24.59252332809303,692.8934030517577,3647.430461116647,75.54593929433784,1194.1286163356297,0.45686298051914837,0.34298318572664666,1.4935405070403134,2.8582116344378306,0.30694648427192356,0.27840187912627257,40067,Tcell_Act_filtered
Tcell_Act_filtered_231,1117.3123849549252,400.0,12.632914632160208,294.12082628875197,4031.975998239713,79.16154842143831,1156.847559738165,0.4515595338203533,0.33329205906010034,1.4683855261539593,2.9338007175508323,0.30796107836860054,0.25722177043678035,19470,Tcell_Act_filtered
Tcell_Act_filtered_232,862.0902816189404,400.0,12.960539872874932,255.06221153830307,3997.410165602595,77.1685411704665,1221.3412208890093,0.4322463007155291,0.33384237085596224,1.5365274221922107,3.0513507161086753,0.2875447220658512,0.2610350508938536,16719,Tcell_Act_filtered
Tcell_Act_filtered_233,7003.143871547329,400.0,65.90735872707975,2650.778036587631,3639.8931439214734,72.5419569185252,1289.6112552517066,0.440525405429196,0.3523881335022492,1.591404055322523,2.911846591120969,0.298081793626397,0.28183921171191834,142094,Tcell_Act_filtered
Tcell_Act_filtered_234,1018.9186848523603,400.0,14.337685915688514,370.9725340344495,3785.4232959951355,73.3092396733344,1303.5952179771646,0.42676994375674615,0.34702912227630833,1.6177158506327907,3.020480010701151,0.27525653977735537,0.27525483806337414,21603,Tcell_Act_filtered
Tcell_Act_filtered_235,6395.745056983965,400.0,38.348360121731595,1358.924242507579,3777.6955068666516,82.47605165320614,991.9056159352889,0.5123846132250041,0.32390180977042815,1.257614221105058,2.610225927318161,0.3721476199781474,0.2818495058558436,88240,Tcell_Act_filtered
Tcell_Act_filtered_236,2224.9395764395726,400.0,18.755887213117717,520.2025845266759,4101.187170667249,81.05006757305522,1101.3724678361934,0.4746746744512294,0.3270509939585944,1.3707225478114267,2.820179834162161,0.3332509551106726,0.2634835582740844,35183,Tcell_Act_filtered
Tcell_Act_filtered_237,880.4915886489531,400.0,14.796201593503255,335.0158998367467,3776.251792141561,72.43818709384378,1330.5562021908027,0.4283433016706919,0.3518104961183124,1.6339808300506622,2.987265924413594,0.2635151661842024,0.27340504085274,19670,Tcell_Act_filtered
Tcell_Act_filtered_238,3936.256140673283,400.0,29.67649231688796,971.0994836167588,3955.7866522315185,80.21134888186853,1103.642215115182,0.4705907955977731,0.32884550130177004,1.390204279793309,2.8373205269324435,0.332462494562667,0.267028783109282,62294,Tcell_Act_filtered
Tcell_Act_filtered_239,4407.394971606235,400.0,51.08325055991347,1565.0507892632854,3913.5805248343304,73.7954792403936,1320.716938035699,0.4242717382791566,0.3440854839861347,1.6134384134528537,3.0505219044642344,0.28059705737359864,0.2715646246812682,91664,Tcell_Act_filtered
Tcell_Act_filtered_240,1207.564505010475,400.0,15.279916167676433,410.90873733303016,3798.8160507725743,74.61133575875215,1262.913995308289,0.4405793576108284,0.3443763963077729,1.5550321641762421,2.949402531330748,0.2882255241900275,0.2735768533803533,24218,Tcell_Act_filtered
Tcell_Act_filtered_241,1419.7108098014464,400.0,17.59050223970604,529.1318740674992,3917.237867892106,72.84891805545645,1354.968135695902,0.41943865785256434,0.3473521949074883,1.6475239519046234,3.063826300416907,0.2725245430802406,0.2705005991225193,30755,Tcell_Act_filtered
Tcell_Act_filtered_242,9085.712558979416,400.0,67.77949452946297,2825.8667279655365,3675.5989385398743,76.27630509866415,1177.0930983705953,0.46512212827327765,0.34260314075380693,1.4653942495759948,2.8110709318367886,0.32263643257263874,0.2871715817990637,159279,Tcell_Act_filtered
Tcell_Act_filtered_243,1881.336450178583,400.0,13.163425571505183,355.2254104858921,3660.786732743945,84.11734471854243,917.8995162252241,0.5374628973098778,0.31846410956913956,1.1788054926437244,2.486577303752576,0.38963636528558204,0.2737195709543129,24242,Tcell_Act_filtered
Tcell_Act_filtered_244,6301.43591827227,400.0,49.46470598315989,1849.966843692985,3589.163164198748,77.30492655417545,1123.782922422088,0.47996811594901956,0.3435945169574007,1.4241770436385297,2.720546674377316,0.32671048492777693,0.28300972005491326,105347,Tcell_Act_filtered
Tcell_Act_filtered_245,1150.0637481739923,400.0,14.238611997563488,426.7344340267985,3790.5983506718526,72.93664852966847,1317.6095485895873,0.4269544088149987,0.3468239290693363,1.6160608004710766,3.0203718847043626,0.2749253255556406,0.27783905472346243,24321,Tcell_Act_filtered
Tcell_Act_filtered_246,4601.87461011644,400.0,78.48757039635723,1549.7594084357881,3792.43470738204,74.80735356228946,1254.644081460938,0.4440118582811649,0.34274949751196515,1.5357212806901337,2.9362898255044465,0.29101581557803236,0.2765014515297797,95631,Tcell_Act_filtered
Tcell_Act_filtered_247,701.8105946641078,400.0,11.336282198903813,289.1823904738515,3755.467458222593,70.81892659072724,1379.1614222081942,0.4210369577261409,0.35264650481216,1.6662858620549328,3.0271499637486956,0.2561253673970962,0.278369393954096,16371,Tcell_Act_filtered
Tcell_Act_filtered_248,3115.605865825071,400.0,21.351471012898138,556.7011082261904,3989.55112487742,84.84056174606663,944.1557863691638,0.5196923500254116,0.31351585077910304,1.200171538668874,2.605056938791807,0.3825621473300259,0.26841795886655906,40641,Tcell_Act_filtered
Tcell_Act_filtered_249,2460.6060262932256,400.0,26.971032147105056,861.0647451302652,3615.0695281917247,74.07736032908346,1233.4308889625772,0.45382731889461503,0.3515418543468989,1.5410493565943837,2.837668225475577,0.2978116355973448,0.28442422563042835,47903,Tcell_Act_filtered
Tcell_Act_filtered_250,972.2645893711401,400.0,12.983166275015723,288.9140711999065,3832.5200848408635,77.09174122331805,1186.3305835969272,0.46606042055395713,0.33601855346666326,1.4343369281187537,2.8339485572612255,0.3067188204295785,0.2841613851962749,18126,Tcell_Act_filtered
Tcell_Act_filtered_251,7583.072036182856,400.0,54.04522252711041,2018.0431180911621,3663.7902808034346,78.98115910845196,1086.0108861558824,0.4865624873721037,0.3369266249138407,1.3776117972000974,2.7095813207819313,0.3439761181983178,0.2824718610612323,119594,Tcell_Act_filtered
Tcell_Act_filtered_252,2477.0179922315715,400.0,29.915905205291082,878.8018213753653,3875.6939828792574,73.81260406735596,1310.1937447036757,0.4254463417901512,0.3443813587710683,1.6103674592222041,3.0417890386130395,0.2805365958413458,0.27642496800202043,51410,Tcell_Act_filtered
Tcell_Act_filtered_253,3433.96766841373,400.0,24.36695202895356,932.3344093448247,3527.2941238537906,78.64704748455152,1067.7696292849107,0.4979160215344979,0.34163391036291413,1.3650074312356728,2.626113316618742,0.34327052128452745,0.28618697227090745,53589,Tcell_Act_filtered
Tcell_Act_filtered_254,693.114757942393,400.0,12.47051394787091,246.11041318150941,3972.0943219132,73.7964419238246,1336.0158101782888,0.4152905029636322,0.34491490461506447,1.652304580282093,3.102071295719027,0.26348392407345833,0.25690837167620917,15439,Tcell_Act_filtered
Tcell_Act_filtered_255,1180.5073438977622,400.0,15.604694403537067,466.18042545669454,3866.6564731851918,71.68981065308762,1381.4170115657225,0.41115644141260277,0.3503952914122724,1.6954356373692616,3.0991146181283633,0.26086912076047547,0.27775444055438747,26575,Tcell_Act_filtered
Tcell_Act_filtered_256,2207.6528865120513,400.0,24.5283819002573,767.135741393419,3492.2976473152994,74.21209244256274,1197.438858690477,0.46281733281752835,0.35511637915324323,1.5264804034850588,2.7699066456090717,0.3092587732527128,0.2888575713127889,41936,Tcell_Act_filtered
Tcell_Act_filtered_257,1503.2309316645703,400.0,20.06376516533459,510.47608435336997,3751.507235968154,74.6499326717933,1249.6093408276465,0.438903227208596,0.3452383530565878,1.5648777175585318,2.9554495816515063,0.28755210505305345,0.27490955774092507,30085,Tcell_Act_filtered
Tcell_Act_filtered_258,1164.8235526774376,400.0,10.007662820110674,304.9664549191593,3993.7803677609604,79.25101862558985,1145.67281914393,0.4618908831753133,0.3339692163326161,1.438458019956413,2.867876889298994,0.32055028576250644,0.2702025259582638,19488,Tcell_Act_filtered
Tcell_Act_filtered_259,3172.8313772130673,400.0,18.33010691687509,564.0176896767767,3948.939819583643,84.90659698636945,935.6557896809721,0.527201077065844,0.31601684676038083,1.1925156607738452,2.5530371200809667,0.38635607909001096,0.26831907844981806,40371,Tcell_Act_filtered
Tcell_Act_filtered_260,2484.9321093845238,400.0,18.685938288243165,597.3039101648689,3839.08824871128,80.62108461596034,1066.4580017002104,0.48852153780049595,0.33082396726737934,1.3472351168214287,2.722517863981181,0.3411201033281839,0.27630482777490084,38027,Tcell_Act_filtered
Tcell_Act_filtered_261,911.724672055258,400.0,11.184211973769287,295.50769175843146,3808.9383089097346,75.5218878638316,1234.4437419077278,0.4420043293187174,0.3474300380094376,1.5637631879374418,2.9264347848913235,0.2899230962493913,0.2749784899354579,17680,Tcell_Act_filtered
Tcell_Act_filtered_262,2719.427990328064,400.0,28.469878644854507,946.4325761134066,3727.521698554715,74.18252661387695,1259.0820289418334,0.44271099766413985,0.3475187895417143,1.5616658910864687,2.9217918623008527,0.28882371705507714,0.2809091093981648,53509,Tcell_Act_filtered
Tcell_Act_filtered_263,6110.211831268572,400.0,44.52287052458814,1867.663924889722,3682.912085268215,76.58945837244919,1168.5475003176123,0.4686495919552801,0.3440078638789773,1.460327527716261,2.7843650061608662,0.3206038307269311,0.2841408017953953,105823,Tcell_Act_filtered
Tcell_Act_filtered_264,1041.3340294536092,400.0,15.350077913089955,398.6659936990677,3862.6906696692145,72.31486199380437,1358.650690625582,0.4195519679738483,0.34972786240090836,1.6583439682952532,3.0510166323881998,0.26320018730328054,0.27121596074913923,23256,Tcell_Act_filtered
Tcell_Act_filtered_265,1286.4659390181841,400.0,20.231665096182017,502.58094159618895,3764.477894036325,71.9078942512899,1345.1526878846587,0.4257012367354104,0.35342602745378393,1.6516718308702858,2.995123406274198,0.26439458997818194,0.2692608685832054,28903,Tcell_Act_filtered
Tcell_Act_filtered_266,1215.6217920518195,400.0,18.975961480538484,379.95566562552364,3936.5798507678755,76.18694950863626,1242.1675455307507,0.4436227722973038,0.3366007816603503,1.5094941466941385,2.9673656494183045,0.29341972647614867,0.2679936019532711,24310,Tcell_Act_filtered
Tcell_Act_filtered_267,1330.7259665237914,400.0,15.049569394520734,367.3158689643921,3911.546463914387,78.36826741911281,1159.6083405275601,0.4604781345241433,0.33860817975542945,1.4629132617533673,2.856039546347796,0.3207397527456067,0.2648464711610031,23458,Tcell_Act_filtered
Tcell_Act_filtered_268,10897.504250167114,400.0,39.9420787732252,2345.6942007013226,3694.0140118593235,82.28755531072254,983.4504099076325,0.5166951289701022,0.32666259909539475,1.2577525037081996,2.575586940580742,0.38943283698865966,0.28301948981972297,144536,Tcell_Act_filtered
Tcell_Act_filtered_269,2125.3570322673245,400.0,20.133344377781803,658.6878510045659,3631.8366186181656,76.34061667028669,1164.6326141889165,0.4683626421203321,0.34484408925381094,1.464774206592944,2.7824549021126446,0.3160072825021562,0.2844538492827639,37750,Tcell_Act_filtered
Tcell_Act_filtered_270,2526.527216547008,400.0,20.62516142103954,719.6993371404105,3720.670228906496,77.82966391169164,1136.203750132969,0.47108273107043186,0.3374868615836703,1.425245999985,2.797843024846215,0.32713667275889274,0.28030337348709683,42511,Tcell_Act_filtered
Tcell_Act_filtered_271,13423.620781006974,400.0,45.320364420897704,2345.826758714567,3776.7644534384945,85.12422992114541,902.319716198001,0.541427732925974,0.31449343454437817,1.1555832300829119,2.477383532274637,0.41859266507555226,0.28142597823435667,158900,Tcell_Act_filtered
Tcell_Act_filtered_272,2020.3667467669477,400.0,21.22391242015409,670.7380135846779,3716.9258496642315,75.07573753847332,1226.7193044245373,0.4436480724688758,0.3478954340467187,1.5600563104982326,2.9144333371673867,0.2946934689869197,0.2717409661204935,38484,Tcell_Act_filtered
Tcell_Act_filtered_273,8942.547828442426,400.0,61.602468968302574,2675.958390878009,3652.823232949799,76.96813738044781,1149.1857782698737,0.47263160055205394,0.34241996616792003,1.4413400988562826,2.767905729482771,0.3293041722445711,0.28662171711614215,151258,Tcell_Act_filtered
Tcell_Act_filtered_274,848.3298728396866,400.0,8.816828678148703,278.3016897127218,3887.7005093834264,75.29789693782205,1261.535374327999,0.4329546957064633,0.3491616907538194,1.6044060028936105,2.972488715269065,0.2839674358743355,0.25937952914196094,16470,Tcell_Act_filtered
Tcell_Act_filtered_275,3931.673453876008,400.0,26.154138808021088,811.8374366308542,3786.786757186651,82.88530467473838,979.6382348088038,0.5172785084845719,0.3215696621226898,1.2367467533387568,2.590498262704409,0.3791255352576294,0.27935448578264827,53936,Tcell_Act_filtered
Tcell_Act_filtered_276,3437.037824170502,400.0,24.82871414810628,834.8081643781435,3607.651254405306,80.4579058651464,1026.8422276536974,0.510552760412713,0.3356995621013029,1.308098027396266,2.5773705949458567,0.3538193949765035,0.2843046472845263,50872,Tcell_Act_filtered
Tcell_Act_filtered_277,1536.3420560142413,400.0,19.969603826108795,543.5671367801299,3899.640782908388,73.86582363002859,1314.6022945207267,0.4273099271589039,0.34490211779980534,1.6057688296546746,3.02772799049755,0.272914496957241,0.27393101109292245,32235,Tcell_Act_filtered
Tcell_Act_filtered_278,862.9316975602998,400.0,11.286748450411999,304.6767376336604,3797.890444812928,73.9059149925507,1286.6484211294821,0.4344331576721617,0.3474488629745261,1.5911021936711949,2.971868156055787,0.2761594622670485,0.2719151783365821,17799,Tcell_Act_filtered
Tcell_Act_filtered_279,1078.4826405130416,400.0,20.610631394857304,415.8067106506694,3858.2682536699317,72.17361481383436,1362.3110450370789,0.4224715595180119,0.34987441933589436,1.6475737255024654,3.0324563414092207,0.26780553811126745,0.27227160535966644,25124,Tcell_Act_filtered
Tcell_Act_filtered_280,957.8224695660134,400.0,12.666401633276703,292.94385441092953,3915.347290178284,76.57885019805428,1223.3347548912955,0.4359472255675171,0.3455092577518814,1.5767248599769792,2.9720507001273972,0.2894196497633395,0.2502891861204412,18384,Tcell_Act_filtered
Tcell_Act_filtered_281,3366.803491875849,400.0,18.0148380141687,583.3852613439449,3877.657446208147,85.23145860135347,913.5992796463642,0.5372155642504447,0.31476135810825867,1.1656360447026577,2.5002704658950754,0.3985225632295907,0.27964072922420635,41557,Tcell_Act_filtered
Tcell_Act_filtered_282,1898.375326758048,400.0,20.872289087259244,673.575925154015,3774.4275887301033,73.81070404607166,1283.7388279635343,0.4399393640071685,0.34864514707935645,1.5765979099160672,2.9330498417382467,0.2821180711913869,0.27506287465189694,38340,Tcell_Act_filtered
Tcell_Act_filtered_283,2294.567795828018,400.0,20.954323860788993,664.5603264279806,3930.963414577565,77.54202254948903,1192.9829674316215,0.4520820237232813,0.3365407637686053,1.4809847354846568,2.91589239633776,0.3061718198537507,0.273066130216196,40798,Tcell_Act_filtered
Tcell_Act_filtered_284,3151.8431125104707,400.0,33.737957190749235,994.272036983042,3800.4441473834004,76.01918902072698,1215.454083439765,0.45186667024635957,0.34193477914019543,1.5054388246185335,2.8927441670630794,0.30375939942908514,0.2783680429455373,59008,Tcell_Act_filtered
Tcell_Act_filtered_285,6861.824102976404,400.0,61.65479006092767,2524.059611312678,3581.4663368653655,73.1079172921134,1255.5625586334038,0.45284944245811004,0.35123721501953675,1.543038748837623,2.844751515587491,0.30147245424584934,0.28744219067648563,134532,Tcell_Act_filtered
Tcell_Act_filtered_286,2631.206773276499,400.0,20.854778783829797,595.5759385074543,3931.002087759669,81.54273182596218,1051.7265245686767,0.48689611335115934,0.32496363487544033,1.327787576172203,2.755399725504254,0.3505644755739627,0.2738505257979403,39577,Tcell_Act_filtered
Tcell_Act_filtered_287,734.7711902370237,400.0,13.331519517656432,287.92513996380495,3897.731639932219,71.84646786526899,1384.7350012349707,0.41478876761303995,0.3521449770654499,1.6889805776163729,3.067697047889434,0.25632939038055835,0.2649253339148647,17263,Tcell_Act_filtered
Tcell_Act_filtered_288,1114.5838943496112,400.0,18.414937102695372,434.24901938349905,3887.172273788041,71.96282339217338,1377.704649021116,0.40819089867752617,0.3458519786512235,1.6856099731396783,3.141579829502027,0.2635440452711481,0.27826428251968877,25683,Tcell_Act_filtered
Tcell_Act_filtered_289,13457.744799267783,400.0,56.91916092054328,2316.1927585127705,3879.5537188370354,85.31633113147262,910.9261461765603,0.5368477017239935,0.3114582424426487,1.154194166527016,2.5132935375777965,0.41312198835238356,0.2823997583962338,162523,Tcell_Act_filtered
Tcell_Act_filtered_290,1848.885717801124,400.0,14.969261868558181,388.68554602801305,3920.7211076643316,82.6291322063701,1011.5798089947932,0.49788736389430804,0.3198367914161131,1.2779900141061757,2.710029076690613,0.35892620628335165,0.2637678436054813,26658,Tcell_Act_filtered
Tcell_Act_filtered_291,1220.5316767496734,400.0,17.484603375195196,452.81382834615266,3828.1530618388488,72.93960948487911,1327.6716059896662,0.4224761759367049,0.34638981337075836,1.6311467419554202,3.050006948549851,0.26834949382266354,0.2697318137015714,26446,Tcell_Act_filtered
Tcell_Act_filtered_292,1133.1222209259647,400.0,11.344927460965604,297.4177355692879,4142.115202753642,79.20940731372889,1178.007929655538,0.4525887977985829,0.3270209296542222,1.4374802718863107,2.95576813527644,0.3044348023130748,0.2617241994700858,19726,Tcell_Act_filtered
Tcell_Act_filtered_293,10379.803438435458,400.0,87.2760996417643,3579.8015670472146,3712.7033502814274,74.35599670878054,1249.5097561745072,0.4482728710192205,0.3449498470754593,1.5308887964831461,2.900484333460931,0.3114783847504143,0.2885713281366482,198226,Tcell_Act_filtered
Tcell_Act_filtered_294,1042.700709535846,400.0,14.861752289319075,452.5898139064707,3697.729883815069,69.7323157733548,1398.146467880859,0.4148502971781523,0.3641741234186179,1.7464164869375984,3.0050789287219817,0.25929146736242276,0.2783627771291398,24543,Tcell_Act_filtered
Tcell_Act_filtered_295,2398.279810648009,400.0,22.379329525423763,794.809968338377,3836.8933648127845,75.10843655042228,1255.4964925967006,0.43868161885066354,0.346457333637001,1.5711963656932264,2.9509884861285918,0.2942670758815321,0.2739631155739252,45981,Tcell_Act_filtered
Tcell_Act_filtered_296,6610.688313579476,400.0,51.51850047641071,1837.7377579217907,3722.911113126295,78.24757247837019,1122.8138314909802,0.4760912514226353,0.33824789902406593,1.4134324291631188,2.7651815869755674,0.3304234678402649,0.28326414894334917,109081,Tcell_Act_filtered
Tcell_Act_filtered_297,3800.300581503372,400.0,23.394376967855735,753.4336539756011,3819.1123404574732,83.45459758926064,965.7058956039374,0.5209309539199294,0.32131113013041623,1.2270881161383067,2.570490596183027,0.38001619434915884,0.2783701649738116,50798,Tcell_Act_filtered
Tcell_Act_filtered_298,6198.568434942808,400.0,29.24611370197505,1053.0542977713094,3789.077013199167,85.47836344242394,892.1494465131373,0.5514372603504221,0.31345769496157694,1.1308707533569615,2.4247207947178633,0.4157585860578474,0.2875835817798838,74016,Tcell_Act_filtered
Tcell_Act_filtered_299,1988.6823617658843,400.0,23.15159035637393,667.3203215053645,3758.2421742144447,74.87501327809414,1243.7579003608216,0.4452185915735886,0.3463493294797629,1.547644484825962,2.912266564772504,0.2904176081969387,0.2768514638935942,38863,Tcell_Act_filtered
Tcell_Act_filtered_300,813.7423368461982,400.0,13.87462169982756,337.08092350341354,3740.859439237332,70.7095837286943,1378.5516367918242,0.4145492182879394,0.35571953775031145,1.7071110102782345,3.0506230602576605,0.26340317436637334,0.27628845430102356,19148,Tcell_Act_filtered
Tcell_Act_filtered_301,8546.890496945498,400.0,68.00443390264644,2414.0219160923743,4132.418387474945,77.97608606724268,1222.0246132678906,0.4396209212172497,0.3274139344618784,1.481661347078571,3.0355433365635087,0.3322959559881282,0.27095421015022386,152133,Tcell_Act_filtered
Tcell_Act_filtered_302,8468.955393018638,400.0,57.79079346718285,2119.176963138111,3825.8102310546656,79.9853563229604,1085.6637107971587,0.48379008124674855,0.3320222588510167,1.3653386499909577,2.745505275855782,0.345812269008083,0.27827391107253746,131376,Tcell_Act_filtered
Tcell_Act_filtered_303,1613.6468348612243,400.0,13.85001676990072,361.470800008309,3796.337239881845,81.69877106928945,1021.5714535297526,0.500202275481161,0.3299791925648489,1.3124145517843127,2.6578370379882865,0.3509256547058104,0.2728504786619495,23870,Tcell_Act_filtered
Tcell_Act_filtered_304,3105.6770576681656,400.0,23.24934959158087,776.837317455162,3813.236862361859,79.99138593194556,1082.941391018555,0.48293369367908767,0.3361553362550802,1.3847859476353348,2.7337874126778137,0.33808541512986806,0.27361362073082557,48484,Tcell_Act_filtered
Tcell_Act_filtered_305,1972.157923991925,400.0,19.788300121281743,491.0849813062402,3336.676354467018,80.06347728638656,985.4711484336322,0.5315599484516426,0.33406161579633736,1.2502719026828983,2.4664884051864036,0.3588149156537451,0.2909562475941532,29446,Tcell_Act_filtered
Tcell_Act_filtered_306,779.9175243197252,400.0,14.158429303690045,346.7853894567233,3768.127597570979,69.22122191959382,1436.668518721288,0.4094268855476723,0.3609043121798639,1.7536618653465839,3.054307503704512,0.24868346826139653,0.27458435270461073,19508,Tcell_Act_filtered
Tcell_Act_filtered_307,799.0449066886476,400.0,11.663983528198418,269.39049283719316,4195.84460389941,74.78645007861539,1357.0671741423625,0.41273919224232897,0.3409633020798168,1.6434711059338023,3.1386897815077273,0.26522047499841556,0.26066431623342823,17253,Tcell_Act_filtered
Tcell_Act_filtered_308,911.716350127972,400.0,11.482521079297925,311.0029508954772,4012.584166895822,74.56464859635737,1318.873477602308,0.4253440127002739,0.33973214757967996,1.5890093959260911,3.065640076475461,0.2724140503597185,0.27562702870977995,18936,Tcell_Act_filtered
Tcell_Act_filtered_309,2336.9027974365686,400.0,29.315556164033474,887.7331273602433,3740.5781600863247,72.47028352770769,1319.6516960070842,0.43028756061069573,0.35325894198014385,1.6332945672353758,2.968489407387986,0.28200388262570497,0.27665747771137134,49857,Tcell_Act_filtered
Tcell_Act_filtered_310,12536.925691777062,400.0,38.90182128263309,1931.387706160403,3714.7864863655063,86.65091325409267,842.4937235065447,0.5746932397331583,0.31061031752548424,1.0752511947173273,2.3057618255870445,0.4450030183411594,0.2906421851111134,136709,Tcell_Act_filtered
Tcell_Act_filtered_311,9421.824284379814,400.0,68.89525831432763,2994.9302950504434,3643.2754301019504,75.87992678850334,1182.280408191074,0.4649921613049041,0.344566891286912,1.4742056032789888,2.803322740662825,0.3208759829634028,0.2869452668279606,166350,Tcell_Act_filtered
Tcell_Act_filtered_312,979.0914244645704,400.0,12.201761257601973,256.7949236908768,3443.5784470957237,79.22180109245954,1032.4007836445803,0.511481947961094,0.3361984021960735,1.3076619268382343,2.5703082094056477,0.350121933490731,0.2892093742270443,15800,Tcell_Act_filtered
Tcell_Act_filtered_313,2914.965994987417,400.0,18.316731484280258,574.3439508076945,3731.6326727166957,83.53989872697255,948.3901119744392,0.5279635193930156,0.32320110859715423,1.2178647803439988,2.523977638984597,0.38826291987686573,0.28318047007491604,38420,Tcell_Act_filtered
Tcell_Act_filtered_314,1028.0217658144832,400.0,15.497013703069662,371.81371742582087,3832.0815143266223,73.43875606259417,1311.6035431509063,0.4258086113274386,0.35185412371996616,1.643911182970344,3.0023101384949924,0.27433994485871965,0.2686021109245834,22074,Tcell_Act_filtered
Tcell_Act_filtered_315,1335.6848856143242,400.0,11.373975747352993,339.0673273237549,3852.321551032146,79.75417947178487,1098.9508252788617,0.47585299022027416,0.33491887262570885,1.4002222117084893,2.780431804696367,0.3331010361897155,0.2712262095607042,21444,Tcell_Act_filtered
Tcell_Act_filtered_316,14788.81576019023,400.0,61.62913519036639,2477.3275661632097,3922.9434011376356,85.65210817877292,905.4681081182858,0.5406574735088777,0.310698237285629,1.1432645135056685,2.4941270725382383,0.41812611252459086,0.28622428513306825,176788,Tcell_Act_filtered
Tcell_Act_filtered_317,4809.425348994221,400.0,70.04985552511167,1975.0708316613855,3716.516050986237,70.88846718946007,1365.4886583496816,0.42258760384589206,0.35334870601611906,1.6634773679405739,3.014237893106831,0.2701762931786367,0.2789519103434092,109671,Tcell_Act_filtered
Tcell_Act_filtered_318,1845.7755977557026,400.0,12.01227721481235,363.19745461641827,3822.8755284085546,83.55808577083381,962.7862585520533,0.5186180710139547,0.31927512923049123,1.2247503958931918,2.5909578616532287,0.37744358065007166,0.27607612077314103,24710,Tcell_Act_filtered
Tcell_Act_filtered_319,1042.5506186084715,400.0,16.65399638972609,372.91117158602054,3970.828306754517,73.65445155995481,1340.7543012668561,0.41898990013136483,0.3453052706830138,1.6395693752897158,3.0770518397188984,0.2722704086132337,0.2688281304067704,22906,Tcell_Act_filtered
Tcell_Act_filtered_320,2750.453512606431,400.0,19.208464978937023,729.6323284219654,3443.104179863091,79.0340709467571,1038.0150633663652,0.5054373863714761,0.3418877587852108,1.345694052825873,2.582910382113655,0.3566457629174235,0.2866809239970024,41655,Tcell_Act_filtered
Tcell_Act_filtered_321,8660.699904285813,400.0,32.496736517839686,1303.06235116468,3863.135671928566,86.92198471062612,852.909412666579,0.5602439435323399,0.30576913867692174,1.085791966767022,2.39954666423431,0.4352858221573497,0.279329446278413,96250,Tcell_Act_filtered
Tcell_Act_filtered_322,12801.287540975092,400.0,63.34931339951888,2398.4458107168944,3856.6016360996264,84.22047443056027,945.4353390020123,0.5271326933362362,0.31720969308240016,1.1971722511461733,2.54933084731995,0.4005835060964434,0.2863366359687386,163523,Tcell_Act_filtered
Tcell_Act_filtered_323,1125.7102245285582,400.0,15.778113804820748,351.04366773308294,3976.755272573801,76.22869527735178,1250.2413950269054,0.4381793966843551,0.339605478751468,1.5418881813411942,2.9866733692562755,0.276185076459374,0.2539529479497964,22255,Tcell_Act_filtered
Tcell_Act_filtered_324,1866.0994758891218,400.0,13.967841495765576,427.4365428581445,3910.031005990277,81.3634257598618,1054.1495342832482,0.49447802315022793,0.3301345094460147,1.3282324138697932,2.6904334655254423,0.3512670610691379,0.2763800763079551,28018,Tcell_Act_filtered
Tcell_Act_filtered_325,1395.7763343182846,400.0,29.380237177467627,597.8118646260405,3607.3282238646207,70.01327230254458,1361.7727808539169,0.42861172703641,0.3570589450721254,1.6573186318400377,2.9597690779249253,0.2652909802274251,0.2783034455237149,33931,Tcell_Act_filtered
Tcell_Act_filtered_326,1689.2167031774932,400.0,28.713336516328347,715.6740882188449,3742.719377941285,70.24089032320228,1394.7635258691175,0.41405720423721265,0.35885425592127024,1.7242010311307743,3.037325669456782,0.2579765590168077,0.27355778468248465,40344,Tcell_Act_filtered
Tcell_Act_filtered_327,2640.4229288112006,400.0,17.56928815971337,675.4003842797356,3828.6837885620566,79.63098993805727,1098.3889458844044,0.4753613049248167,0.33609487409655425,1.406592206973362,2.778437750995635,0.3285306904622787,0.2727324008716273,41454,Tcell_Act_filtered
Tcell_Act_filtered_328,1155.3756394407376,400.0,9.306510742934648,252.6935951773241,4060.9759765924255,82.05389415770688,1057.0026236202013,0.4842938952742817,0.32272278986309716,1.3257168776107877,2.779911333110582,0.34250153602551997,0.2718063793194956,17371,Tcell_Act_filtered
Tcell_Act_filtered_329,6162.876726881302,400.0,49.84595157891958,2088.3589106734576,3609.5248339375407,74.6903493924173,1212.31952163319,0.4601404673027749,0.35116124260273535,1.5182604974445308,2.802697300901525,0.3084231519482531,0.2841966478085805,113837,Tcell_Act_filtered
Tcell_Act_filtered_330,11681.871273087963,400.0,43.748629456885624,1940.9146187751505,4039.1294000298412,85.75243981530637,918.4871514681321,0.5314273314298059,0.30853966108760533,1.155040616509876,2.55410122209253,0.4206696325067126,0.28142680850276686,140170,Tcell_Act_filtered
Tcell_Act_filtered_331,1910.7242453157048,400.0,21.563793051793123,690.3530697525698,3657.225741850607,73.45895618891095,1264.5017111706404,0.44755014495887396,0.35191238643175193,1.5643106271651774,2.8726900701850413,0.2940994250520378,0.2825422167570435,38394,Tcell_Act_filtered
Tcell_Act_filtered_332,4050.3637088572623,400.0,46.348147236585646,1489.6818458189998,3865.094586967638,73.11065710350371,1331.7411651776602,0.42080732397228837,0.3476302529161496,1.6434799838326497,3.053991370364652,0.282643819869258,0.27388092092586314,85452,Tcell_Act_filtered
Tcell_Act_filtered_333,7717.367638134547,400.0,48.01909576085394,1844.2897177101238,3685.5804273551116,80.7116104554533,1033.7355516276361,0.5034627095293651,0.33028731957650287,1.3051328965434263,2.637884099424196,0.36342123473036514,0.28853860040250007,112968,Tcell_Act_filtered
Tcell_Act_filtered_334,1202.6659205811795,400.0,12.890437105061991,282.42885431241,4027.248286253396,80.98243566087243,1089.8142765781413,0.4787477571873803,0.32297438094295317,1.342120366294397,2.812358693572297,0.3313682274235751,0.2687586842908433,19422,Tcell_Act_filtered
Tcell_Act_filtered_335,755.2305326775601,400.0,9.949982781309874,243.9230284294136,4051.560672369953,75.58703307235692,1291.4542992884979,0.42194290344443103,0.3404773222891524,1.6053312074529145,3.083188155854661,0.27845161444572125,0.25794570893616625,15312,Tcell_Act_filtered
Tcell_Act_filtered_336,2488.984924360379,400.0,15.109004260882575,420.71140695697693,3994.8722827082124,85.54105449325355,919.7806243939124,0.531699177025425,0.3088936693918212,1.1557746489409928,2.5513453497321694,0.396796206104692,0.26967350303584875,31137,Tcell_Act_filtered
Tcell_Act_filtered_337,3335.6212924965916,400.0,28.852682522506612,1021.7104771547467,3802.617038524254,76.55192371921449,1197.8482387361717,0.4569434741145944,0.33961948972757244,1.4786325777281724,2.872721040640703,0.3116593308648791,0.2808716605530449,59932,Tcell_Act_filtered
Tcell_Act_filtered_338,1238.020047332307,400.0,19.739827437248447,481.8890832641829,3795.309204199387,71.98171259797566,1351.3074910199703,0.421950541427215,0.3518259485807342,1.6588093072241545,3.025770380342921,0.2636833854840993,0.2724015426440108,27944,Tcell_Act_filtered
Tcell_Act_filtered_339,6186.99256106908,400.0,46.888671298928045,1940.138218265642,3766.5157604367555,76.12763629694587,1203.6668864521005,0.4581258219064099,0.3434907330468923,1.4916275577738471,2.848463908775241,0.31467148910548187,0.2837604029826601,110890,Tcell_Act_filtered
Tcell_Act_filtered_340,1026.2237674137475,400.0,14.710811523377387,356.6437610153753,3919.404571976974,74.20983907109982,1307.6601028519322,0.4251858856961904,0.34436158527560123,1.6112614021110319,3.043494382682201,0.27904472433044825,0.26645053925865503,21621,Tcell_Act_filtered
Tcell_Qui_filtered_0,2726.0440957431565,400.0,45.77456107235367,1233.7027439613912,4183.697032709757,68.84389851414232,1578.852487428438,0.37078398990021555,0.3473753469246774,1.8638380120661022,3.3724978250190407,0.2308065158021419,0.2608196040844467,73124,Tcell_Qui_filtered
Tcell_Qui_filtered_1,1030.3489606127423,400.0,27.779483804113436,618.1442527702753,4513.315364133175,62.50246905768406,1942.3917014208728,0.3174638452546594,0.34972456604037094,2.191603636051218,3.712570766431517,0.1792993342363771,0.23414374295918736,37982,Tcell_Qui_filtered
Tcell_Qui_filtered_2,1690.6475421940816,400.0,40.158116274613405,967.9614758665488,4428.2861179096735,63.59143186188974,1866.6412960371806,0.32625017271976453,0.345458106481698,2.1065646042184354,3.6839948029020095,0.19299109976838963,0.24852918308560748,58399,Tcell_Qui_filtered
Tcell_Qui_filtered_3,1989.3147679680364,400.0,43.49777021056545,1060.989923775442,4283.011211616301,65.21691991467887,1750.6308994584963,0.34720945411967014,0.3488287822267188,1.9987151964536387,3.5186646293482484,0.2108807538115361,0.2533519828910525,63093,Tcell_Qui_filtered
Tcell_Qui_filtered_4,3540.548258688291,400.0,59.019560380624284,1551.5766139868585,4070.160928850032,69.52987892514629,1518.3024786625806,0.3874343455887215,0.34885257641370915,1.7913232454332908,3.256318858552583,0.238727493785299,0.266917654095502,91105,Tcell_Qui_filtered
Tcell_Qui_filtered_5,2568.2923519003393,400.0,47.90865726189697,1327.9391412371917,4123.998056145213,65.9173449119719,1669.2374129608436,0.3646708020514443,0.3501950811230969,1.910465476454074,3.3949117751171904,0.2210205995485963,0.2658080439710818,76038,Tcell_Qui_filtered
Tcell_Qui_filtered_6,1619.7597824294437,400.0,41.87455558901654,946.6751112904623,4292.068866926982,63.113223187270926,1835.6587563410692,0.33487324991156564,0.3541937702041948,2.1042173925223677,3.563743002270838,0.19651613771853338,0.25181372273046043,56286,Tcell_Qui_filtered
Tcell_Qui_filtered_7,2097.802447134271,400.0,49.42612813801928,1184.5525795609271,4176.708896611892,63.911503480670696,1762.9574586989831,0.3442920114909061,0.35523448527853024,2.052666138111824,3.4949372715287605,0.20414352239785016,0.2558808045780403,68879,Tcell_Qui_filtered
Tcell_Qui_filtered_8,2715.205894913867,400.0,47.543618178713665,1193.1747228761324,4200.221476962391,69.47137856929567,1560.1552282301693,0.3750664136418146,0.3444705525865255,1.8271494460611335,3.362100894841735,0.22979190744439948,0.2592546706223025,71917,Tcell_Qui_filtered
Tcell_Qui_filtered_9,2384.74250905517,400.0,41.52287614811456,1066.751032588974,4291.441760496584,69.09306015734802,1602.7255639285165,0.3655451179767891,0.3508767864364183,1.9096061002892795,3.3849816149277454,0.2261271190172436,0.2545157411034572,64816,Tcell_Qui_filtered
Tcell_Qui_filtered_10,2946.5468950528902,400.0,48.40940384515102,1254.478172487627,4176.088022458993,70.13876012832128,1527.5867021522097,0.3824433572455509,0.3459931870926213,1.7998262016665685,3.3049587530627473,0.238268041483146,0.25824933729541805,75428,Tcell_Qui_filtered
Tcell_Qui_filtered_11,1383.6610138529477,400.0,41.98677499200887,909.7649326197555,4399.848261068344,60.33161942643157,1986.675030565849,0.31742907653978025,0.35306010053874237,2.212748624897178,3.6878750515602285,0.17509196703516863,0.2413304522214318,54569,Tcell_Qui_filtered
Tcell_Qui_filtered_12,1366.7419974604238,400.0,41.346453659385496,921.0980774583549,4386.163578843982,59.739402786226,2004.853262760534,0.3099821029205176,0.35211102890537604,2.2598163829248987,3.745209949461626,0.17644031307803384,0.24373984477964616,54745,Tcell_Qui_filtered
Tcell_Qui_filtered_13,1510.154159784398,400.0,40.667880510159016,931.240639968069,4429.77716431216,61.85620449169108,1937.1099609957603,0.3191612315226341,0.3472728704513345,2.1646658677168333,3.719312013582502,0.18123410559595238,0.24696023304288967,56077,Tcell_Qui_filtered
Tcell_Qui_filtered_14,3383.1810992690143,400.0,57.70567091767376,1527.7414706699494,4197.103935622495,68.89094770050636,1581.2430491989332,0.3710654136061682,0.3479142074715297,1.8653134952966393,3.3673682924708728,0.23158164092929612,0.25699389152263685,90982,Tcell_Qui_filtered
Tcell_Qui_filtered_15,1505.6002180626324,400.0,43.22363037151389,928.3472858601169,4360.442876703599,61.858368581741544,1910.577524562959,0.32218737619087884,0.35210620650852115,2.1741790414674114,3.6630139235801784,0.1878086732518798,0.2494486485972037,55844,Tcell_Qui_filtered
Tcell_Qui_filtered_16,1450.8654695361972,400.0,46.34404820907933,951.3865122865408,4253.485341794684,60.396056721549066,1926.1321490077883,0.3249466902937298,0.35468698486247635,2.1715172279565387,3.6258259185037867,0.17818034068793656,0.24509197160558516,56276,Tcell_Qui_filtered
Tcell_Qui_filtered_17,1448.5857261192682,400.0,42.9612455635775,939.5636077045612,4383.773202246372,60.6572505999798,1967.3259076249503,0.31831010838620544,0.3562074088240405,2.226294751041847,3.6586300231201636,0.17687835808104507,0.2445221687525647,56225,Tcell_Qui_filtered
Tcell_Qui_filtered_18,1571.8754025204769,400.0,50.69330127249749,1039.475472551306,4305.595894453879,60.193956221117475,1954.6632115725502,0.32031975816495906,0.3582496910826545,2.225011404369337,3.630374246725875,0.17337829430299362,0.245250960865961,61943,Tcell_Qui_filtered
Tcell_Qui_filtered_19,1407.5996860201178,400.0,43.68195932097363,953.565869199795,4337.74836931311,59.61461206768357,1990.2749547455642,0.3147282058500396,0.3537533186039025,2.2361194613503903,3.700779019570122,0.1799574872499583,0.251790193479438,56389,Tcell_Qui_filtered
Tcell_Qui_filtered_20,1452.0493098799366,400.0,43.657456118895155,958.0290561054773,4283.533898394516,60.24904958998021,1943.7416341071125,0.32079710306808235,0.35413397881885617,2.196176832130707,3.657419261565546,0.18015978493890766,0.25244561173112723,56295,Tcell_Qui_filtered
Tcell_Qui_filtered_21,1457.759111413049,400.0,43.405509498606335,963.5917691069225,4339.917043728533,60.204372821009876,1967.9146978836964,0.3191498955699661,0.3590121098698775,2.2379198892419563,3.6324321123694903,0.18371909097247388,0.24429849697147524,57014,Tcell_Qui_filtered
Tcell_Qui_filtered_22,1487.1532234359115,400.0,42.35868492524774,945.3791681616789,4382.843762235487,61.136009064989615,1947.892038710826,0.31802022793264334,0.3516749518533107,2.1999703962586192,3.694228459798908,0.1851300788136366,0.24764569427677727,56525,Tcell_Qui_filtered
Tcell_Qui_filtered_23,3055.4204339005873,400.0,57.7710981410351,1519.604890592911,4173.469471936602,66.78477641517433,1653.3663220088824,0.3617758264654272,0.35056271485955387,1.9277749110105518,3.4114539751325763,0.216998459908265,0.2619004495134375,88835,Tcell_Qui_filtered
Tcell_Qui_filtered_24,3666.5539736760584,400.0,58.25378705504036,1788.6403084313908,3910.1591345125767,67.2121611819038,1550.9053192826645,0.38810012328216464,0.3561374127866616,1.8255930063099508,3.210448499916956,0.2342667622187518,0.26921014719703606,98480,Tcell_Qui_filtered
Tcell_Qui_filtered_25,1519.3950103958196,400.0,40.71052364335026,937.7377488156808,4437.726177490794,61.8360975694043,1940.953878792208,0.3176468469796879,0.3495348206968124,2.189152632301837,3.7127470082930927,0.1840938348689602,0.24916736329991018,56483,Tcell_Qui_filtered
Tcell_Qui_filtered_26,1479.2047194584331,400.0,42.868566534459696,947.4294745523578,4374.564997615399,60.957054141463864,1951.787260131308,0.3163804952804135,0.3505490276499525,2.2042924334312377,3.713742053070952,0.18366878709329112,0.24466113413739862,56608,Tcell_Qui_filtered
Tcell_Qui_filtered_27,1467.7363338939235,400.0,41.15695339684811,941.407549254671,4465.706862676202,60.92356476341659,1988.7333091029927,0.31388181138989374,0.35419169559748215,2.2449277526954456,3.703139234020327,0.18002443572354426,0.2471021314239609,56744,Tcell_Qui_filtered
Tcell_Qui_filtered_28,1501.5159489782166,400.0,41.04712955949053,930.308975109013,4431.678488449121,61.74440989175244,1942.3423970234867,0.3167078616922047,0.3502581631414123,2.2001868584975255,3.7137054871232342,0.18555878678884916,0.24404601547259344,56089,Tcell_Qui_filtered
Tcell_Qui_filtered_29,1573.2982360368883,400.0,40.78400962181927,942.5894302173351,4495.990643790852,62.534518418276264,1934.5826202385892,0.32125087547239994,0.3459046423361664,2.1421122037908957,3.7151261031940965,0.18174553262117188,0.24997979392631073,57462,Tcell_Qui_filtered
Tcell_Qui_filtered_30,1614.541043351777,400.0,42.033633992133446,920.3638383958768,4512.361071471557,63.69237185099643,1893.1007659742716,0.32303294880879185,0.3401123624845917,2.0946223866518787,3.7456941582532686,0.1839159415411478,0.24588668194602734,57042,Tcell_Qui_filtered
Tcell_Qui_filtered_31,1498.8444732613466,400.0,40.664093639453114,947.9534606168951,4358.438766313971,61.25738674650739,1933.6026221093462,0.3200269408567686,0.35272586317878724,2.1927085470901306,3.6729410376896707,0.18339892908616587,0.25050037606109055,56137,Tcell_Qui_filtered
Tcell_Qui_filtered_32,1422.23981154188,400.0,43.18188439672576,956.6647017305178,4315.7824366020795,59.78549385260785,1974.7125686858456,0.31636880362637043,0.3585935654203957,2.2549607389942166,3.6537187652944407,0.1740613721554372,0.24676132683840396,56294,Tcell_Qui_filtered
Tcell_Qui_filtered_33,1444.9127943105586,400.0,39.50243073330695,936.3722519727837,4461.659623565814,60.67785948455634,1997.1315044375901,0.3119073992132047,0.35054888909435633,2.235903534008622,3.744122891813323,0.17740241105495352,0.2473730601750641,56051,Tcell_Qui_filtered
Tcell_Qui_filtered_34,1415.513012803909,400.0,46.61719915172169,940.7986825674785,4302.430315326319,60.07324988389554,1958.1136004554469,0.3229547045717639,0.35559600121909035,2.19051079518931,3.6324126059500164,0.18120096649084147,0.24724216682392577,56150,Tcell_Qui_filtered
Tcell_Qui_filtered_35,612.7730981053853,400.0,17.410170365161903,390.3710304405345,4442.541256060639,61.08524993249114,1973.144826171931,0.31691673287918126,0.35168525090944885,2.2076952826947585,3.701593301973163,0.17438948407545032,0.24104625341692373,23534,Tcell_Qui_filtered
Tcell_Qui_filtered_36,1501.003595058343,400.0,41.61038048844379,905.3336208222114,4457.992003672264,62.37710929093861,1926.733896524066,0.32182753586188245,0.34488747354148946,2.13198608369548,3.7186886221322215,0.18387754184996602,0.24510436953174672,55316,Tcell_Qui_filtered
Tcell_Qui_filtered_37,1518.743345159219,400.0,42.14240530564517,926.5825674330496,4412.251512359569,62.10801338743482,1920.3218059257313,0.3226320202641082,0.3511461180113105,2.1652624708205104,3.667063459954868,0.18933646526880202,0.2494354328442324,56055,Tcell_Qui_filtered
Tcell_Qui_filtered_38,1398.4604357280998,400.0,42.619757947115474,920.0622176385642,4423.673545067852,60.31687608043998,1996.7193590078289,0.3144187167437425,0.35053942900158214,2.21798512235526,3.7271273037250463,0.17518002378280115,0.2463764103750165,55417,Tcell_Qui_filtered
Tcell_Qui_filtered_39,1454.0195743169018,400.0,44.99172856797795,945.1132212400546,4278.196861335661,60.606048027422865,1927.775008956564,0.32628853212585823,0.3531587434611168,2.153269046561173,3.6279464727582837,0.18153648828179486,0.2531038719741085,55971,Tcell_Qui_filtered
Tcell_Qui_filtered_40,1448.4641950947528,400.0,40.684521792899716,917.7856755622242,4430.676764736279,61.21349283761796,1963.3587320469062,0.31482642466808014,0.34702748293638175,2.192920247891096,3.750972542128921,0.18148065031085533,0.24175873086191194,55215,Tcell_Qui_filtered
Tcell_Qui_filtered_41,1408.6695971325582,400.0,45.474277509616186,938.6643518157698,4263.824811663017,60.01146951262227,1945.086762790731,0.32065030687143065,0.3551233890922541,2.2033209375751928,3.6511243773429305,0.18642772034636684,0.24721266240316675,55461,Tcell_Qui_filtered
Tcell_Qui_filtered_42,1378.5421240990463,400.0,42.31824950962082,921.2323051661768,4433.75094346014,59.9424929052494,2015.8200703611149,0.31717786933014136,0.35454933485785034,2.2238420721054437,3.678454982489942,0.1786579798122845,0.24789465758566215,55404,Tcell_Qui_filtered
Tcell_Qui_filtered_43,1477.7768836736577,400.0,43.93628725213317,939.4671963915837,4341.340448572978,61.13478137606082,1931.8105820516334,0.3182755506013732,0.3544723579082738,2.2156912400255324,3.671714206002627,0.18211609350458718,0.24505332605183433,56178,Tcell_Qui_filtered
Tcell_Qui_filtered_44,1479.0292472092708,400.0,42.12616219950726,923.289972130809,4404.596485253043,61.566724159812615,1939.097613463751,0.3207654889434033,0.34763147463347854,2.156063754882505,3.7056487907940223,0.17990203818647235,0.24615584985162225,55662,Tcell_Qui_filtered
Tcell_Qui_filtered_45,1442.8850581223728,400.0,40.96898780592273,936.8219116734675,4465.00333658218,60.632887848631235,2000.2744224691887,0.31541236279510265,0.34911797669656935,2.2020320962179345,3.7311133644054255,0.17255970503308102,0.2427506964080975,56384,Tcell_Qui_filtered
Tcell_Qui_filtered_46,1386.2474126112543,400.0,41.796198314236754,921.7589929025668,4382.644754892682,60.06254615669666,1990.5669107280062,0.3187873423819251,0.35040199088647517,2.186732403729284,3.6985285782506274,0.17780987735627776,0.2522724921482088,54922,Tcell_Qui_filtered
Tcell_Qui_filtered_47,1479.632338790253,400.0,41.619912936663454,921.408702067475,4385.737148002285,61.624616722989515,1929.5419069600634,0.31983159990392107,0.35121931943551066,2.184676671032702,3.6853991294130752,0.18283105436045696,0.2509185139883572,55320,Tcell_Qui_filtered
Tcell_Qui_filtered_48,1427.5908765891343,400.0,43.06738202630722,918.870454389021,4361.059247802569,60.84016206625588,1951.1443818990706,0.31589088874295773,0.35613014817218946,2.2428580360137342,3.675215237484929,0.18519825823741973,0.24696030585652173,55053,Tcell_Qui_filtered
Tcell_Qui_filtered_49,1457.8157947401232,400.0,40.384313832741995,918.8977191705186,4459.295192178104,61.33746394791329,1969.4264671364817,0.320676332595054,0.3495598964148459,2.168626889724653,3.691969194023881,0.17559740532697785,0.24650933890240245,55489,Tcell_Qui_filtered
Tcell_Qui_filtered_50,1432.8588716499105,400.0,42.15094901338645,932.2492028198044,4401.499277813624,60.58323030211524,1977.2617547983184,0.31308963187792493,0.35425969751337755,2.2510399681439037,3.7079235214064656,0.18211699398242076,0.24225504218395544,55825,Tcell_Qui_filtered
Tcell_Qui_filtered_51,1435.7447731315451,400.0,43.224650959516886,934.7333504914543,4373.911139496632,60.56772930421212,1967.0033977363805,0.3191218253258998,0.3549196900133806,2.2126041915413395,3.6627719610143896,0.17841853233986257,0.24486015364217248,55923,Tcell_Qui_filtered
Tcell_Qui_filtered_52,2069.711658254733,400.0,47.223261390838545,1131.044014586144,4284.7001278373355,64.66321924590171,1772.727967128055,0.33736308396899173,0.3518114085136534,2.0746388446807846,3.5638236934755456,0.20309371160812267,0.2517367855000291,67217,Tcell_Qui_filtered
Tcell_Qui_filtered_53,1459.9344702394555,400.0,41.74259136302538,928.2926925249391,4364.278681055339,61.13046920333861,1940.8965227982874,0.31877687862098636,0.35447384795905384,2.212216007617242,3.668364414229476,0.18246766400973757,0.24080826340638803,55372,Tcell_Qui_filtered
Tcell_Qui_filtered_54,1423.7653507001878,400.0,39.26368570439376,920.9254829886445,4441.282093434272,60.72294608070865,1987.2965468688453,0.3151390834539128,0.34988566911141916,2.208787987583956,3.7271747909627893,0.1744559820578916,0.24673981784752153,55048,Tcell_Qui_filtered
Tcell_Qui_filtered_55,1422.773769080435,400.0,43.23058240357503,953.7442606973277,4290.745453231861,59.867998107024,1961.434038941888,0.323821925413484,0.3594054157130595,2.208048003995234,3.5991235479669474,0.1835363542470604,0.25050750876975386,55958,Tcell_Qui_filtered
Tcell_Qui_filtered_56,1574.757136736801,400.0,46.258297113910274,1025.390972579885,4404.553200453714,60.56413213902051,1979.2303085535525,0.3170708629973388,0.3550633305162352,2.227817609450467,3.6753393335264186,0.1762742870760861,0.2435711318772606,61405,Tcell_Qui_filtered
Tcell_Qui_filtered_57,4320.530655356958,400.0,57.37306689412858,1647.5069689172913,4036.53597977771,72.39449426028645,1403.8841486242836,0.40538665471493446,0.34460202061174017,1.6911359297946185,3.165930557175869,0.2671524100428649,0.2680538617370373,97692,Tcell_Qui_filtered
Tcell_Qui_filtered_58,1143.4325299793677,400.0,32.63804437131368,724.6427971475097,4356.228594296914,61.20912328187435,1934.655756700952,0.3223401678852291,0.3507377485404606,2.1647025398418567,3.672026341202418,0.18439231977808881,0.2495081155752569,43198,Tcell_Qui_filtered
Tcell_Qui_filtered_59,1307.0898345190308,400.0,36.089326417021454,820.4307596287606,4453.181902834328,61.4372353487184,1963.0189980783389,0.3187244436928541,0.3500526868330989,2.184983633769223,3.701556866597509,0.17941997626123019,0.24005392835466746,49528,Tcell_Qui_filtered
Tcell_Qui_filtered_60,3195.2625450606033,400.0,50.69609471552994,1320.808094673242,4098.716282830333,70.75315689147229,1481.7577482689562,0.3880331850201453,0.34599128785706207,1.773888995032843,3.2688998723819553,0.24860551527273053,0.26315804830712486,78821,Tcell_Qui_filtered
Tcell_Qui_filtered_61,1611.7852834541688,400.0,28.990370605830318,740.0070367200912,4432.619520114244,68.53433739143858,1668.8904524861366,0.3524373619476952,0.3430180970482285,1.9362669657630935,3.5221417327464537,0.2159036615361008,0.2512096621351255,45777,Tcell_Qui_filtered
Tcell_Qui_filtered_62,2168.870097289695,400.0,43.14262176496886,1073.8800041795564,4271.698000647018,66.88366446452366,1682.1645008145947,0.3532882304842671,0.34804565156455475,1.9599147766757103,3.4834432205613726,0.21291859210940908,0.2516846715622158,64272,Tcell_Qui_filtered
Tcell_Qui_filtered_63,655.9655914563383,400.0,18.467320233250817,412.8801601896017,4420.727934654912,61.37139904857196,1953.15094922044,0.32030626337185536,0.3514563348889987,2.18291130142554,3.680445358297277,0.17308854226815013,0.24115930352014048,24854,Tcell_Qui_filtered
Tcell_Qui_filtered_64,494.9593103771526,400.0,13.582710140125354,309.99772666010966,4424.457369447927,61.48891029003334,1949.8623878874557,0.320398635711055,0.35570031945089425,2.2086339402764326,3.6485535858234956,0.1863856746075852,0.2407420403549046,18626,Tcell_Qui_filtered
Tcell_Qui_filtered_65,1335.59892012056,400.0,37.7252756356139,825.4909037830017,4403.402112862997,61.802101205958984,1929.215487389907,0.3233566937459264,0.3485469820409777,2.144418847842488,3.681214344612202,0.18278091496874033,0.2475564714974223,49829,Tcell_Qui_filtered
Tcell_Qui_filtered_66,963.8662980996538,400.0,29.529770358915908,643.452218738953,4243.216029673161,59.96734859967007,1938.5412757206577,0.32557059713446956,0.35598843700569677,2.1753085172496944,3.612313118347434,0.18386404327151706,0.2585269664533792,37558,Tcell_Qui_filtered
Tcell_Qui_filtered_67,1121.8447105152536,400.0,32.0751107413253,725.3972558916312,4422.384994361291,60.730793849242225,1979.5586556128817,0.31622330846707225,0.35001338348237176,2.2020182667582837,3.7188367569348753,0.177067744157758,0.2461931903706535,43465,Tcell_Qui_filtered
Tcell_Qui_filtered_68,1454.5703223658913,400.0,43.38282054117126,961.8324094496526,4329.976899695029,60.19569102510541,1964.3001477965925,0.3191184764255963,0.3551508079751885,2.2140682382860457,3.661086494011775,0.1774499591554429,0.24694041702665745,56830,Tcell_Qui_filtered
Tcell_Qui_filtered_69,1118.2087006769048,400.0,31.665727257323972,734.9552464158621,4428.2700494906185,60.340516683974144,1997.5910882021983,0.3169258156219546,0.3547818191749134,2.227070084603692,3.6784016193256925,0.17785971779115178,0.24529109583483683,43828,Tcell_Qui_filtered
Tcell_Qui_filtered_70,1137.6549687095228,400.0,31.197795424653396,729.839020949861,4454.323075776524,60.91880214923863,1984.4780227532976,0.31261630755063535,0.3536512655742294,2.250576253036901,3.7157050951823227,0.18398799852883413,0.2534106179309565,43772,Tcell_Qui_filtered
Tcell_Qui_filtered_71,1158.7523876997689,400.0,33.99130978848363,738.3355111700596,4316.117019710348,61.08058505829299,1924.1298325038804,0.3220853866746384,0.3584890381039076,2.214292576557167,3.6170796435421133,0.17988520238258282,0.24728855105193956,43858,Tcell_Qui_filtered
Tcell_Qui_filtered_72,1160.7294882755557,400.0,34.674077237728525,746.5417063903313,4221.467684364677,60.85812502814476,1895.7941031038733,0.3324097583636454,0.35473539604115245,2.1230533381276175,3.5761805176344557,0.18527877118463384,0.25404551920532015,43698,Tcell_Qui_filtered
Tcell_Qui_filtered_73,2660.415698265061,400.0,53.630060073195374,1334.8945855134823,4225.976987216982,66.58846270505396,1678.3177279800545,0.35863584510669017,0.34940711551143677,1.9382428703056265,3.4393396160084886,0.2209789644087754,0.26127965220148053,79163,Tcell_Qui_filtered
Tcell_Qui_filtered_74,875.2735110898371,400.0,22.33499069365097,512.7203038410267,4474.4678107813825,63.060332234508884,1905.094872514522,0.31645559479847424,0.3438492015436349,2.1616500467751694,3.7637962390622763,0.19156646242787034,0.2459992819096911,31273,Tcell_Qui_filtered
Tcell_Qui_filtered_75,1168.7481546737126,400.0,33.129199215609084,727.7198613397717,4445.563510589421,61.62762276004566,1952.378891765312,0.3181923051187157,0.35401863576668074,2.213434097970052,3.6756367685668287,0.18335546178539597,0.24655873517764984,44146,Tcell_Qui_filtered
Tcell_Qui_filtered_76,656.8115727605033,400.0,20.51994705598581,420.08769348534173,4283.519515881349,60.990994547725876,1914.9223396902853,0.3205955398798851,0.35146895382468696,2.181019945157919,3.678403574452767,0.19083949971844472,0.2471594955482845,25051,Tcell_Qui_filtered
Tcell_Qui_filtered_77,1339.019907170874,400.0,38.75864822372455,842.9789415933712,4353.856297644183,61.36666423674859,1927.5065790653384,0.321406964257553,0.3530282148551769,2.1851652147184577,3.6614749186401534,0.18179290120601616,0.24416228751846705,50432,Tcell_Qui_filtered
Tcell_Qui_filtered_78,1323.7444838948732,400.0,37.86808902589422,843.7613002760103,4382.765984175652,61.07224689143025,1950.401309211996,0.3200242985988798,0.3515566971291937,2.185458509327991,3.6816024712809945,0.18200345653959896,0.2478431891653149,50445,Tcell_Qui_filtered
Tcell_Qui_filtered_79,1040.5021531464572,400.0,26.11420990572544,609.4689837615567,4554.425025335978,63.061839681409246,1934.5681761742583,0.32363446436519705,0.3413494812934741,2.0983340485798205,3.732299841659407,0.17932484714109997,0.2443885558758367,37535,Tcell_Qui_filtered
Tcell_Qui_filtered_80,1128.3149900420074,400.0,32.967553821372505,739.9741573132349,4314.915477986452,60.39295318068163,1950.582406302836,0.3233486199736898,0.3538620288046656,2.177173783104893,3.6424233979933613,0.18790814472766462,0.25662184647801345,43578,Tcell_Qui_filtered
Tcell_Qui_filtered_81,2731.5362510956643,400.0,48.120456793754315,1329.690992233513,4196.113694714989,67.25888721401604,1642.889866270817,0.36330265482101065,0.3517591220093454,1.9262246746116651,3.394002887624266,0.22292003049977416,0.25586062725038594,77791,Tcell_Qui_filtered
Tcell_Qui_filtered_82,1309.5436654591592,400.0,32.78457815392155,796.4925754562893,4345.318236028593,62.180490535620066,1892.100003674741,0.33197113675560874,0.3504719752156803,2.100308622305751,3.6091655628800927,0.19109381141650553,0.2507786572342461,47021,Tcell_Qui_filtered
Tcell_Qui_filtered_83,7960.429633633926,400.0,79.13582263635588,2707.214652079432,3853.823289031182,74.62218855848924,1276.504761813318,0.43717957899473336,0.3416228577669198,1.5545947563415294,2.9831758666099146,0.296107036463711,0.27877330395569944,156694,Tcell_Qui_filtered
Tcell_Qui_filtered_84,6311.662428903301,400.0,66.03827626427972,2244.859194390453,4118.463251735045,73.76434849087292,1375.5630602201616,0.41046806399645175,0.3381555175317616,1.638955830843979,3.167926192536527,0.2773278241247163,0.2701962061061377,134340,Tcell_Qui_filtered
Tcell_Qui_filtered_85,4609.506255566064,400.0,39.005634309086105,832.1281886326216,4814.018985513617,84.70812037879995,1074.986469721658,0.4473073962419941,0.2939445481235521,1.3073427865774458,3.1396288192136788,0.3370176716099326,0.21706260392821597,68296,Tcell_Qui_filtered
Tcell_Qui_filtered_86,5300.488365262999,400.0,70.74754956010176,2283.272219344765,3849.719123631161,69.89261206400734,1438.62031925376,0.4064017081554101,0.3531260872853022,1.7286394593801786,3.1139209669031036,0.2610351968244195,0.2763562843159405,126478,Tcell_Qui_filtered
Tcell_Qui_filtered_87,6646.401948288071,400.0,81.1523336994302,2647.2403421822205,3846.0917693513575,71.51557742978011,1381.599341739608,0.41616803329457586,0.3478352906281712,1.6627810600632515,3.0815207221057186,0.2684529997868644,0.27663142585126305,148638,Tcell_Qui_filtered
Tcell_Qui_filtered_88,6253.129518897657,400.0,72.19631054738996,2436.3438935652916,3896.4000524258563,71.9621226981264,1380.3163566818064,0.4161711383420858,0.3480403509480062,1.6637489107690604,3.0804430326078136,0.2737574752674342,0.2726302625305717,138083,Tcell_Qui_filtered
Tcell_Qui_filtered_89,4997.993081195492,400.0,57.395529480863686,1858.2758299687714,3894.5228172690777,72.8966898170682,1347.1313585777652,0.4203063811477431,0.3479753778883858,1.647072348567893,3.055315298962373,0.2749891924243247,0.2723010932758438,106786,Tcell_Qui_filtered
Tcell_Qui_filtered_90,4995.289444591393,400.0,55.42220612975157,2042.7985017441565,3932.1160018007786,70.97509270528852,1425.193395064346,0.4043520537965644,0.351039580790258,1.727136166958397,3.1377708530830697,0.26051534963752276,0.2698997335570917,114330,Tcell_Qui_filtered
Tcell_Qui_filtered_91,6182.015420967056,400.0,62.85101209652089,2146.6233297699278,3881.1997086022134,74.22600026228804,1297.2444037643645,0.42796208529956525,0.3446068433105637,1.6019492269326672,3.0251841744463674,0.2916402645054386,0.27116178785826006,124240,Tcell_Qui_filtered
Tcell_Qui_filtered_92,6899.3804729012545,400.0,94.27293893948807,2994.6542120505997,3865.5050957429407,69.73272979722557,1448.9137912194328,0.4057482781987368,0.35148514714448087,1.7233775716734658,3.126728898668225,0.263990995115254,0.2759525335967555,166394,Tcell_Qui_filtered
Tcell_Qui_filtered_93,8970.79473834333,400.0,95.79910425616677,3298.564253588634,3881.4897354991945,73.11543124822013,1335.98350152644,0.42162653529946154,0.3455320907258439,1.6303865990323716,3.0595798343586207,0.2836197780103203,0.2765075943116325,188374,Tcell_Qui_filtered
Tcell_Qui_filtered_94,4821.490544394677,400.0,57.82638706935961,1799.908104479643,4040.177053119458,72.81679898875083,1389.5166455148287,0.4065969022504873,0.3450177793602747,1.6881364791469833,3.1560581745169864,0.26232249508948446,0.26318442990537894,106278,Tcell_Qui_filtered
Tcell_Qui_filtered_95,1575.3046476415495,400.0,40.01643174750269,914.3851821675609,4466.877310727823,63.2731285953934,1893.6368000941309,0.3267928323543056,0.35015578896080063,2.1316648939278546,3.646235435154242,0.18137755600344727,0.2428513186187662,55810,Tcell_Qui_filtered
Tcell_Qui_filtered_96,1475.1427184416639,400.0,41.88162723234301,945.1973421901811,4361.348194725222,60.94774624589606,1946.9957490877089,0.31886529942134284,0.3519430340147309,2.1958125285133447,3.6865414609814176,0.17805895141274042,0.24421707818502353,56179,Tcell_Qui_filtered
Tcell_Qui_filtered_97,1484.3483569810967,400.0,42.38061831973727,918.5396955111165,4425.639239612661,61.77351272946606,1938.8604714881528,0.3209263701049389,0.3483210868772282,2.159257851790317,3.699438422515812,0.18125467313187982,0.24144249135592824,55707,Tcell_Qui_filtered
Tcell_Qui_filtered_98,1486.730306416688,400.0,42.129340891317035,909.8357963253501,4461.661901566461,62.03585641621323,1941.975156198655,0.31672285485968144,0.35017669524902767,2.1995709793803093,3.714215323378291,0.18640361028842115,0.2476421900635106,55586,Tcell_Qui_filtered
Tcell_Qui_filtered_99,1441.9301991578627,400.0,41.902290123962956,937.0290300848769,4334.735697269272,60.611807946656235,1949.8212532318964,0.3218586690933699,0.3549761415922837,2.19413880373497,3.644190181626759,0.18166520085652085,0.24625197203949872,55446,Tcell_Qui_filtered
Tcell_Qui_filtered_100,1497.057394082627,400.0,41.66363631519232,932.2141198319706,4404.371954426219,61.6257748673892,1936.646708938645,0.32434901004123406,0.3504941882349398,2.1498016355699794,3.660257138280931,0.1844340245834596,0.2462836453462322,56041,Tcell_Qui_filtered
Tcell_Qui_filtered_101,3025.3011090210907,400.0,54.66155478217605,1397.7684796176882,4204.664405301441,68.39822544940203,1602.3414677702106,0.37066365810314134,0.3470739351818171,1.862825340270192,3.375128464272856,0.22782569717219034,0.2596704841186453,83397,Tcell_Qui_filtered
Tcell_Qui_filtered_102,1764.8735285063165,400.0,44.160328621090095,1018.6183352237164,4365.502859510688,63.40501840523752,1851.1750415777158,0.3266725737649059,0.3505454660686505,2.134822762295494,3.6442310745798654,0.19203383954130235,0.24941816366941527,61179,Tcell_Qui_filtered
Tcell_Qui_filtered_103,1956.779051476761,400.0,42.6186934181505,1090.0389334521847,4170.680604898131,64.22369374068123,1749.0102412690894,0.3482638956550233,0.35298330224010244,2.016396118048279,3.484038711542644,0.20407870070108478,0.25504832732769006,62868,Tcell_Qui_filtered
Tcell_Qui_filtered_104,2198.818902007907,400.0,43.62531025325911,1092.809729569731,4236.911435116909,66.800333455419,1673.841802069712,0.3531514414614351,0.3466987912874717,1.9530865486858033,3.49316587166725,0.2159524959687022,0.2534520046757278,64957,Tcell_Qui_filtered
Tcell_Qui_filtered_105,1437.5417296630508,400.0,42.941268348084535,938.9203374338889,4357.585841086581,60.490834234906856,1963.609150250753,0.32117485707967897,0.3538892473989092,2.192077842842865,3.6567008407453305,0.17959125628816197,0.25475433011035503,55915,Tcell_Qui_filtered
Tcell_Qui_filtered_106,2171.78241909633,400.0,46.55823417498706,1143.7299153256797,4240.9027592148195,65.50367484833788,1724.9703045779058,0.35016000142303155,0.3486239515170704,1.9807097090859185,3.500408918126788,0.20841713690085645,0.25326942691302656,67621,Tcell_Qui_filtered
Tcell_Qui_filtered_107,1411.2615854686103,400.0,41.44641729564302,946.9777968027367,4348.074969254067,59.84386471017834,1985.394325997248,0.3160623442319743,0.35233166386238607,2.2177319971378133,3.70250594886119,0.17709545447051206,0.2516521305989137,55764,Tcell_Qui_filtered
Tcell_Qui_filtered_108,933.7299176980472,400.0,29.86108202773785,627.4398783118803,4342.142716353794,59.80963250022483,1984.3616450682098,0.3160907067195452,0.35227025481702595,2.21714650124608,3.702775810914066,0.1771874924238234,0.24644201511540115,37387,Tcell_Qui_filtered
Tcell_Qui_filtered_109,2100.0587980707137,400.0,40.21226779621357,1016.257337409221,4439.432467823823,67.38914496385937,1717.2934663648243,0.34583192211165414,0.34462139706399547,1.9824731080009135,3.5561821013846395,0.21078318258350123,0.24968098951207937,62497,Tcell_Qui_filtered
Tcell_Qui_filtered_110,4371.917936019318,400.0,67.94572171231472,1835.8866852391168,4108.597606709934,70.42615228333412,1496.7750086323113,0.38383896959012315,0.346434380540506,1.7955688611710405,3.293360609611992,0.24742552708918106,0.25902322710954767,108912,Tcell_Qui_filtered
Tcell_Qui_filtered_111,2548.774011283819,400.0,46.422015194835794,1293.2675763974098,4188.845615140271,66.33905316006926,1675.361308359414,0.35899067781163085,0.3500751483728946,1.9400291484174064,3.432743582135443,0.2178395720602666,0.2562975269737022,75008,Tcell_Qui_filtered
Tcell_Qui_filtered_112,2299.3938637460165,400.0,43.22860238037407,1010.6343132257202,4222.373817966167,69.4675012056748,1567.0662398851223,0.3689701256720201,0.3464106021425496,1.8677989027570594,3.390298125728101,0.22721774538659342,0.25391196340259053,61714,Tcell_Qui_filtered
Tcell_Qui_filtered_113,3576.2333482959743,400.0,49.78980056391524,1436.4992581708595,4084.189238853005,71.34299052142421,1455.7784593867748,0.3946278111668154,0.3454159375513984,1.7413450195476667,3.22987463717817,0.25498013889558707,0.2675687586603364,84916,Tcell_Qui_filtered
Tcell_Qui_filtered_114,1628.292593521824,400.0,42.82133687721901,939.5882728953791,4318.928898915499,63.409974147035676,1833.9370972724719,0.3330095878596707,0.35035244931648885,2.093044996521585,3.6030497820361482,0.18623124571388358,0.24835726595594473,56445,Tcell_Qui_filtered
Tcell_Qui_filtered_115,1609.374446851215,400.0,42.05592872358332,934.628764494059,4309.669136893688,63.261494312350905,1836.3540182259485,0.3330564706171204,0.34899869285298774,2.084664013479607,3.612285613730841,0.18971074204146882,0.24980263202570532,55912,Tcell_Qui_filtered
Tcell_Qui_filtered_116,1652.9411284807065,400.0,40.53950294152786,940.2196362388391,4383.406955964989,63.74233140379458,1844.2904929319802,0.3287280345034703,0.3522387900277568,2.131722073320532,3.618288050764937,0.190971171037424,0.246124811018355,56690,Tcell_Qui_filtered
Tcell_Qui_filtered_117,1669.543207982293,400.0,40.595337696458515,936.8012628865702,4432.716177615594,64.05688989474697,1849.4836159527247,0.3329267908388196,0.34775106998488825,2.078020726949603,3.6219785940998874,0.19866460052966547,0.2517156950114101,57054,Tcell_Qui_filtered
Tcell_Qui_filtered_118,1665.7711211646133,400.0,42.46489387860208,940.3493495451769,4362.211720146839,63.91765614392077,1829.6588571692541,0.3276334077875886,0.3514675875438833,2.134161328049691,3.631135535007208,0.19720259011146002,0.2460305980225551,56954,Tcell_Qui_filtered
Tcell_Qui_filtered_119,1720.7393552260858,400.0,40.68551252739417,937.4526752399447,4467.7255397801855,64.73344797909157,1834.5465435543574,0.33141654592098635,0.3455875128869092,2.0745026773609996,3.6476280067639895,0.2031732573506553,0.24501017137345987,57635,Tcell_Qui_filtered
Tcell_Qui_filtered_120,1497.1185151689497,400.0,45.70248436885915,963.2700605312062,4291.439098832119,60.848864685648806,1923.542587259332,0.3282157033137127,0.35397258708336216,2.1455587889519845,3.609299861676896,0.18128409971002465,0.24949042625961226,57203,Tcell_Qui_filtered
Tcell_Qui_filtered_121,1559.7441259716832,400.0,45.82114799100978,992.5258122975043,4329.984055997158,61.11203609714644,1928.2907810840748,0.31963560768896493,0.35311051372761876,2.197787197576411,3.672719276069418,0.18656069754548119,0.24438976980072494,59120,Tcell_Qui_filtered
Tcell_Qui_filtered_122,1870.6433021942105,400.0,45.751669573879106,1033.5207508005321,4291.01943951438,64.41245288003698,1784.7183764841016,0.3441218450329438,0.3533563444263005,2.0428232652210783,3.508681105176204,0.20342019589134655,0.2512083724630096,61909,Tcell_Qui_filtered
Tcell_Qui_filtered_123,1607.2284671333239,400.0,43.59773210665941,969.0881040504011,4467.1510177968,62.384742818886586,1929.869315288538,0.32168078624047947,0.3479652592707181,2.1519932727574735,3.6969204232457438,0.18459942297443055,0.24618250282740053,59107,Tcell_Qui_filtered
Tcell_Qui_filtered_124,1509.0094178793067,400.0,39.82857156969999,968.349594872231,4442.035711832955,60.91202002261632,1979.9501097199632,0.31490980683510106,0.34881828350341293,2.2036529529814186,3.7368149750659225,0.17885265171505899,0.24308577436074663,57652,Tcell_Qui_filtered
Tcell_Qui_filtered_125,1714.591654593383,400.0,47.09940105934729,1049.4861678336651,4417.8842739270385,62.031236627333996,1925.540972554917,0.322646090069807,0.3505927651001692,2.161756073267275,3.671025723423115,0.18530020690863294,0.2470277662626253,63393,Tcell_Qui_filtered
Tcell_Qui_filtered_126,1526.445580683816,400.0,41.44651721660342,962.9854897892027,4413.148259007438,61.31704544017661,1952.4043174501905,0.3161457744712058,0.3473331386801083,2.1856921072654107,3.7395742977251554,0.181023786850893,0.2431601002998171,57560,Tcell_Qui_filtered
Tcell_Qui_filtered_127,1548.4212666867818,400.0,44.52359984913335,961.6958180346851,4342.34049057914,61.68721276436398,1910.4205242599148,0.32257423472312957,0.35198169851646316,2.1708036928638634,3.6613303636794923,0.18816600609511852,0.2492896707661212,57587,Tcell_Qui_filtered
Tcell_Qui_filtered_128,1462.447270339024,400.0,43.12196606315322,966.6262163840988,4345.493603927167,60.20597064405406,1970.0708829837458,0.3191434166091724,0.35335906906276404,2.2027260943220477,3.674173172320972,0.18459521138644844,0.2508440050844275,57160,Tcell_Qui_filtered
Tcell_Qui_filtered_129,1521.6271563918635,400.0,41.35377530040118,934.0466592023389,4475.5207624568975,61.9637325905873,1950.1759755342405,0.31621532956738924,0.3480200855185047,2.189533196465815,3.733910224970144,0.18055974427061264,0.24134138352233658,56784,Tcell_Qui_filtered
Tcell_Qui_filtered_130,1498.7933998121462,400.0,42.31586457653647,940.2305564361561,4415.601431515337,61.45054032669629,1947.9926544826114,0.31782113485289815,0.3535063319135809,2.2128122538315194,3.681925168275353,0.18351925036316946,0.238249551462959,56629,Tcell_Qui_filtered
Tcell_Qui_filtered_131,1517.6402524163072,400.0,42.48715702409589,953.0986899955604,4382.9567585270215,61.424549002932224,1936.44353261999,0.3200793603234078,0.34784079514605437,2.1619865578248167,3.708789341370583,0.18773322672475581,0.2505545162991417,57027,Tcell_Qui_filtered
Tcell_Qui_filtered_132,1611.2673975360997,400.0,46.883796459951114,1047.1023651040873,4382.404743810969,60.61110911583093,1968.625059105675,0.3157128953637221,0.35518570474882016,2.2381711935312074,3.683457064574898,0.18199051379304865,0.24600979351830737,62434,Tcell_Qui_filtered
Tcell_Qui_filtered_133,1149.317159560934,400.0,32.73706686623967,744.1403029191056,4405.110025510884,60.69939158049873,1974.03260789622,0.3159589410163655,0.35271986331193983,2.2209020890583524,3.7002886443618297,0.17704635896498377,0.24563649090886386,44429,Tcell_Qui_filtered
Tcell_Qui_filtered_134,999.6749538509457,400.0,27.048962067455218,631.2966216250735,4462.180678439667,61.29321742220911,1972.3394431206734,0.3133808718606082,0.355660737005746,2.257842191440015,3.6953948105028744,0.180404170152334,0.24870102692092355,37991,Tcell_Qui_filtered
Tcell_Qui_filtered_135,800.5244403754497,400.0,24.967358777494564,536.8369724658263,4311.627827978397,59.858496939485086,1970.1862042839016,0.31912143670540527,0.35290751578955903,2.200062779080851,3.6776655023075246,0.17101312104168706,0.24659568222682662,31727,Tcell_Qui_filtered
Tcell_Qui_filtered_136,4854.193500575222,400.0,70.07427064537053,2179.3845350181505,3925.8983693700898,69.01456806209598,1492.5148394408366,0.39344932460717985,0.350888985399351,1.774234730182947,3.2066901947162147,0.24824193766033403,0.26936217793838335,121887,Tcell_Qui_filtered
Tcell_Qui_filtered_137,3528.6352223416065,400.0,49.73033104910263,1418.6747917050134,4156.21798380144,71.32431992988009,1477.12105177121,0.3847234566595013,0.3428919978818338,1.773122858279773,3.3082387838596423,0.24978097435660856,0.2557774343544502,84921,Tcell_Qui_filtered
Tcell_Qui_filtered_138,1631.125487518562,400.0,45.8141820187663,1004.9238395114168,4282.489166107703,61.87765421508031,1880.095944965623,0.33151390104332384,0.35560846904194515,2.134029880619186,3.575928875729948,0.18808924482603392,0.25004268268658125,59533,Tcell_Qui_filtered
Tcell_Qui_filtered_139,1807.3931713041586,400.0,44.861056860578955,1086.339663478434,4266.827749209015,62.45888181449719,1851.650375360375,0.3349549515666975,0.35192170143905743,2.0902093738037792,3.5790535134232297,0.1910261661623107,0.2510560981890729,63464,Tcell_Qui_filtered
Tcell_Qui_filtered_140,1813.4395176466633,400.0,47.3119050756754,1084.165603050782,4246.296718863405,62.584080373593956,1839.1272889230243,0.33780825284971694,0.35189991984699714,2.072426119138044,3.5602578742014264,0.19271517805366084,0.25466190420198287,63681,Tcell_Qui_filtered
Tcell_Qui_filtered_141,1990.005947474453,400.0,47.35977967723626,1119.282180375172,4248.5520758051325,64.00197941291262,1785.4025685531105,0.33928720813374114,0.3498518185944158,2.0513831992540807,3.5645420922370885,0.20061675213893768,0.2539072736784896,66003,Tcell_Qui_filtered
Tcell_Qui_filtered_142,3491.683770050842,400.0,49.03602341477242,1171.210601477475,4223.670261268717,74.88232612282837,1360.4170263638732,0.40081414584689146,0.3379370894211983,1.677347181753936,3.2314127514790107,0.26296777240834707,0.2485514249466073,75060,Tcell_Qui_filtered
Tcell_Qui_filtered_143,2656.5652431546414,400.0,54.99189887531175,1276.5299175607186,4112.640036117422,67.54388425912022,1604.9787471645109,0.3714653054144475,0.35275312350119337,1.8892209608136254,3.3352996259711705,0.2211294474341,0.2566301080252682,75594,Tcell_Qui_filtered
Tcell_Qui_filtered_144,2152.5377608463355,400.0,51.36570057978629,1015.2705589843666,4188.37016715238,67.95037904823022,1614.158278822265,0.3609215673175648,0.34885216878554115,1.9229090229767014,3.4278689128968245,0.22126376704444659,0.24730363427762467,62550,Tcell_Qui_filtered
Tcell_Qui_filtered_145,2522.8427675712474,400.0,49.00623659476189,1139.2667147558059,4189.462609929397,68.89042448747684,1578.8857321548173,0.3701614703476583,0.34782160766172254,1.8693709572724038,3.3738280298385237,0.2291694740278096,0.2535487464563131,68960,Tcell_Qui_filtered
Tcell_Qui_filtered_146,1927.424804593413,400.0,40.680485138056,932.5506372710735,4409.84849315194,67.39305437311303,1707.4891178825994,0.3467259049738096,0.34422504288612144,1.975087393437049,3.5527955767069392,0.21709230837059615,0.24632147805310967,57852,Tcell_Qui_filtered
Tcell_Qui_filtered_147,842.5748517355545,400.0,22.99183026793772,485.35734337955864,4383.208583549937,63.45014111676952,1855.8571163122256,0.3219167500191684,0.3542240436643415,2.189094987594712,3.6493069394254904,0.19081375768253608,0.2376388496138627,29628,Tcell_Qui_filtered
Tcell_Qui_filtered_148,1677.560158250262,400.0,42.19189350834762,919.1347743924256,4353.617075939225,64.60366742207138,1799.4354490572255,0.34260040074596265,0.34775880646574886,2.0193909921095563,3.5566954254262977,0.19793899991369954,0.2495881805046057,55956,Tcell_Qui_filtered
Tcell_Qui_filtered_149,1586.3086094439172,400.0,42.390404243808355,919.9265263729027,4356.361632445876,63.294484494844305,1852.202932437452,0.3283658708225262,0.3470562314367178,2.1026741689703514,3.657932931825988,0.19809584262983762,0.25256974717161124,55641,Tcell_Qui_filtered
Tcell_Qui_filtered_150,1539.584419684973,400.0,37.62214171798561,814.0248036739176,4356.983531734356,65.41376556503276,1768.5716008386905,0.3381834383480367,0.34681588401005936,2.04021900631118,3.592946583935465,0.1994144023981418,0.24553863802571246,49877,Tcell_Qui_filtered
Tcell_Qui_filtered_151,1595.1115288012302,400.0,40.637999502934896,920.6528510356158,4359.886463402576,63.4046471754512,1849.1344227337202,0.3341330711140427,0.352916716281174,2.101275088867887,3.5775515586644864,0.189641246598156,0.2510914453093246,55392,Tcell_Qui_filtered
Tcell_Qui_filtered_152,1583.9246126618082,400.0,43.28418186289041,933.2546279852602,4325.629597345127,62.9245858651942,1855.4434306142148,0.3277053543951087,0.35149911153721664,2.1338841562727486,3.6304270229329827,0.18742255306026018,0.24959479957844546,56122,Tcell_Qui_filtered
Tcell_Qui_filtered_153,1159.9665461012328,400.0,31.105589498092723,690.4227378239091,4403.489603589379,62.6877034026403,1893.7939151357286,0.3270110522995528,0.35208037807330805,2.1419510190094484,3.6308931707790513,0.18821009357727955,0.24541800827924568,41781,Tcell_Qui_filtered
Tcell_Qui_filtered_154,1570.0187258471633,400.0,41.66901415841862,924.329437004491,4365.285430123177,62.94304657342803,1869.4139750713896,0.3339176584298435,0.35393766316754727,2.108713301671069,3.5718324031900544,0.19465911715371545,0.25759283770912655,55691,Tcell_Qui_filtered
Tcell_Qui_filtered_155,1516.553296513422,400.0,42.021974080430624,934.6077949436028,4330.990958957987,61.87081305259905,1898.8548916265206,0.3250472037665923,0.3493459699498475,2.138156294011528,3.6639012213751756,0.18059026317832771,0.24772344946013788,55670,Tcell_Qui_filtered
Tcell_Qui_filtered_156,1139.966579662944,400.0,30.854345509478964,695.7717537259144,4409.983711244136,62.09853326745717,1919.8426422975829,0.31942171599378866,0.34639871343045514,2.1574561450684953,3.7240492737010595,0.18342008100348908,0.2415351106692524,41917,Tcell_Qui_filtered
Tcell_Qui_filtered_157,1562.3634732726289,400.0,44.076256237868265,937.3351866175284,4240.452446004689,62.502072683484286,1840.090066828188,0.3390048950219267,0.3510798116677478,2.0602979583480527,3.5579682230299805,0.18914043407896694,0.25499047565298094,55615,Tcell_Qui_filtered
Tcell_Qui_filtered_158,1579.1380812633,400.0,42.944083497475916,933.3218584176528,4272.786947513504,62.852269058022415,1838.6524752183436,0.33565364597545716,0.34933514649838787,2.070527760817738,3.592455301044134,0.19393297545495095,0.253781837870309,55576,Tcell_Qui_filtered
Tcell_Qui_filtered_159,656.912738195347,400.0,19.61715497061922,399.69544344548865,4333.466292468293,62.17183906102348,1887.9579595952991,0.33285092075057565,0.3624731978769736,2.166487967434415,3.519233759536855,0.1989534071286426,0.25189095947383144,24184,Tcell_Qui_filtered
Tcell_Qui_filtered_160,2757.1458747960337,400.0,50.97092390887737,1264.5030014801523,4060.626783854521,68.55759812997377,1550.9889843413548,0.37848044086423455,0.3495385954988533,1.8373074691789837,3.309616452028265,0.23369903905378728,0.2648109280877487,74129,Tcell_Qui_filtered
Tcell_Qui_filtered_161,2078.593870029224,400.0,47.59788632952011,1106.3771820057352,4153.0137015201135,65.26256710249085,1703.7006161998738,0.359918428329612,0.3561085688796232,1.9683779209920256,3.388383427796193,0.20649496347502477,0.2618760478765729,64913,Tcell_Qui_filtered
Tcell_Qui_filtered_162,2783.6699318291635,400.0,46.65296231420868,1198.740663999362,4095.780310189478,69.89911926070576,1512.4624235564538,0.3834931236273257,0.34683273606013415,1.7992546987524307,3.2932699182569736,0.23654205584142737,0.2617628257702412,71106,Tcell_Qui_filtered
Tcell_Qui_filtered_163,3142.447122459433,400.0,48.20254557741377,1338.7070996448472,4166.197520379107,70.12584184134126,1525.1198038055388,0.37834159622539754,0.3488669171149104,1.834449836272764,3.3144967011418647,0.24491373597329957,0.2589792942869671,79668,Tcell_Qui_filtered
Tcell_Qui_filtered_164,1595.3599140226124,400.0,40.29994351006927,901.2295577647672,4460.133362321094,63.90157180629495,1865.644326366142,0.32630872222196733,0.344507876890868,2.1003932705167725,3.6905129443410365,0.18711731468814916,0.24958346837396764,55316,Tcell_Qui_filtered
Tcell_Qui_filtered_165,697.584706340081,400.0,17.849822186999376,395.86458547642235,4423.789517830546,63.796712985310144,1856.7440680071977,0.3243832435890314,0.34840533349554187,2.1367638480598887,3.67526735800357,0.18919898721195993,0.2410307986990633,24180,Tcell_Qui_filtered
Tcell_Qui_filtered_166,1909.9973552729125,400.0,40.27238676795886,965.8621438815757,4288.366819033016,66.41483548951045,1705.914392943528,0.34909757197549807,0.34907117774011914,1.9892863732144794,3.5045002966626733,0.21225137801669527,0.2482569815808885,58067,Tcell_Qui_filtered
Tcell_Qui_filtered_167,988.0932611531008,400.0,29.276202895556214,584.072567115272,4390.1029686272705,62.84917553776208,1882.3561497372611,0.32154286925305525,0.3448857990918046,2.133863202096863,3.720670482511788,0.1848099038303644,0.24321497959503766,35896,Tcell_Qui_filtered
Tcell_Qui_filtered_168,1647.1191975021623,400.0,43.69171598078702,977.6066649270242,4448.158562253893,62.753951606121326,1907.7790971580287,0.32139019876229663,0.35009194853533904,2.1671034291280167,3.6831988338525212,0.18714852558436867,0.2432349274323616,59514,Tcell_Qui_filtered
Tcell_Qui_filtered_169,1666.7453227010249,400.0,45.08103115380413,1016.8523592684196,4482.197365702398,62.10861389170043,1946.80116554113,0.3156660221047475,0.35192849227603545,2.2179754565896377,3.7082050077026016,0.18617818995914104,0.23843510454204084,61939,Tcell_Qui_filtered
Tcell_Qui_filtered_170,1524.490182104461,400.0,43.70617943078025,932.0917116436522,4532.326870560773,62.05737272525771,1967.9133822708961,0.3125846003397312,0.34685024682976595,2.207519629710012,3.767794033247217,0.17970449894000862,0.23728326560381643,57667,Tcell_Qui_filtered
Tcell_Qui_filtered_171,1684.1479844481803,400.0,47.27910386204126,1063.3649683371505,4378.299797795643,61.29718088283629,1939.7141746793382,0.3207523183199289,0.3493323801720484,2.166701996795213,3.693136837598278,0.1843092311813868,0.24370015828973995,63513,Tcell_Qui_filtered
Tcell_Qui_filtered_172,2999.6649847498934,400.0,60.7431307382833,1590.3398385487867,4044.73837709452,65.35210964319067,1662.8249566882612,0.3664532376956681,0.3545152553006726,1.924626714904526,3.356558897932187,0.2208407329646785,0.26240691668194177,90204,Tcell_Qui_filtered
Tcell_Qui_filtered_173,1899.3153324468879,400.0,50.212571901964154,1192.173994695471,4346.804212865011,61.43690407634479,1922.0098945259995,0.32204849642545336,0.35294143263476635,2.180276194782702,3.6578216796931464,0.18640147259434856,0.24626975048800948,70350,Tcell_Qui_filtered
Tcell_Qui_filtered_174,1528.9315519370355,400.0,45.39884080306811,965.9989877455705,4491.3470240112465,61.28152778680322,1984.1070606372484,0.3113829567133876,0.34841743668089553,2.226051398752898,3.764042793905989,0.1731155824844629,0.2444134962352573,59191,Tcell_Qui_filtered
Tcell_Qui_filtered_175,1723.6575090210897,400.0,50.52909756186885,1074.3598497138214,4470.69712788926,61.602816853159915,1963.0330315487986,0.31096893791360275,0.34604377650173873,2.2138295357549613,3.7851866438749875,0.18376200454569008,0.24355067957172963,65739,Tcell_Qui_filtered
Tcell_Qui_filtered_176,4210.792283224573,400.0,46.19500764629913,943.3535964718278,4875.528300961207,81.69718866150147,1219.1475013260385,0.40473249937404593,0.30536911205148043,1.501022395216027,3.382137443731908,0.29178110962058934,0.21162286114641957,73753,Tcell_Qui_filtered
Tcell_Qui_filtered_177,3560.691318357241,400.0,58.88889590693891,1648.4644503571678,4275.569714652508,68.35447962109991,1626.4442038488394,0.36434744677487063,0.34556245715904016,1.8868656035150448,3.4260487908981583,0.22429655829081954,0.25820650508094306,98299,Tcell_Qui_filtered
Tcell_Qui_filtered_178,2089.1252557065973,400.0,45.55415896378978,1156.3745486639837,4409.3958201182195,64.36990853899476,1828.5513977418423,0.33045998404626675,0.346743229225596,2.0874652597564327,3.64590507361519,0.20416096319099525,0.2482355580298419,69394,Tcell_Qui_filtered
Tcell_Qui_filtered_179,1780.4384415857623,400.0,53.66525866573602,1147.2709218291823,4382.607562823895,60.813360227431176,1960.6500791988826,0.3145291964874685,0.3515531841309081,2.2236181743607424,3.7187109286952906,0.18464679358824235,0.24277166885405582,68936,Tcell_Qui_filtered
Tcell_Qui_filtered_180,1589.3695399668404,400.0,49.83336289482443,1078.5507086034988,4444.412164995844,59.57335271991497,2035.0202404957206,0.3092541927198574,0.34715662786354085,2.23326371364861,3.788449217558533,0.17071806611732487,0.242501401956748,64918,Tcell_Qui_filtered
Tcell_Qui_filtered_181,1966.2574879316915,400.0,51.80122559422795,1216.673474424202,4367.333254141995,61.775059251562816,1916.5107856888226,0.32424781392842206,0.3507432838071742,2.152000914743182,3.659123933002991,0.1815410875770538,0.24590234393301663,72265,Tcell_Qui_filtered
Tcell_Qui_filtered_182,1503.2057602124507,400.0,50.694355197611344,1067.5722630936616,4369.7299058343815,58.47279487317518,2048.517880976753,0.30434031824393787,0.3556179864765694,2.3246328619351515,3.7559771041761993,0.17163687528674434,0.24394581618522804,63477,Tcell_Qui_filtered
Tcell_Qui_filtered_183,1520.451276430397,400.0,43.804481133280504,963.7185751513683,4562.251960157549,61.205608604511,2014.7203162899325,0.30598876125515606,0.3453932813098625,2.2456318250752365,3.8249348782114563,0.17953487692598608,0.23790478794726402,59359,Tcell_Qui_filtered
Tcell_Qui_filtered_184,5181.885186325822,400.0,63.09762127038043,1884.0637398330582,4109.055345211625,73.33601248010643,1388.982054353173,0.4042881157302376,0.34070983719573744,1.6765783064075626,3.1939024487410683,0.2721249595637858,0.26386887041061563,113595,Tcell_Qui_filtered
Tcell_Qui_filtered_185,1896.2296836772666,400.0,45.28715173307552,1047.9006692519388,4474.679526433993,64.40712388263141,1850.2956360234323,0.3222122513046784,0.3456519894776587,2.1341608866580057,3.71037156348924,0.18930539059786256,0.2361361323738716,64331,Tcell_Qui_filtered
Tcell_Qui_filtered_186,1039.0852604525805,400.0,31.450950211175943,651.9966663623094,4545.990632370285,61.444998256806606,1998.486760582999,0.30796988159235306,0.3468695898479717,2.2407227594432806,3.7995734890694717,0.17718639993577937,0.24131211955883677,40472,Tcell_Qui_filtered
Tcell_Qui_filtered_187,1792.6676843144571,400.0,51.969389380623895,1187.496291557175,4444.121743157995,60.15332373750144,2011.4480986574802,0.3162743726086466,0.35219666755485163,2.215396086296557,3.702091062088372,0.17428941432363082,0.24669777798713888,71086,Tcell_Qui_filtered
Tcell_Qui_filtered_188,2332.9594139353408,400.0,48.577518145076496,1136.2126648236103,4381.004156633866,67.24830481081023,1703.8463468496989,0.3442108050985951,0.34302198318634297,1.9825657491218858,3.578046979375347,0.21167455823581807,0.2523775336772775,69916,Tcell_Qui_filtered
Tcell_Qui_filtered_189,2924.2839154238536,400.0,52.68808452557616,1395.9570123003475,4169.859660948397,67.68798232195573,1618.1177200831053,0.36630375790637987,0.3498337596835937,1.899986381258212,3.3865402343411932,0.22467276645254197,0.25722953149500094,82014,Tcell_Qui_filtered
Tcell_Qui_filtered_190,2205.566819146864,400.0,65.43415565402056,1456.108742102489,4355.733334202124,60.23381324352862,1973.0443052668084,0.3136835495819603,0.35446562752667016,2.24808397078135,3.7023968679906183,0.1808183676977346,0.23971453480617502,86350,Tcell_Qui_filtered
Tcell_Qui_filtered_191,2012.1313084862043,400.0,57.14365405962152,1286.9469187908512,4506.631406957429,60.990712249553034,2001.9676623902521,0.3092639856736652,0.34890977246698796,2.244470644562277,3.774791441162634,0.17809653577445975,0.2446540739885873,78258,Tcell_Qui_filtered
Tcell_Qui_filtered_192,1914.3300966561249,400.0,54.906839356272386,1219.787580820178,4388.1177127398705,61.080351590295365,1952.1613919635126,0.3189541938600813,0.3522391986405565,2.1970478321632143,3.683744530271934,0.17960386703226985,0.24222841387895108,73022,Tcell_Qui_filtered
Tcell_Qui_filtered_193,1802.2838044712894,400.0,52.0299737065133,1174.858926373145,4444.67987800775,60.53736644195392,1996.1371988542235,0.3108964961173619,0.3509576039535664,2.2457891204333555,3.747865382889905,0.17443904991653345,0.23949721316813247,70588,Tcell_Qui_filtered
Tcell_Qui_filtered_194,1962.227344852745,400.0,56.95966530355756,1272.0836004121438,4504.508618357329,60.66910009767288,2014.3401761685116,0.31176207649426335,0.3506169084746798,2.237379813110894,3.744591150038309,0.17393779164735484,0.24228636465615003,77304,Tcell_Qui_filtered
Tcell_Qui_filtered_195,1817.0661295690022,400.0,54.90168780108995,1193.1850920797501,4409.857013179266,60.36260749605384,1989.4027631608774,0.3154363497047582,0.35061647943685637,2.2113156063054946,3.7196381462833585,0.17783859638972085,0.24794312228240065,71657,Tcell_Qui_filtered
Tcell_Qui_filtered_196,1980.3676378077262,400.0,55.014031847377964,1271.6233792096275,4413.4711740243465,60.89708204741816,1969.3843402292632,0.32039299249363773,0.35178158294861384,2.1843399795984646,3.677458192502702,0.18466929218408829,0.2450610630723277,75909,Tcell_Qui_filtered
Tcell_Qui_filtered_197,1992.1050527059724,400.0,56.7257235892793,1272.0285394353707,4384.9934870641455,61.03013239109212,1952.9466861324993,0.3193750941006598,0.34998216897359913,2.1800929852961324,3.6976676919014344,0.18144325845781054,0.2470660111755477,75987,Tcell_Qui_filtered
Tcell_Qui_filtered_198,1756.2378454520988,400.0,51.992439510373245,1139.4188060743659,4462.69566024758,60.650762738955464,1998.6397545449797,0.3109797731537353,0.35453481596173453,2.268072288361935,3.719946264770035,0.17516922346230362,0.2385568734029632,68992,Tcell_Qui_filtered
Tcell_Qui_filtered_199,1922.5551670505968,400.0,55.65915363431317,1262.1390971546605,4451.621114236516,60.36859451971198,2005.7143923080373,0.31057826338120564,0.35086332224399736,2.2474863290833547,3.750751704191802,0.1717428004651761,0.2408972459641828,75804,Tcell_Qui_filtered
Tcell_Qui_filtered_200,1893.3296713680247,400.0,54.73247892850974,1203.415883498902,4410.957270337679,61.139336048853544,1958.6846260500024,0.319351510494375,0.3533548685391486,2.20126459972478,3.6728125274777415,0.18301048604854311,0.24551569433449127,72430,Tcell_Qui_filtered
Tcell_Qui_filtered_201,1651.3146106267066,400.0,49.157740454330856,1101.9788075557026,4487.0044333179685,59.975976396908116,2035.7836190505952,0.310119960200283,0.3469710272478165,2.2258384328317207,3.783900358435671,0.1751249554366106,0.24582535904093739,66533,Tcell_Qui_filtered
Tcell_Qui_filtered_202,1745.990941890234,400.0,49.73944971908839,1143.378961991059,4538.116051013803,60.428086398520406,2037.5317084361413,0.3052880692799986,0.3510624277543254,2.2877294567519355,3.7852127810648475,0.1708674051257287,0.2410656614596702,69464,Tcell_Qui_filtered
Tcell_Qui_filtered_203,1936.025975671819,400.0,52.18592735944938,1198.5931610170958,4473.006062746509,61.76271793315329,1957.4068168121505,0.31866000429230334,0.3448926490876962,2.153210679053954,3.740589499563764,0.18124590014404426,0.2438761378404397,72588,Tcell_Qui_filtered
Tcell_Qui_filtered_204,1985.9297237691387,400.0,51.682161007760016,1228.6564129983306,4513.9552378976305,61.778706162347675,1972.4069198263421,0.3145690962039038,0.34470426020109035,2.180021320350762,3.770442365894713,0.17608854373297225,0.2443539462132852,74515,Tcell_Qui_filtered
Tcell_Qui_filtered_205,1979.4179620303642,400.0,55.99230419967016,1254.9646513167447,4468.608131143264,61.19925187150195,1978.6503933004894,0.3172605984518603,0.34730753780363727,2.177851255570878,3.732104054143241,0.17682341178689145,0.2436519739115787,76006,Tcell_Qui_filtered
Tcell_Qui_filtered_206,1974.713089050024,400.0,57.84598657726514,1260.0083037516413,4427.748251353473,61.04739324519323,1968.9129374233248,0.31667729118855625,0.35269951454866644,2.215736363501545,3.695614119582766,0.18672983790371991,0.24463455477441579,76105,Tcell_Qui_filtered
Tcell_Qui_filtered_207,1791.8214722716698,400.0,52.165774901802294,1195.6281201021732,4443.526590891077,59.97829977937399,2018.2880905477255,0.3103147746565201,0.34795286810775844,2.2307356692752176,3.7749665619620787,0.17489224097272213,0.243380026487198,71475,Tcell_Qui_filtered
Tcell_Qui_filtered_208,1976.8878571795074,400.0,53.313176508529295,1210.777165242433,4557.527848360221,62.01680048794768,1979.1620974117986,0.3114814114612583,0.3453848872191144,2.205978834028909,3.7867114952531087,0.1789975722129704,0.24400165247109012,74481,Tcell_Qui_filtered
Tcell_Qui_filtered_209,1798.0566573478313,400.0,51.47117917259081,1159.3241550898886,4400.051922471222,60.79895594729726,1968.0621162589262,0.31507993936772344,0.35097380899310454,2.216073193565456,3.7193588404630504,0.18306626225181416,0.2441846912806476,69291,Tcell_Qui_filtered
Tcell_Qui_filtered_210,1937.7184892044786,400.0,53.55248300736859,1203.2200666248295,4443.969843376983,61.69233987746249,1949.150223058767,0.31659849843491045,0.3486298988079613,2.190715211032567,3.72669113779008,0.1787313734498325,0.24491900981192175,72753,Tcell_Qui_filtered
Tcell_Qui_filtered_211,3758.1024687698673,400.0,63.75282184406528,1569.1363880142508,4292.235226966973,70.54503411244661,1546.4565583664578,0.37413126005213854,0.34049537444122385,1.8105785231196168,3.392327461286539,0.23371810761936654,0.25290337749648384,97019,Tcell_Qui_filtered
Tcell_Qui_filtered_212,2702.6267285924255,400.0,66.51161625387259,1621.3532347848557,4089.204533721884,62.503220446967944,1783.3328912701593,0.34778944110340415,0.3557046335423458,2.0347135370666596,3.469087770883385,0.20249601556110589,0.26190043863759366,91953,Tcell_Qui_filtered
Tcell_Qui_filtered_213,2732.24619118939,400.0,64.60773501154593,1600.9908996952065,4131.5425520202625,63.05323558078433,1778.684235897715,0.3511275944411156,0.3546061923966343,2.009146007904564,3.4546851721172973,0.2065232886449226,0.260467246036695,91510,Tcell_Qui_filtered
Tcell_Qui_filtered_214,2878.9761739298683,400.0,67.01179579310379,1626.5795620212896,4171.610128839262,63.89835888517966,1761.613152963764,0.3516580639692274,0.35584480045401523,2.0131224322912713,3.44315284445719,0.20619443465848689,0.2576562631635367,94325,Tcell_Qui_filtered
Tcell_Qui_filtered_215,2645.4546055671262,400.0,61.890243775508665,1545.6578998293096,4285.656553684889,63.120581997282684,1833.00752258343,0.3403335474958557,0.3503564891381208,2.0480263957571228,3.554097520003236,0.19978417256220798,0.26033428356464977,90515,Tcell_Qui_filtered
Tcell_Qui_filtered_216,2523.191837838368,400.0,65.92695842311258,1546.0510470693466,4217.125030818137,62.006420093441804,1850.262448717123,0.33954136037248556,0.352961682881724,2.068068986169841,3.5414879974062967,0.19392793495453287,0.25918741972875103,89797,Tcell_Qui_filtered
Tcell_Qui_filtered_217,2253.6103827266575,400.0,60.59448917389298,1400.8630528106066,4221.89557379868,61.66717100230726,1865.040694774636,0.33795945045177167,0.3555380757718683,2.0929153682798365,3.5341844367663167,0.1900520601466357,0.25565221099794794,81451,Tcell_Qui_filtered
Tcell_Qui_filtered_218,2303.3661150733005,400.0,57.88710293580523,1398.4982395950874,4224.218126822077,62.2217859541111,1844.721309532527,0.3364387380076531,0.3547555045170194,2.0977478867065873,3.5495458755105616,0.19684276880822485,0.260082340529214,81065,Tcell_Qui_filtered
Tcell_Qui_filtered_219,2208.550105232937,400.0,60.89900544509197,1394.6848771843468,4170.593580397717,61.29353528176779,1859.4634738645716,0.33695671453145914,0.3576697402840721,2.1117292186831396,3.5260456718415956,0.1975446503439229,0.25699982120981985,80377,Tcell_Qui_filtered
Tcell_Qui_filtered_220,2177.351360975224,400.0,56.64346679112864,1375.7823832289723,4287.199555462967,61.27974677358762,1905.133511291237,0.32886656103985995,0.3553409812619931,2.1495904551738594,3.595237506456945,0.19342687762493055,0.25118809942198367,80096,Tcell_Qui_filtered
Tcell_Qui_filtered_221,2154.8846865923556,400.0,60.97768006885218,1383.5592332895285,4174.54177866415,60.89921828305498,1875.8753416903637,0.33473107920319034,0.35819463311679767,2.128889801076727,3.536851987460279,0.18990884461493884,0.25493517546083216,79737,Tcell_Qui_filtered
Tcell_Qui_filtered_222,2115.8691216380357,400.0,58.96852818354503,1368.7332295163615,4187.988191591253,60.72053303118158,1887.9015704988285,0.3351775196387857,0.3560072033729512,2.1130707935823287,3.549130226100257,0.1917022458462749,0.2563224845760209,78712,Tcell_Qui_filtered
Tcell_Qui_filtered_223,2096.6031977077146,400.0,56.21759075208344,1341.1302371349377,4237.292145241977,60.98795143503259,1897.0062752814797,0.33089233661786954,0.35235488258996006,2.1184768835973116,3.603034917736041,0.1899316477321088,0.2586731452815743,77537,Tcell_Qui_filtered
Tcell_Qui_filtered_224,2176.0494295452227,400.0,55.18964517026159,1322.6316786861769,4330.344577738347,62.196278032473394,1885.8165365339623,0.33058498296755734,0.35343026742511247,2.126918076936565,3.597452969731126,0.1873070078264769,0.25262147121466283,78054,Tcell_Qui_filtered
Tcell_Qui_filtered_225,2089.6502835663446,400.0,59.55845907895663,1336.43564676683,4267.352076887949,60.99234888026097,1908.5632057244327,0.3319569449992756,0.3527365917523484,2.113970389552199,3.5932544998963323,0.18809615468092186,0.2571106434166435,78350,Tcell_Qui_filtered
Tcell_Qui_filtered_226,2052.4421375323236,400.0,57.14185497640578,1330.7649799733097,4289.061008296095,60.66557754955143,1929.7396863588604,0.329047054667477,0.35460185231014957,2.1439425161294685,3.5993088167102107,0.18796283346280537,0.25154665949182103,77726,Tcell_Qui_filtered
Tcell_Qui_filtered_227,2050.0517921075575,400.0,57.31978638850998,1314.5840875626693,4304.458978093631,60.929380337835724,1925.496317196188,0.32978311739108807,0.35326936119167474,2.1311189881915173,3.603916062959937,0.18360777442788961,0.26103920055821245,77246,Tcell_Qui_filtered
Tcell_Qui_filtered_228,2041.2260160305075,400.0,55.79677485018087,1297.7030446687686,4332.813329323106,61.134153464255114,1928.5211931120368,0.32613753773398274,0.3522634692140266,2.1488047951199643,3.6354132618422783,0.1888092465364942,0.25288404266855313,76518,Tcell_Qui_filtered
Tcell_Qui_filtered_229,2045.689889647268,400.0,53.13501311365876,1307.2517533770674,4334.8018219934,61.01179523667661,1934.1085913897662,0.3240274689552748,0.3562955309408403,2.1875535403532864,3.620257977530751,0.18501704836674354,0.24827363226912555,76443,Tcell_Qui_filtered
Tcell_Qui_filtered_230,2042.0430862915064,400.0,57.625590117682535,1327.4770332691767,4243.213539930292,60.60338012042341,1914.0962294867563,0.3297969887218595,0.35749562171176197,2.156523455142981,3.573846660553102,0.19071978727645172,0.2529251191081034,77067,Tcell_Qui_filtered
Tcell_Qui_filtered_231,2041.0816603231033,400.0,57.73396732611236,1320.081003951984,4280.990422654086,60.725465090316,1924.240938386772,0.32689316343882524,0.3525752011576372,2.145734920147637,3.628118873348304,0.1866091674548202,0.25435189233641226,77236,Tcell_Qui_filtered
Tcell_Qui_filtered_232,2023.3348682095568,400.0,56.08534549322863,1316.808873414673,4287.012316139865,60.57628128380065,1932.4048019790064,0.3253892470561752,0.3510753030742728,2.146481882363397,3.6490283966811607,0.1823638536569122,0.2563194171892171,76760,Tcell_Qui_filtered
Tcell_Qui_filtered_233,2322.5604753688726,400.0,58.762858746230776,1411.2734091308942,4221.978459623929,62.203101348736965,1844.5893248571601,0.3372492706783608,0.3546059316743573,2.091823903805631,3.5452587184492548,0.1907657399354788,0.2535345004920164,81837,Tcell_Qui_filtered
Tcell_Qui_filtered_234,1690.6243839022573,400.0,41.504365314137814,1002.9668811555199,4396.560100346894,62.76469655339463,1888.131280790122,0.32631274799592214,0.34940861730054734,2.130245789653512,3.6548809613734607,0.19123578322778434,0.24813161272248566,59919,Tcell_Qui_filtered
Tcell_Qui_filtered_235,2520.42880364169,400.0,69.03654788920078,1619.566262313483,4274.236278329355,60.87999534995051,1915.6014122363479,0.3269334839896361,0.3532758783714713,2.149734008268988,3.6228098233681156,0.18966772661242823,0.2518034479816269,94371,Tcell_Qui_filtered
Tcell_Qui_filtered_236,2157.1920585754615,400.0,60.59013766929189,1402.2641470083483,4293.369579403671,60.60453996291398,1933.8108567500376,0.32236564669750595,0.35443206296702146,2.1873304192518273,3.644801826123067,0.18741890187419089,0.24812080576268977,82009,Tcell_Qui_filtered
Tcell_Qui_filtered_237,5775.249247420219,400.0,106.18305990661713,2827.5982567316005,4057.9350180258302,67.131833321851,1602.2961787031093,0.375445947420602,0.34939336172676766,1.8513876958969384,3.330016453916463,0.23426137145834097,0.2678196215603569,162368,Tcell_Qui_filtered
Tcell_Qui_filtered_238,2480.1315557641205,400.0,70.50570991484761,1623.8683006179501,4239.974427106833,60.43205756713914,1919.3988707542103,0.33001508499984133,0.3537148332951877,2.132306473349616,3.599211415382939,0.18567275387380275,0.25471382007751514,94147,Tcell_Qui_filtered
Tcell_Qui_filtered_239,3928.2872433399434,400.0,53.74717398382023,1622.0787228540955,4009.8634946949214,70.77528341853866,1454.9723753022258,0.39929238410413564,0.34644278424743186,1.7261186227984051,3.1944977639589593,0.26081725062142497,0.27191958108273107,93755,Tcell_Qui_filtered
Tcell_Qui_filtered_240,646.4511965485431,400.0,13.68255268408003,364.70671673660576,4028.708560709416,63.93177445927205,1708.810787892375,0.3562188345810891,0.3566107069213697,1.9916253457223925,3.4088700529422327,0.2121854900686383,0.25539150150915296,20394,Tcell_Qui_filtered
Tcell_Qui_filtered_241,3275.010817260531,400.0,47.846599003198435,1439.2156831931761,4081.627870144265,69.47079901539175,1523.9715719816948,0.3867657359557081,0.3473801657113101,1.7868461889604974,3.2690574163953205,0.2510193715081999,0.26717080342531074,83242,Tcell_Qui_filtered
Tcell_Qui_filtered_242,4641.760515481239,400.0,88.75772302624485,2538.9151337172516,4291.036239815085,64.64239219605126,1775.7773331833316,0.34302860960978016,0.34871762513538423,2.022430936835647,3.5473021238903204,0.2130609393483269,0.2516153149750543,147567,Tcell_Qui_filtered
Tcell_Qui_filtered_243,718.9749961275659,400.0,16.395090657594924,435.7260260898874,4344.129893447652,62.265035043172276,1888.3160331442375,0.3289739425413462,0.34701670480427566,2.098548576462107,3.654072156834466,0.1840535729500895,0.2549276141795836,25422,Tcell_Qui_filtered
Tcell_Qui_filtered_244,7647.202785715446,400.0,89.8531935691893,2866.889507956877,4066.134162194256,72.73288622659084,1399.6489730913283,0.40615136763468157,0.33904515922832545,1.6607328364059097,3.1909039471770364,0.27209110080347393,0.2729027762806596,169385,Tcell_Qui_filtered
Tcell_Qui_filtered_245,8534.91398634155,400.0,97.40212111530866,3199.828118738599,4090.414599142423,72.73201157651906,1406.3018256726066,0.40606160371424577,0.340823903914673,1.6698146456020841,3.1819324919324625,0.27389073527850377,0.2699310731495312,189210,Tcell_Qui_filtered
Tcell_Qui_filtered_246,458.2115695901283,400.0,12.575332937858619,292.09717223737556,4176.286141456466,61.06973623605618,1870.1181553502595,0.3418533260515617,0.3581254515280409,2.0841334394793822,3.4912634546444923,0.1881645668418668,0.25704995254055046,16794,Tcell_Qui_filtered
Tcell_Qui_filtered_247,2323.0651349684217,400.0,54.82957087765694,1337.1888438133055,4234.074619738511,63.46732080437836,1800.6901809498204,0.346458353476646,0.3541540274767493,2.033626968552334,3.4880500842148723,0.19996291415609568,0.25680132384838394,78076,Tcell_Qui_filtered
Tcell_Qui_filtered_248,4178.989561259929,400.0,67.36331385098771,2016.1112486416196,4025.367974146099,67.45636091313808,1579.826669076784,0.37580825915631044,0.35396040008939395,1.8737795790958354,3.3003468830070046,0.23583166390580973,0.26472657330295685,113757,Tcell_Qui_filtered
Tcell_Qui_filtered_249,6038.837017364964,400.0,76.21171165794749,2387.810487681243,4001.765151119245,71.66357692959949,1420.6114112234,0.4020590806579418,0.3467007548002496,1.7155171203276283,3.175598421097607,0.26521766145010195,0.27003115267475813,138407,Tcell_Qui_filtered
Tcell_Qui_filtered_250,1995.5374498725212,400.0,53.71080425625729,1243.9380062161517,4322.979093278079,61.60063494606387,1906.3990630174428,0.32492429243757287,0.3507516428618605,2.1475717212569423,3.6545066552683902,0.1867770371230237,0.2491986638785087,73455,Tcell_Qui_filtered
Tcell_Qui_filtered_251,635.3072296158164,400.0,18.245089702328965,409.4499832680557,4242.804787677309,60.809078107454305,1906.030622821621,0.326255754010648,0.3592662658312227,2.1907277262663936,3.5843075086227376,0.19571247113615528,0.25368987918505165,23888,Tcell_Qui_filtered
Tcell_Qui_filtered_252,6568.149065296627,400.0,82.75553314812667,2683.165271970175,3968.922737360563,70.99692893190692,1435.0971978820173,0.4006873406662359,0.34709681695439587,1.723356609479536,3.1820932356761413,0.2617212942339141,0.26767249987336933,153131,Tcell_Qui_filtered
Tcell_Qui_filtered_253,409.57198744558116,400.0,11.728518295173185,268.0956341693388,4296.539962957402,60.43847667821994,1941.5305661878729,0.3269036716365769,0.35582405735487055,2.165437501647248,3.604715271919451,0.18327807277426086,0.24707187145646528,15703,Tcell_Qui_filtered
Tcell_Qui_filtered_254,951.3724831044045,400.0,23.03819427296183,572.9814174205029,4307.241416359896,62.41152286072163,1868.672546564856,0.33254118812728534,0.34969514960154124,2.0920608341695863,3.610833341005644,0.1926659871701279,0.2542110750952878,33556,Tcell_Qui_filtered
Tcell_Qui_filtered_255,1650.216492084881,400.0,39.789598358375144,966.5733174102088,4343.365465104673,63.06263063609572,1856.5754672143555,0.3288878064574683,0.3503891681227135,2.1194981623542906,3.6304542739985823,0.19317994914492437,0.24774703601274276,57321,Tcell_Qui_filtered
Tcell_Qui_filtered_256,2380.0413253314323,400.0,57.04093318659176,1376.0881159136163,4284.399231607452,63.36419877325945,1823.0807813447432,0.3358660612877827,0.3517407050388812,2.0834671296841534,3.5742586875548095,0.20102842203408483,0.24894662431163755,81069,Tcell_Qui_filtered
Tcell_Qui_filtered_257,8216.731635173386,400.0,39.94727780076701,815.4349116136457,5231.310802377858,90.97187914561079,836.176578089834,0.532110746147873,0.2525753669138648,0.9443198253042699,2.7295004974116073,0.43236435626421044,0.1820680548442636,87012,Tcell_Qui_filtered
Tcell_Qui_filtered_258,392.7348991772603,400.0,11.209055467087392,269.52624332223644,4304.355288146702,59.302120262560734,1988.989819692295,0.3204005536195619,0.35791790691956904,2.222390202819096,3.6322746278100024,0.18310605284509138,0.25636423357507837,15604,Tcell_Qui_filtered
Tcell_Qui_filtered_259,2878.863848694424,400.0,58.02327641374339,1536.7315828815501,4177.6615571985185,65.19763627137657,1714.7155155726082,0.35437408401467235,0.3516057189699215,1.9738953382072748,3.453102488619956,0.21115456234490879,0.2595955598711115,88863,Tcell_Qui_filtered
Tcell_Qui_filtered_260,6343.955911406612,400.0,82.77851910326595,2620.3701537356787,3977.590080175097,70.76891073914673,1445.7685497234145,0.4013747505882031,0.349371367796871,1.7316790629630514,3.1653600932905634,0.2588368786331636,0.26802353260639283,149836,Tcell_Qui_filtered
Tcell_Qui_filtered_261,1338.0401877127485,400.0,34.347370466425446,808.1181537670439,4410.807349744504,62.3458279779189,1910.2362989470678,0.3260255015931872,0.3496202287911922,2.133413925640916,3.655289969697408,0.1866505068891534,0.25173825665969607,48457,Tcell_Qui_filtered
Tcell_Qui_filtered_262,385.7604418637658,400.0,10.44894816676356,265.9399139787682,4476.026071391972,59.19291564066208,2063.307397461529,0.30558982009410274,0.3516336642800534,2.289189304901133,3.778688285639833,0.16014695657825967,0.2356923704502145,15689,Tcell_Qui_filtered
Tcell_Qui_filtered_263,1742.1325368009595,400.0,46.69817401375953,1090.4891920364241,4275.840462688759,61.50247733628723,1892.1025605329544,0.3295775062626139,0.3547931347065894,2.1416465053985014,3.5944456579248434,0.19329298467330752,0.2492390567628786,63805,Tcell_Qui_filtered
Tcell_Qui_filtered_264,4877.536689549466,400.0,72.3928042702382,2209.7756508641855,3919.2147795311057,68.82068201984715,1497.2671665145388,0.3915582485700315,0.3536348806082856,1.7967550008225193,3.2030984282569026,0.2494241487525727,0.27050944639583946,123514,Tcell_Qui_filtered
Tcell_Qui_filtered_265,3988.9303768585005,400.0,59.5793617354512,1759.7034903991253,4158.887247097302,69.3891882657229,1550.6258985127065,0.3740373125039319,0.3445418440014683,1.8325557284560323,3.3684294773528656,0.23713808514986104,0.26016319976764507,103204,Tcell_Qui_filtered
Tcell_Qui_filtered_266,2360.7060763958716,400.0,54.661099282926614,1327.0205928102014,4246.007968974407,64.01521284396345,1783.9777816396445,0.34300809973087576,0.35251460262804735,2.044574223041254,3.521684719761212,0.20426363233818692,0.25080831315357305,77930,Tcell_Qui_filtered
Tcell_Qui_filtered_267,896.4649076664921,400.0,23.46032142036547,555.4281776148347,4309.924983566657,61.74455383488434,1895.7592471847495,0.3332058124674881,0.3525842730404119,2.105137718610453,3.586033189770161,0.1877879878382848,0.2597668521086795,32651,Tcell_Qui_filtered
Tcell_Qui_filtered_268,5746.543434464597,400.0,71.92868655020446,2323.2184307380926,3981.063098821392,71.21081799506435,1430.9587732312793,0.4023254309981604,0.3465528800332659,1.7136501837327012,3.174722166458193,0.2644224868050539,0.271931843932716,133180,Tcell_Qui_filtered
Tcell_Qui_filtered_269,498.68421788480475,400.0,11.640856458050575,271.8984083508097,4320.042278758222,64.71521688997,1783.1784158813161,0.33743703400989905,0.3477346778110904,2.0501488900177707,3.5916080363288083,0.2050636065504897,0.2499978332959132,16311,Tcell_Qui_filtered
Tcell_Qui_filtered_270,2181.39045584523,400.0,51.05344025868597,1236.9151600094565,4325.969452617608,63.814962761889035,1820.6135083865424,0.34121341903064073,0.3506785231680418,2.04462285499049,3.546041537574453,0.19357592311032915,0.2568683620484209,73495,Tcell_Qui_filtered
Tcell_Qui_filtered_271,3773.297926987595,400.0,64.01018608792609,1742.357268214203,4147.690946340621,68.4106927182482,1583.8696090099309,0.3721116784176187,0.3484698127935409,1.8630392581416182,3.3571760252343807,0.22712661703006612,0.25802969168346845,102210,Tcell_Qui_filtered
Tcell_Qui_filtered_272,6177.199993908448,400.0,86.06389979437523,2617.0781377605686,3964.4277958316325,70.2411261211284,1460.7335722649786,0.39794501139510063,0.3481411292382927,1.740453455416492,3.193661375383322,0.25652176579220015,0.26871509924595377,149281,Tcell_Qui_filtered
Tcell_Qui_filtered_273,868.7820080359148,400.0,22.731775107698304,526.3029271900439,4387.380027871472,62.2744885346497,1904.25950958174,0.3262864551187965,0.34730392039240143,2.117584672091271,3.670324234137769,0.18648441500395269,0.24988466108427296,31505,Tcell_Qui_filtered
Tcell_Qui_filtered_274,4325.883854304391,400.0,65.13756469611609,1920.8862905607825,4146.536092501924,69.24992842677675,1552.062529960983,0.37764121413883445,0.34777977245077546,1.8321249052204387,3.3254849665943054,0.23848810885930688,0.2609627909265932,112326,Tcell_Qui_filtered
Tcell_Qui_filtered_275,5134.108065781608,400.0,70.9559707247065,2130.9138166490734,3943.1429057411506,70.6688589362359,1439.2442437736875,0.4004168302860231,0.34841516874735895,1.7310709790447907,3.1765882802383376,0.2600204320364445,0.2676966030776675,121767,Tcell_Qui_filtered
Tcell_Qui_filtered_276,1316.5439743352663,400.0,34.55067338481443,793.1190057234679,4470.2480244204635,62.40541673147305,1930.1927827763243,0.3233757307901015,0.3515704266384232,2.162893111509914,3.658956339984253,0.18996182034823297,0.24608992104784408,48176,Tcell_Qui_filtered
Tcell_Qui_filtered_277,2850.630507145002,400.0,82.03680564883298,1583.0331104666884,4298.398429741085,64.2951462492901,1791.9174579590263,0.33863469826908615,0.3491289339687411,2.0510891198373113,3.5738931825049556,0.20279203285647132,0.25136957670208987,97260,Tcell_Qui_filtered
Tcell_Qui_filtered_278,1182.535732254588,400.0,28.87282475894093,687.4627184304468,4381.727667511877,63.23725732614328,1863.7922963811486,0.33267868371436427,0.34623042254420644,2.070476930677734,3.6344360710762817,0.1918715695210671,0.25498367780557946,41168,Tcell_Qui_filtered
Tcell_Qui_filtered_279,3809.40184486713,400.0,64.162262963241,1802.7646263346326,4090.1034684405336,67.87756322651282,1585.3511535260675,0.3756150064296872,0.3520946597831614,1.8648617793988218,3.3127374666556455,0.23005917765527775,0.2613024327286195,103935,Tcell_Qui_filtered
Tcell_Qui_filtered_280,1538.6423250089797,400.0,42.445185842510114,992.0368938016916,4241.3666716883745,60.799579558411466,1905.8318860048994,0.32818682365013735,0.3549196015237901,2.151488303005996,3.602724926290457,0.1863307362913969,0.24916161087159627,57509,Tcell_Qui_filtered
Tcell_Qui_filtered_281,5815.614880187664,400.0,75.80530593365165,2519.4041292048314,3913.0608868833783,69.77326474761742,1461.8836135332424,0.396507664547622,0.3532980345160272,1.7726368745617105,3.1741485214633096,0.2612404342673543,0.27187331121751834,140478,Tcell_Qui_filtered
Tcell_Qui_filtered_282,4667.474141701733,400.0,75.27918762029185,2052.368936305471,4121.256217246735,69.4580823914997,1536.543007872693,0.37888054032114427,0.3481376203975836,1.828010984529611,3.3153499698336493,0.24414422454743512,0.26320631297138786,120869,Tcell_Qui_filtered
Tcell_Qui_filtered_283,1775.625215819361,400.0,20.09932096469491,421.8163409730372,4676.038326274748,80.80420661613582,1220.8194821265445,0.4038519678468778,0.3074789556206455,1.5146885362681284,3.377000296416723,0.2883522150998755,0.2180437257205935,31623,Tcell_Qui_filtered
Tcell_Qui_filtered_284,1318.638303948754,400.0,33.32235875047607,825.7407689822574,4317.670144830439,61.49277991910235,1908.5858647134794,0.32739056726907406,0.3569308265212117,2.1689425056051674,3.593597886190071,0.19570013546563855,0.25249712217476694,48226,Tcell_Qui_filtered
Tcell_Qui_filtered_285,3068.1088465934013,400.0,60.5202832038576,1557.498516397583,4147.218191950607,66.32877816524224,1661.7341500440878,0.36114752529975175,0.35227067862011807,1.9405373109712534,3.4047459089504515,0.2201973905252351,0.25976874745486017,90641,Tcell_Qui_filtered
Tcell_Qui_filtered_286,3819.0944462281786,400.0,65.58214844287758,1858.932613491327,4104.795377098398,67.26094127520487,1612.9151341417394,0.36848075093236443,0.35340290592318707,1.9080311264020184,3.350440369435979,0.22904133191809772,0.2583411052390582,106822,Tcell_Qui_filtered
Tcell_Qui_filtered_287,3540.103428913997,400.0,60.15311589741002,1720.9177063685042,4155.479572336368,67.28928354179486,1628.4442745527645,0.36416271740251643,0.34940591962069656,1.9088197595381797,3.4031602349108474,0.2269008938847826,0.26039719767495667,99620,Tcell_Qui_filtered
Tcell_Qui_filtered_288,3467.3813453736066,400.0,60.869566042731634,1730.7609889011687,4068.577109232522,66.70424013807545,1621.4806246395942,0.3701990727542976,0.3514232623912651,1.8885362445306362,3.3515360945387167,0.22274605830726693,0.26367530657157867,98428,Tcell_Qui_filtered
Tcell_Qui_filtered_289,6991.12042222101,400.0,88.01418428183716,3037.6072942376873,3941.5857710493115,69.71094060862274,1472.7130175896923,0.39937880195187264,0.3500114805863997,1.7435219709329792,3.1743551768032625,0.2586603982611754,0.27197233364878576,169426,Tcell_Qui_filtered
Tcell_Qui_filtered_290,2956.4342500910584,400.0,53.68630943253238,1488.043786286436,4286.641367230284,66.51926786212049,1701.275985322389,0.356472609842149,0.34971414971219106,1.9517185212533155,3.4515793279897635,0.21434530406710967,0.25841917838247846,87827,Tcell_Qui_filtered
Tcell_Qui_filtered_291,6671.623966856324,400.0,75.78978981437334,2739.756035382459,3960.5385588185677,70.88890221486409,1436.5118615351425,0.400997612020255,0.3456570594394628,1.7148802129780758,3.1879988041737963,0.26349018255418943,0.26943484710718413,154242,Tcell_Qui_filtered
Tcell_Qui_filtered_292,4959.9323969636935,400.0,75.33894454397894,2140.1326602700437,4046.399983603895,69.85756266994176,1499.1138298610585,0.3904229213067708,0.3468950147049818,1.7676362385257103,3.2484178345340626,0.24655332780219041,0.26557143030360975,124315,Tcell_Qui_filtered
Tcell_Qui_filtered_293,6901.832774387469,400.0,91.44748155692773,3141.272892077263,3901.065220907394,68.72209656653926,1495.059798937894,0.3976028577461159,0.35413165679831177,1.771925257412354,3.1627483401982084,0.2543945775497225,0.27576646691732765,172601,Tcell_Qui_filtered
Tcell_Qui_filtered_294,3819.7189178886033,400.0,61.417638459571045,1734.6684618022387,4128.9206814769705,68.76940077775436,1564.564273347504,0.3779596710545302,0.3501824920207165,1.8432282217384472,3.3091359953122903,0.2366496725802737,0.260434333843114,101276,Tcell_Qui_filtered
Tcell_Qui_filtered_295,1383.576183665808,400.0,33.95321825055974,810.7272055781459,4411.371825877772,63.05309422789155,1882.0777686759668,0.32299900879409754,0.3462293187301275,2.132518445063031,3.700695542090425,0.19062693333368574,0.2483426961362081,48703,Tcell_Qui_filtered
Tcell_Qui_filtered_296,954.4478452456224,400.0,24.25177952880553,550.0021666984765,4299.79148600255,63.44164562917276,1825.699591176162,0.33395228986854103,0.3535421333061346,2.106138354713587,3.574371142703877,0.19918723038444225,0.25010456750105153,32786,Tcell_Qui_filtered
Tcell_Qui_filtered_297,2566.093543564271,400.0,51.516792873185224,1183.232243309484,4377.664907099938,68.4414662643632,1655.2927215977206,0.35708290731719533,0.34433049799842946,1.9183885482462937,3.4822852157740853,0.2206343029353911,0.25257037758557244,73576,Tcell_Qui_filtered
Tcell_Qui_filtered_298,629.0928345231592,400.0,16.803161190792615,389.81846480472774,4407.302811740249,61.7416682824239,1933.1272026433385,0.3170516978904154,0.3513195142382993,2.204460568564548,3.703420157085692,0.17670913916740846,0.24232491112555893,23335,Tcell_Qui_filtered
Tcell_Qui_filtered_299,2487.9906092110728,400.0,55.07591018805158,1398.111444277411,4193.57642403464,64.02278105325743,1764.8232959869497,0.3504914447435821,0.35372257108969624,2.0077770982857333,3.464617126905894,0.20483183811935898,0.2564934223628675,80920,Tcell_Qui_filtered
Tcell_Qui_filtered_300,8007.034095337611,400.0,93.39707963135213,3350.3251699055577,3960.8329026019896,70.50084362340698,1450.4156662477367,0.40194479967572205,0.3475414760543418,1.720166049172891,3.171745069776106,0.2668405988972584,0.274108294305517,188084,Tcell_Qui_filtered
Tcell_Qui_filtered_301,4270.210582185886,400.0,66.83663786677397,1964.1296692829114,4126.590668970216,68.49498760000841,1574.0628523559965,0.37512565169366985,0.35076891658648846,1.8602635778729928,3.323820184233919,0.22985976872357908,0.26043644944676997,113841,Tcell_Qui_filtered
Tcell_Qui_filtered_302,848.6772607155805,400.0,22.643197946925486,545.459912527732,4339.603850418063,60.874731482930244,1941.3805849848864,0.31755913063150265,0.356004733309487,2.2302898737961834,3.6651009018498293,0.1927770740039664,0.2473184529740005,31993,Tcell_Qui_filtered
Tcell_Qui_filtered_303,3944.445293800228,400.0,60.82240060401034,1771.986723886833,4133.0711584800565,69.0018753235554,1557.1820519660428,0.3763663322818203,0.34765497840765663,1.8376712911801192,3.334486821713757,0.24212835782350367,0.2627425305643119,103333,Tcell_Qui_filtered
Tcell_Qui_filtered_304,626.631529661649,400.0,16.424733353725962,388.47945465596666,4414.722684401823,61.73034666577736,1936.420453650975,0.32301539593026785,0.34982449162356066,2.1545527611831825,3.6741630195521764,0.17917027262464685,0.24839388006405064,23216,Tcell_Qui_filtered
Tcell_Qui_filtered_305,4866.89979843083,400.0,72.26958797668104,2348.8941125235874,3977.1461652967464,67.44787695560856,1564.4370212051272,0.38306866625203445,0.3550344674764861,1.8438433969206627,3.2482142322846586,0.2381322411240243,0.2697437896357345,130210,Tcell_Qui_filtered
Tcell_Qui_filtered_306,644.4027508070491,400.0,18.7881731990025,410.11602091647046,4300.059099639133,61.108703617843496,1916.7835435199202,0.3159776826169182,0.3569620902514081,2.247479975856568,3.6684331111938513,0.18819317015619447,0.23999389151916378,24285,Tcell_Qui_filtered
Tcell_Qui_filtered_307,2287.2699673820725,400.0,49.77763391400547,1264.1355905864968,4350.736711232774,64.40464007975503,1806.2789518645557,0.338482246389006,0.3474833081009952,2.0423407252591472,3.586301257428729,0.2001578102467224,0.2523477253529869,75185,Tcell_Qui_filtered
Tcell_Qui_filtered_308,3885.0255518511503,400.0,61.750253326275924,1606.666757046176,4147.180650489536,70.7436857953031,1496.286944924824,0.38485720064329904,0.34441866078157884,1.7803984265089978,3.298495296881182,0.24799151766892336,0.26401860908937724,96621,Tcell_Qui_filtered
Tcell_Qui_filtered_309,2880.174755771654,400.0,53.98081364738072,1375.4543830548714,4310.329107632494,67.67917649341625,1663.85056940447,0.3590023087914981,0.3439037494253428,1.9057670496998234,3.4721718305783758,0.22055901169042927,0.25635654165856736,83023,Tcell_Qui_filtered
Tcell_Qui_filtered_310,2115.4683252932764,400.0,49.80388043207551,1287.7817842074628,4351.96729503176,62.160236750969155,1895.4150681191466,0.3264989142320311,0.3530756502060703,2.151375263676458,3.6271439521328634,0.19340655000020646,0.2467202863309785,75455,Tcell_Qui_filtered
Tcell_Qui_filtered_311,2715.21169312453,400.0,63.815565379266026,1512.80491812312,4182.641374420824,64.21951337422242,1753.447491075772,0.34995430836518,0.35639553873069585,2.026054199399201,3.4505369936117236,0.20364463353068532,0.25515965991985096,88352,Tcell_Qui_filtered
Tcell_Qui_filtered_312,1303.6537604601378,400.0,27.340217798377253,708.3477579036078,4131.616424259041,64.7938755791959,1713.7575212317988,0.3533876323879361,0.35387378164480016,1.9921736224474416,3.444799971430536,0.21900698084544154,0.257242284668024,40668,Tcell_Qui_filtered
Tcell_Qui_filtered_313,6394.947318639457,400.0,82.94790572294097,2613.945981414298,3976.0587174283614,70.98482694429626,1437.5996254354193,0.40310894636534966,0.3451523324188169,1.7034073641708696,3.177371888004038,0.26442175227102027,0.27271768735321134,149806,Tcell_Qui_filtered
Tcell_Qui_filtered_314,3633.72555605246,400.0,66.80464450165013,1838.8194377472153,4113.492271709107,66.39919014223594,1647.7634772997403,0.3646847391793446,0.3518157984556664,1.9192338397558013,3.3847016971840236,0.22393546200244088,0.2618230766083823,105552,Tcell_Qui_filtered
Tcell_Qui_filtered_315,1655.2010949734797,400.0,41.10992957051529,975.8101417151447,4343.913603640856,62.91121344873868,1862.749698220516,0.3327393244131257,0.3527424368198096,2.109034698452472,3.5880180634943994,0.1941513822556434,0.2473254422385286,58013,Tcell_Qui_filtered
Tcell_Qui_filtered_316,2292.014758393133,400.0,54.66128310643859,1313.4836809374738,4245.6883352317145,63.569983372913796,1800.9848999508288,0.3417318941024529,0.3536301850679783,2.0587042412259033,3.5225116538780035,0.19980421483944563,0.2542153360729801,77041,Tcell_Qui_filtered
Tcell_Qui_filtered_317,6672.289515523089,400.0,81.88129099617747,2814.194328807026,3952.091208112953,70.33469539413156,1453.7386767649793,0.4012031997231746,0.3489484488266364,1.7303223950272657,3.1687397573230633,0.25780501955614715,0.2718829703017866,158197,Tcell_Qui_filtered
Tcell_Qui_filtered_318,3896.480114808246,400.0,63.09947880933642,1822.5860093261037,3995.156332118551,68.13140520206917,1545.7258038350135,0.3844291387277326,0.35082125237092493,1.815514578359864,3.264086993984052,0.2388393004045528,0.2709569202798255,103293,Tcell_Qui_filtered
Tcell_Qui_filtered_319,3145.4874669904625,400.0,61.00812917197995,1612.3928868683556,4229.35855829892,66.11110900338961,1697.727147691292,0.3546809899139363,0.3486063932478221,1.955363843023095,3.4705623870193625,0.21720131171988705,0.2573704193338551,94609,Tcell_Qui_filtered
Tcell_Qui_filtered_320,3510.0629290101574,400.0,64.47666084452575,1635.4617956490147,4172.469309263715,68.21584030465729,1599.047669714172,0.3692012797360661,0.34765803116347405,1.8733512450450591,3.381101746751744,0.23371981626266736,0.2614589926976363,97055,Tcell_Qui_filtered
Tcell_Qui_filtered_321,2543.9840005230058,400.0,54.43531677035152,1404.3808490367396,4174.434233217459,64.4313303722848,1742.5160427285032,0.34995000235208523,0.3519559129746389,2.000840224455028,3.4797879894918538,0.2077095330991796,0.2576061047691122,81056,Tcell_Qui_filtered
Tcell_Qui_filtered_322,4782.044846803588,400.0,71.61654446369292,2041.2990956074127,3986.0101746730766,70.083596652375,1472.8052679420696,0.39404140717240405,0.34971998596862813,1.7656667374230672,3.209510828413905,0.25247060133711796,0.2662519370214363,117590,Tcell_Qui_filtered
Tcell_Qui_filtered_323,1945.4845058280143,400.0,52.99743768949483,1250.3678141489484,4260.688855989242,60.87529432029696,1910.483152114886,0.3269221832119812,0.352829379732395,2.147091216812848,3.626096307855338,0.1879495753954062,0.25055635956656075,72638,Tcell_Qui_filtered
Tcell_Qui_filtered_324,3685.996085202018,400.0,70.78699033241654,1893.3707672322068,4063.1566731697067,66.06477370445452,1643.100506600515,0.3690220792900525,0.3547876890232144,1.9126976956510275,3.3384873527523933,0.22106780716604946,0.2627548890327838,107934,Tcell_Qui_filtered
Tcell_Qui_filtered_325,2537.50681342952,400.0,54.86248180619491,1383.0302256097102,4182.434429894874,64.72344957239234,1734.3123890530592,0.3483076210354437,0.353160768576133,2.017156625009105,3.482575873150799,0.2059008882577944,0.2539840995684675,80324,Tcell_Qui_filtered
Tcell_Qui_filtered_326,4572.289569964921,400.0,71.79138324597822,2019.7396600684788,4112.190434999321,69.3608813069804,1537.3824334903622,0.3776921522655062,0.34607565332411006,1.8229016204038673,3.3353127183011715,0.24041474280056355,0.2610287079990599,118222,Tcell_Qui_filtered
Tcell_Qui_filtered_327,8484.269383752255,400.0,92.76169105432163,3368.727613058613,3884.7691878162022,71.57910683715694,1390.4025278409167,0.41399301179521875,0.3480063354309715,1.672338872066891,3.094082404850656,0.27304023286002094,0.2747686709479351,188409,Tcell_Qui_filtered
Tcell_Qui_filtered_328,8832.00449485598,400.0,83.52589332033533,3226.8994892721385,3889.01298305012,73.24052423404838,1333.6415836702024,0.42552106589005756,0.34621332295474205,1.6186496430342012,3.0321859622100074,0.2861765247104145,0.27742972795693155,182728,Tcell_Qui_filtered
Tcell_Qui_filtered_329,7632.484958409504,400.0,85.01596927040778,3052.912889201528,3912.5268026902754,71.42911351790165,1403.560045449917,0.40841031962421004,0.3486803283090103,1.6984817456481542,3.125178765570804,0.26933828647061053,0.26936387861494226,171488,Tcell_Qui_filtered
Tcell_Qui_filtered_330,9520.097365309359,400.0,95.83744038682562,3539.0876679615176,3740.201701916275,72.8996284305262,1305.2070723891982,0.4340775767025199,0.3491009652596028,1.5999773785048201,2.9660237146444866,0.2924224464673677,0.28165356883856996,195464,Tcell_Qui_filtered
Tcell_Qui_filtered_331,4682.824042839721,400.0,61.57222426178555,1820.1698120341248,3962.0989329788886,72.0102793781675,1397.021539614067,0.4103401664871311,0.34679899370971606,1.6813725116380795,3.1231117069482135,0.26506875989254686,0.2709683380603817,105875,Tcell_Qui_filtered
Tcell_Qui_filtered_332,5321.325345892956,400.0,65.14323780631992,2050.908775855763,3800.7687484536345,72.1806342285657,1346.072297172945,0.4211215506678752,0.3483387222348562,1.6456005821260988,3.048469409269071,0.2765089169575129,0.2767224446623626,115499,Tcell_Qui_filtered
Tcell_Qui_filtered_333,5187.952134858798,400.0,41.883927319130706,936.2908633968177,4552.0427345575235,84.71172904694501,1034.775543345788,0.4653946578893483,0.29879576712974015,1.277271411142293,2.99696028264776,0.3472966677192757,0.22460884133831605,74223,Tcell_Qui_filtered
Tcell_Qui_filtered_334,6775.000419874709,400.0,69.8610732308147,2281.382908278315,3898.1012318420544,74.80911722026696,1281.2025808297296,0.4327274244853389,0.3425157181666196,1.5746942113075773,3.0061680290025237,0.2916111638230948,0.27133409391473245,133946,Tcell_Qui_filtered
Tcell_Qui_filtered_335,4779.87114864308,400.0,49.16051136255595,1268.04726112315,4196.8335766469145,79.03332725065377,1196.0696708528565,0.4411259804516003,0.3282915817429692,1.48056423576437,3.021871197272247,0.30555792736557935,0.26057919355613307,84680,Tcell_Qui_filtered
Tcell_Qui_filtered_336,8436.34056404961,400.0,96.02965046723311,3478.034209051943,3901.8602078516096,70.80808455929962,1422.2600707275767,0.40706701698077075,0.34855018319297154,1.7034506069232687,3.1342349232209417,0.2702107144017361,0.27298542387353963,193679,Tcell_Qui_filtered
Tcell_Qui_filtered_337,6068.350263001788,400.0,81.77058769820445,2587.9326065170835,3876.5018662581156,70.10341915200232,1439.3551911280058,0.40462197949913936,0.35205059882447004,1.7309549363437196,3.1306577158723536,0.2613832193873919,0.2737604703322904,144606,Tcell_Qui_filtered
Tcell_Qui_filtered_338,4755.576982443394,400.0,45.50846140644049,904.3384282311342,4944.606404854083,84.02205046164535,1126.1349180844186,0.42531193504670256,0.2959497364528298,1.3843328737659157,3.2839093456709096,0.3157195963054711,0.20448732284433696,74756,Tcell_Qui_filtered
Tcell_Qui_filtered_339,7908.425531259205,400.0,99.35106881264755,3249.40859338048,3947.4916753008247,70.87778365332696,1433.1082005613218,0.4047511243526013,0.3483191827258713,1.7120619427933177,3.1499322262217095,0.2657146669655604,0.2715813128334938,184405,Tcell_Qui_filtered
Tcell_Qui_filtered_340,7509.669491218656,400.0,97.67281628531022,3227.0450631229633,3861.514414980215,69.94383107802713,1440.3986198248942,0.40573246104235566,0.35020200015030994,1.7171530736473415,3.1337030888083577,0.2644320163345394,0.27562521041111193,178739,Tcell_Qui_filtered
Tcell_Qui_filtered_341,8357.330038607683,400.0,96.06226967362463,2982.6748767952486,4072.7385298913623,73.69776381010264,1366.0123627693902,0.4121229247874926,0.33885120151952286,1.6357329467375679,3.1536781865399885,0.2796745220865457,0.26535802453150725,178742,Tcell_Qui_filtered
Tcell_Qui_filtered_342,8927.807628385468,400.0,97.04835034263226,3284.836563040038,4042.6609138269373,73.10298644951662,1379.7669995901927,0.41426765200111265,0.33960063972396665,1.6308635319507758,3.1361076947928104,0.2800401646427933,0.275785538700936,192919,Tcell_Qui_filtered
Tcell_Qui_filtered_343,8516.387883859363,400.0,92.42852022589565,3223.1258110732547,3943.398916498971,72.54463945585307,1372.8529480421885,0.41699481641274294,0.3460073597231476,1.6507633751856776,3.0858259241947237,0.27890167640098684,0.27434069102412806,184602,Tcell_Qui_filtered
Tcell_Qui_filtered_344,7851.403735664774,400.0,89.43095312224925,3023.4466895413166,4022.896216428582,72.19780896909192,1407.2445269430157,0.4042469845234868,0.34324982964240797,1.6892490604301034,3.180444136101588,0.2722571019063635,0.26937497255642584,175369,Tcell_Qui_filtered
Tcell_Qui_filtered_345,2793.197132327445,400.0,30.6920654639109,1043.6321770112022,3820.629279668987,72.79961935051281,1330.424184677776,0.42440524238901084,0.3463099881035142,1.623358436223363,3.0385501335126373,0.2888855520395565,0.27765032641356846,58866,Tcell_Qui_filtered
Tcell_Qui_filtered_346,5891.800928106549,400.0,70.24719727555251,2187.3884975991346,4051.3549104453236,72.92564411672926,1388.5808230152488,0.40628299478183993,0.34529501600061785,1.6907983267612083,3.156552898677231,0.26926477017710704,0.2626148041864668,129529,Tcell_Qui_filtered
Tcell_Qui_filtered_347,8147.49770774776,400.0,81.34410168347816,2753.366156785461,3969.2605134147093,74.74176183647478,1301.5323211549505,0.4276591780261278,0.3388725086429228,1.5764082007254716,3.0554421964647727,0.2887780362877086,0.2746330161180898,162794,Tcell_Qui_filtered
Tcell_Qui_filtered_348,8100.614144778534,400.0,95.40288536352692,3356.1375699260707,3916.9275336760834,70.70602860653331,1430.2477456440251,0.408178528925437,0.34741192740457877,1.6932641484439088,3.133362665089384,0.2655337943460354,0.2755707243621137,187739,Tcell_Qui_filtered
Tcell_Qui_filtered_349,7020.773484072776,400.0,83.12280753536294,2676.585614223993,3978.5100378715083,72.39881923425828,1387.7110242731278,0.4127104905070993,0.3445852768934684,1.661044830327059,3.119917791695039,0.2723502238959655,0.271387955941228,155232,Tcell_Qui_filtered
Tcell_bckgrnd_filtered_0,1568.8660932490006,400.0,42.89274017266198,963.6911658035482,4655.204742024376,61.947902170469646,2019.1946712819301,0.302319747974063,0.3425244178789757,2.254006503066329,3.873583605980442,0.17753718480103275,0.23603076172284657,60212,Tcell_bckgrnd_filtered
Tcell_bckgrnd_filtered_1,1367.2689050713982,400.0,42.00880452476241,925.1471325422619,4524.367096663013,59.64313992911541,2064.4650580098973,0.29409876003287816,0.3496699219222934,2.3653489952774964,3.873080257394476,0.17332965663058683,0.23662103903103637,56236,Tcell_bckgrnd_filtered
Tcell_bckgrnd_filtered_2,1369.5010092533203,400.0,38.54124948632354,914.3597448716835,4607.166690263226,59.964295405479106,2084.3688279128664,0.3004944671837282,0.34513326122772753,2.284969880836198,3.8654671673639234,0.16029510982525644,0.2354246033381902,55760,Tcell_bckgrnd_filtered
Tcell_bckgrnd_filtered_3,1516.709974540698,400.0,43.48325978104084,964.4645521036631,4633.906396583562,61.128709740219556,2045.7740447434069,0.29840813934418087,0.34343251354216026,2.2896067056362184,3.8939504143092956,0.17077527342230517,0.23471853695557837,59943,Tcell_bckgrnd_filtered
Tcell_bckgrnd_filtered_4,1406.2502769847756,400.0,42.19712465480807,949.3733104095147,4559.33095805576,59.697580059483144,2076.311029431555,0.2974350340261672,0.35016283646785556,2.342114240736822,3.846103645753019,0.17304656581144726,0.2410134935896421,57845,Tcell_bckgrnd_filtered
Tcell_bckgrnd_filtered_5,1406.8686085267182,400.0,40.39127782390351,892.2149416664844,4618.45051927974,61.19258294934487,2037.0716860924158,0.3012603456720728,0.34662011783634805,2.2889796948583268,3.84816396166274,0.1750906381657803,0.2347667545015106,55377,Tcell_bckgrnd_filtered
Tcell_bckgrnd_filtered_6,1371.574856442559,400.0,38.872223604380366,897.6199816678933,4585.680422876295,60.44323887078215,2055.719606509612,0.3021706105508381,0.34634013267973285,2.2802409542161826,3.844061343652376,0.17592066723951397,0.24109298530030465,54893,Tcell_bckgrnd_filtered
Tcell_bckgrnd_filtered_7,1409.6110308078821,400.0,40.270461423186354,915.8203198456592,4665.163260475656,60.61718529819097,2079.7413436027637,0.2955727830804574,0.3447374322562356,2.3203534608535032,3.9032992948398655,0.17128601881549435,0.23367514390373362,56838,Tcell_bckgrnd_filtered
Tcell_bckgrnd_filtered_8,1498.24233331161,400.0,44.47683814262638,944.8470576404573,4569.320299029937,61.325727124857586,2012.4543094855412,0.3045270711457969,0.34632993650256144,2.26252961385719,3.827726984846404,0.1724793957386976,0.23438684821678826,58598,Tcell_bckgrnd_filtered
Tcell_bckgrnd_filtered_9,1279.3897395997265,400.0,39.20825876907452,857.53392226166,4584.6428390694755,59.87063377291179,2079.270650185812,0.2999468281253719,0.34880554841445455,2.3134986772070496,3.8397428023457105,0.1636766411068682,0.2332043778241273,52708,Tcell_bckgrnd_filtered
Tcell_bckgrnd_filtered_10,1373.1225450333031,400.0,39.910836751588796,852.6891119603753,4560.48978833062,61.69086861949178,1993.8474990842058,0.304671387695429,0.3461357768128548,2.2601900804265034,3.8282589011172985,0.17474651546683756,0.23740506188759933,52863,Tcell_bckgrnd_filtered
Tcell_bckgrnd_filtered_11,1371.433937290973,400.0,41.017118233788175,855.7505731086216,4631.0302291343505,61.577023856227996,2025.6877355760735,0.30287808806674105,0.3438322154442071,2.258441549514,3.8591529775985935,0.1806480233227873,0.23647323354116512,53767,Tcell_bckgrnd_filtered
Tcell_bckgrnd_filtered_12,1446.704768794155,400.0,40.7712086749612,940.6189791719177,4664.0805714075805,60.59943776065997,2080.0717194730496,0.3005661320359863,0.34452736177235804,2.280414641407244,3.8698478051817373,0.1672861840940798,0.23254932935039385,58245,Tcell_bckgrnd_filtered
Tcell_bckgrnd_filtered_13,1430.1818101399538,400.0,40.47893247521861,907.3746109701071,4615.851717730607,61.18277177073603,2036.476783078835,0.30045934680053277,0.3475167362892392,2.3010187142020118,3.846541490846509,0.17507965267830503,0.2392857492139807,56174,Tcell_bckgrnd_filtered
Tcell_bckgrnd_filtered_14,1412.8250819084635,400.0,37.8309272416888,852.7023789987616,4772.256364027394,62.361860815525105,2045.6359357946922,0.29549559922078633,0.33889703840259716,2.28163883841282,3.952105379787111,0.18109979165324355,0.23497924038762658,54269,Tcell_bckgrnd_filtered
Tcell_bckgrnd_filtered_15,1658.2304281801783,400.0,49.72699384780954,1052.382310535342,4438.121130462472,61.175482742177515,1967.781035188179,0.31157916784107714,0.3507828205235956,2.2397525894014207,3.744565453333171,0.18437861248579832,0.24240453220385527,63988,Tcell_bckgrnd_filtered
Tcell_bckgrnd_filtered_16,1477.2159949673035,400.0,43.18913829254312,977.8324877834107,4595.029384151103,60.17054267344585,2070.8574383968707,0.2959531114489281,0.34594161995934614,2.325466294651928,3.8907443686986074,0.16416315609817386,0.23291287359953192,59974,Tcell_bckgrnd_filtered
Tcell_bckgrnd_filtered_17,1410.0575325024781,400.0,43.65455663429829,923.9371966457941,4591.943146173809,60.413912460592414,2059.426283446561,0.3035829090168437,0.34784519008920994,2.2794959708340374,3.8222754503921785,0.17427825776807265,0.24420791177343115,57276,Tcell_bckgrnd_filtered
Tcell_bckgrnd_filtered_18,1384.2659268424543,400.0,40.54142172371655,844.8912310211903,4653.985965799987,62.09817562477704,2012.3382897041436,0.3032416019665711,0.3452859806305603,2.265271743772155,3.8449923068999334,0.1734676951921119,0.23527625553033216,53407,Tcell_bckgrnd_filtered
Tcell_bckgrnd_filtered_19,1283.6514200700035,400.0,39.09404847768361,850.8570455824814,4581.670735243028,60.13803368437857,2066.8961799127746,0.29713362342291894,0.3438599167899174,2.302289322638716,3.899477643927197,0.17138517669161518,0.23559364829113988,52377,Tcell_bckgrnd_filtered
Tcell_bckgrnd_filtered_20,1299.8226843365867,400.0,39.96914494253101,818.9584703155598,4626.1722932268485,61.34766120052576,2033.514433027551,0.3008345549359465,0.34534766678285767,2.283804642449044,3.861356280334036,0.1729669848575244,0.23871646546712852,51505,Tcell_bckgrnd_filtered
Tcell_bckgrnd_filtered_21,1318.0190454234396,400.0,40.76969815353104,863.5630742533925,4660.355303842965,60.415742938830284,2086.429995192378,0.29199652508406754,0.3418364769646599,2.3290073838370557,3.952775687599796,0.16829026275256986,0.23039699944993874,54066,Tcell_bckgrnd_filtered
Tcell_bckgrnd_filtered_22,1379.8791873201385,400.0,40.2847603867551,869.7026018894982,4653.440168244442,61.339365118391285,2044.4069733526674,0.2968487708779971,0.34397816514262886,2.3052910551139623,3.900523307314531,0.17033664448264388,0.23037283240091097,54478,Tcell_bckgrnd_filtered
Tcell_bckgrnd_filtered_23,1410.0582837136728,400.0,38.86795955410083,871.9812281749478,4696.555040221229,61.78938955122234,2041.7399091362558,0.2890924816671291,0.343918778937024,2.3667328433406607,3.9559595378689214,0.18023912959182148,0.23321247600145406,54778,Tcell_bckgrnd_filtered
Tcell_bckgrnd_filtered_24,1391.8427284877382,400.0,41.22905217657235,861.7403420909452,4647.313169059772,61.761323407986715,2024.1163465667564,0.2994071389587987,0.3434483270288971,2.2820722951604666,3.886752360957425,0.1829775831202259,0.2385640324671087,54305,Tcell_bckgrnd_filtered
Tcell_bckgrnd_filtered_25,1347.0342299699707,400.0,41.12190041200003,886.6117539035192,4620.611111478808,60.30652304328028,2075.3072989675925,0.2996746685048436,0.3455945327807942,2.294282933223152,3.8674926307322752,0.17347912602074037,0.2382955742951899,55013,Tcell_bckgrnd_filtered
Tcell_bckgrnd_filtered_26,1292.436258395259,400.0,39.777776061344916,832.280484753455,4608.716769958641,60.82863810259899,2048.611677197105,0.2987702884340853,0.34278342061334927,2.282509251777511,3.89667046537369,0.16880314827175055,0.2346657652931782,51913,Tcell_bckgrnd_filtered
Tcell_bckgrnd_filtered_27,1407.3055983220222,400.0,44.1414708376997,879.2464489075337,4568.04811489744,61.54706165674861,2002.7369717385648,0.3041839936354219,0.3462553191988554,2.264593419419431,3.8307070481876777,0.17520560327009688,0.23299166178648617,55129,Tcell_bckgrnd_filtered
Tcell_bckgrnd_filtered_28,1348.9070979859803,400.0,38.82126844140244,844.9696194721339,4678.618639956708,61.48509108337049,2047.9060720692578,0.29603336039210604,0.34669388783115296,2.3298913809490056,3.8840253252096426,0.17210791001156178,0.2363477656201737,53096,Tcell_bckgrnd_filtered
Tcell_bckgrnd_filtered_29,1286.3236223580466,400.0,38.788030008951594,903.7892663222328,4618.151313081636,58.733210922892695,2140.695605322631,0.2932166388565139,0.3492836081043851,2.3698438886166198,3.882343656422882,0.16093459063841464,0.23903985059387123,55040,Tcell_bckgrnd_filtered
Tcell_bckgrnd_filtered_30,1277.6181756367246,400.0,35.99995380620946,815.9505490018105,4627.980019473137,61.02585315690134,2047.8191412863316,0.29707374408461246,0.34671739112047345,2.321889251050427,3.8765700199736846,0.17104053810476008,0.22825978529652596,50486,Tcell_bckgrnd_filtered
Tcell_bckgrnd_filtered_31,1295.35467841526,400.0,39.85730367123131,850.4612526943971,4606.823964633822,60.36653282490071,2067.310195137356,0.2979892476307367,0.34801788300224534,2.323438127573863,3.8596380134603487,0.1733177365175233,0.23287151798001307,52760,Tcell_bckgrnd_filtered
Tcell_bckgrnd_filtered_32,1349.2758992575875,400.0,42.76070784436925,868.6325045163968,4617.256885478813,60.835510472915146,2051.667131243614,0.29626094145012094,0.34671026720062537,2.328211600202691,3.8823021914814815,0.17014473669708582,0.2340333816737561,54499,Tcell_bckgrnd_filtered
Tcell_bckgrnd_filtered_33,1312.6730409272336,400.0,39.106233023111784,844.2469666330264,4676.841335113168,60.858679799258155,2074.012161454327,0.29512330637941625,0.34685378318070376,2.3381537873343534,3.889070218584291,0.16981458325620746,0.2308878194960347,52942,Tcell_bckgrnd_filtered
Tcell_bckgrnd_filtered_34,1309.9107096490334,400.0,38.10709718782279,833.2298472322647,4655.549922531131,61.121082583366245,2054.5117400045006,0.2936185561346114,0.34685182413119364,2.3501231945986043,3.8995964844537556,0.17485197806054154,0.22759554806836507,52057,Tcell_bckgrnd_filtered
Tcell_bckgrnd_filtered_35,1330.652378030845,400.0,40.87437226890644,855.67920326436,4650.942192703239,60.86233165248215,2063.7196570248966,0.2968867147524706,0.3459041099713465,2.3179021745568122,3.884509338034052,0.17353512154410006,0.23707944597191857,53706,Tcell_bckgrnd_filtered
Tcell_bckgrnd_filtered_36,1273.0843607429733,400.0,39.29565810906199,835.913204575461,4620.587660307929,60.364430081774536,2072.853973061346,0.2941852214429674,0.3453565038018441,2.3354841908524593,3.9079686027201777,0.1685678523258504,0.2355609638825764,51986,Tcell_bckgrnd_filtered
Tcell_bckgrnd_filtered_37,1300.366196482468,400.0,35.1032533209561,777.7572196113026,4776.151484139088,62.57406015503902,2037.8158219782615,0.3003285760865658,0.3362324377662964,2.2272711772738405,3.938914611922517,0.17187588257586672,0.23055253429846673,49699,Tcell_bckgrnd_filtered
Tcell_bckgrnd_filtered_38,1233.7157902365157,400.0,38.68206060581025,821.0144145421775,4570.144810704098,60.04271448228378,2066.2766685152624,0.3020999273230678,0.352421637580079,2.3208233683811588,3.796185757855661,0.16525667418313955,0.23580014582963896,50623,Tcell_bckgrnd_filtered
Tcell_bckgrnd_filtered_39,1318.0404052369365,400.0,37.36374327095726,838.7602204158349,4691.0069088902865,61.11090610603017,2068.733705795076,0.29594490110725796,0.3435983847194875,2.3097788288417664,3.9100357749355337,0.17141128481346626,0.23249532033565573,52471,Tcell_bckgrnd_filtered
Tcell_bckgrnd_filtered_40,1294.5063232464497,400.0,33.4407235211831,783.495785009032,4733.990152907959,62.295717511721385,2034.099890266595,0.29547141954937756,0.34283825836926823,2.3083621583308025,3.9196574603819245,0.1721099723700135,0.22707105542628755,49313,Tcell_bckgrnd_filtered
Tcell_bckgrnd_filtered_41,1237.993299017196,400.0,36.09583139047024,787.7541747229851,4657.1354088825365,61.11291338458206,2055.4759337877786,0.2943613595650304,0.34433766633313284,2.327200900732467,3.9151437353199454,0.1732109803252845,0.23976203861194373,49239,Tcell_bckgrnd_filtered
Tcell_bckgrnd_filtered_42,1054.486254929726,400.0,28.338719657350353,637.484386005378,4690.273719545364,62.32296408801405,2016.4479700356019,0.3069031818115337,0.344772430708133,2.234916410165464,3.8234297272738327,0.17442831957151894,0.23103971391109984,40102,Tcell_bckgrnd_filtered
Tcell_bckgrnd_filtered_43,1432.156478414377,400.0,42.26332972473435,899.934909027797,4588.2786571397155,61.410821468071155,2016.222328418317,0.3023015635951438,0.3434424891055486,2.260183885541211,3.8663419242430046,0.17739671868450174,0.23430647794896364,55972,Tcell_bckgrnd_filtered
Tcell_bckgrnd_filtered_44,1693.2281864464396,400.0,49.69297912249537,1143.2411333068883,4365.420794215213,59.69492335611408,1998.2658903610313,0.315988701404444,0.3538982896103971,2.228112187750746,3.691255590671819,0.18115871478425852,0.248105254441349,67389,Tcell_bckgrnd_filtered
Tcell_bckgrnd_filtered_45,1367.5477877076273,400.0,42.83406615790408,932.7375025158404,4564.823003782913,59.451225181497946,2088.784701393107,0.3004777211806822,0.3491311535117632,2.311566921269336,3.83347091195271,0.17098330360045377,0.23132422626780366,57090,Tcell_bckgrnd_filtered
Tcell_bckgrnd_filtered_46,1332.0022648874867,400.0,41.16866331449476,879.4217863154613,4564.325516699017,60.2327836745249,2056.0363367226555,0.30600507068040206,0.3493611099236314,2.2713082598919323,3.793639670771374,0.17853379594293453,0.24116310484212256,54172,Tcell_bckgrnd_filtered
Tcell_bckgrnd_filtered_47,1296.6895896021515,400.0,40.65238034073326,848.5983227371322,4564.449107536217,60.44361608266389,2047.3054770191038,0.30041702604162357,0.34694571297722815,2.297561407072896,3.851422444048009,0.17208585396990267,0.23438938562401282,52511,Tcell_bckgrnd_filtered
Tcell_bckgrnd_filtered_48,667.1032201354685,400.0,23.06088343778656,470.5352568190693,4481.131074249616,58.639298305144024,2087.9844493964547,0.29649423922951523,0.3570805261688204,2.3959626909323295,3.7967477362158237,0.16630017569896388,0.23022051897931348,28626,Tcell_bckgrnd_filtered
Tcell_bckgrnd_filtered_49,850.5917753405728,400.0,26.440111764891583,557.4359891086838,4615.7204884652,60.41015644839061,2068.997145956516,0.3007909165970419,0.346772276809597,2.293558371287813,3.850212826624782,0.17449680980205487,0.24066163330112855,34697,Tcell_bckgrnd_filtered
Tcell_bckgrnd_filtered_50,554.5107754996249,400.0,17.551635068002724,372.73645137340225,4534.9061654661455,59.801826247527515,2062.156764895779,0.29617625412841847,0.34643762757208213,2.3270459790650153,3.885122644762474,0.1707125495469598,0.2235769773382322,22835,Tcell_bckgrnd_filtered
Tcell_bckgrnd_filtered_51,1721.8938791884423,400.0,53.99581877207904,1148.3849839049044,4403.004203122196,59.99047344594,2001.5830296083132,0.3118460083593107,0.3504401441962189,2.2356499566927823,3.745372006734169,0.17833990562927313,0.24650372834986517,69003,Tcell_bckgrnd_filtered
Tcell_bckgrnd_filtered_52,1386.0653549732856,400.0,45.09193542723278,981.1884039313522,4507.19506435668,58.55161702709209,2102.3659397189276,0.3000235511443036,0.35008291142090925,2.321377173230694,3.8289730862922964,0.17020173297584543,0.2448088581384177,59306,Tcell_bckgrnd_filtered
Tcell_bckgrnd_filtered_53,1384.0112801614412,400.0,39.344272154906434,864.3241353872833,4618.004526959783,61.55715337623066,2021.5210108827973,0.299928995763593,0.34974851728744294,2.3198909638446907,3.8323016583758283,0.17295873694326566,0.23593612482737358,53781,Tcell_bckgrnd_filtered
Tcell_bckgrnd_filtered_54,1332.2725335981647,400.0,40.540286214751916,864.3357294774075,4625.382837150686,60.65134853552762,2062.6311656300577,0.2999913048547331,0.34504657408413425,2.2882274825017896,3.869697801592713,0.1759363987065425,0.23932060163354485,53845,Tcell_bckgrnd_filtered
Tcell_bckgrnd_filtered_55,1344.4605369096298,400.0,40.40440230440589,862.830801320226,4670.602712608686,60.90997203784727,2069.3797945111887,0.2929477452323414,0.3447988329908296,2.341562596739055,3.921304399891629,0.1675803403849142,0.22984798499747686,54159,Tcell_bckgrnd_filtered
Tcell_bckgrnd_filtered_56,1325.7830751578686,400.0,38.96428849675671,845.1842699971719,4749.503284398957,61.068770938292815,2093.3150866958345,0.2945403053164733,0.3426068896487541,2.314096705981832,3.9281960356734293,0.16475932688877087,0.22737754014108616,53573,Tcell_bckgrnd_filtered
Tcell_bckgrnd_filtered_57,1296.1689300791097,400.0,35.41445938243237,822.2498121878855,4706.851789447067,61.185680820215616,2071.67520015624,0.2929361665310341,0.3438236671928649,2.3350324421246356,3.929492020339388,0.1651868767799772,0.23302753805592588,51332,Tcell_bckgrnd_filtered
Tcell_bckgrnd_filtered_58,1340.1686700541745,400.0,40.154911838397034,859.7216976609736,4658.50744834307,60.919793537079826,2064.233503051305,0.2982641956566932,0.3464491161482892,2.3108325675588444,3.8704398455717377,0.17406700820528306,0.22985302478116387,53851,Tcell_bckgrnd_filtered
Tcell_bckgrnd_filtered_59,1242.3035029869802,400.0,39.23564067931373,795.1021028729483,4640.3928866789365,60.97477593140521,2054.8228254152095,0.29821378742607263,0.3428815503717347,2.28742331582349,3.899820474819424,0.16913729837397365,0.23174042209606302,50105,Tcell_bckgrnd_filtered
Tcell_bckgrnd_filtered_60,1224.6864305012568,400.0,34.99373536758333,770.0801312368375,4748.875701171063,61.39497493050787,2078.8845546781404,0.2868372768566809,0.34071465258285466,2.3631177638695435,3.9993546684029972,0.1642064821186606,0.22534237566877235,48782,Tcell_bckgrnd_filtered
Tcell_bckgrnd_filtered_61,1357.214901066366,400.0,39.00053124900049,806.1085052500462,4714.9828108756965,62.73749440807636,2007.8707111931005,0.2987620909410393,0.34582149778419785,2.3028022324734967,3.8720469866824336,0.17991405487627207,0.23333128113556667,51631,Tcell_bckgrnd_filtered
Tcell_bckgrnd_filtered_62,1176.912685487097,400.0,38.32496458333612,778.1377220460105,4566.586112843802,60.19858521050266,2058.360221334556,0.296795395647949,0.35021602226459986,2.347518354003882,3.850067204056804,0.16444207069693192,0.235393096698412,48321,Tcell_bckgrnd_filtered
Tcell_bckgrnd_filtered_63,1278.4233854589372,400.0,38.07964590590851,804.5260144920239,4680.649580581146,61.37563329618256,2053.3737913090845,0.30151751557555534,0.34512877582693624,2.277187387076823,3.858327759848093,0.1793178673610716,0.24118966464630437,50766,Tcell_bckgrnd_filtered
Tcell_bckgrnd_filtered_64,1327.4040979319443,400.0,36.52581405860778,792.8197498588559,4686.217872013485,62.60679028372657,2002.7544377783943,0.30281597992045894,0.3407564197079059,2.238697434373147,3.884260629088911,0.171198059147365,0.2291850599435613,50173,Tcell_bckgrnd_filtered
Tcell_bckgrnd_filtered_65,1300.9904741209405,400.0,39.59709017409274,830.4262346711478,4608.371264547491,61.03876678616425,2039.6333428843961,0.2962967558234177,0.3475527030753884,2.3335865813682517,3.875174005766765,0.17114999850844506,0.2315893321276299,51828,Tcell_bckgrnd_filtered
Tcell_bckgrnd_filtered_66,1317.7164432115908,400.0,36.3582804173701,792.876157022938,4729.71270620145,62.43348162336807,2026.5223194305354,0.2955963356986279,0.34400642795717556,2.315248738426116,3.9091457973446615,0.16672735750593393,0.22719851422241819,50411,Tcell_bckgrnd_filtered
Tcell_bckgrnd_filtered_67,1319.839664096746,400.0,39.53322743027732,793.4785767510917,4633.169234685285,62.45342696551194,1989.4099783745899,0.30353070132435434,0.3445171957403309,2.2580753134276197,3.849092781114538,0.1804614649262297,0.23725046094000996,50388,Tcell_bckgrnd_filtered
Tcell_bckgrnd_filtered_68,1252.3763359369927,400.0,37.736684884992485,816.9645985664432,4621.020200005449,60.520541349920954,2066.4359244726347,0.29648117466127943,0.35092185031565004,2.3547425557667307,3.846500706580094,0.169438337185192,0.2306845694663259,50714,Tcell_bckgrnd_filtered
Tcell_bckgrnd_filtered_69,1301.6683934657517,400.0,40.426427949380454,808.3275729118889,4647.454163786623,61.69056311990991,2027.175771886594,0.2990218236755594,0.34341845794994635,2.2848142177338646,3.889721217669757,0.17343815921792238,0.2314586172168697,51273,Tcell_bckgrnd_filtered
Tcell_bckgrnd_filtered_70,1273.8219187292523,400.0,36.86417671677766,800.1342934208237,4610.499011969528,61.41990420369955,2024.414552320128,0.3078233903098639,0.348354990527941,2.2513891259791143,3.789002044331917,0.17835456340252837,0.23692269257361642,49787,Tcell_bckgrnd_filtered
Tcell_bckgrnd_filtered_71,1523.0886776359027,400.0,45.216348408982924,1027.373733238666,4538.527745462984,59.71813860662336,2067.076010153835,0.3007399980047778,0.3503958561789907,2.317917175956972,3.8215583746576653,0.16736711005873958,0.24029355234685124,62318,Tcell_bckgrnd_filtered
Tcell_bckgrnd_filtered_72,1353.4722238490972,400.0,40.71953613621338,892.3016989678066,4641.288530735448,60.26751892066763,2085.1691629943552,0.29393904372473495,0.3460625953716111,2.3422191542960196,3.9038679516248465,0.16465892222823525,0.23738374591871,55391,Tcell_bckgrnd_filtered
Tcell_bckgrnd_filtered_73,1289.642476164916,400.0,38.735821449364934,830.9997654368208,4622.257640300646,60.813769096235646,2054.543628280043,0.2999745198882559,0.34621640661997655,2.2961138713385156,3.86037734755469,0.1658343590770268,0.23332297386798362,51736,Tcell_bckgrnd_filtered
Tcell_bckgrnd_filtered_74,1194.7398268182144,400.0,35.094710076122304,785.7796160796469,4681.641937168882,60.324569450835185,2098.759873145355,0.2877664041992011,0.34931813769203895,2.4149669451536373,3.919762943719347,0.16862355239129231,0.2300870270506844,48927,Tcell_bckgrnd_filtered
Tcell_bckgrnd_filtered_75,1608.5397586174681,400.0,50.5562681211158,1089.1838058538556,4505.207643879178,59.62581859022668,2057.4439813876606,0.30531724494818574,0.35235423847396896,2.2959282394133025,3.7749036355486125,0.16966670042032223,0.23950761122676975,66230,Tcell_bckgrnd_filtered
Tcell_bckgrnd_filtered_76,1325.6575397417125,400.0,39.7285893362076,883.792565181659,4626.655186760123,59.999433197777016,2090.686031479606,0.2967596440470714,0.3469074802086205,2.3256211456938436,3.8772123535512475,0.1755596721587057,0.23732850174967446,54557,Tcell_bckgrnd_filtered
Tcell_bckgrnd_filtered_77,1244.237111767298,400.0,40.963496146684264,837.4907022407596,4529.419466460789,59.76944264253762,2061.288466984725,0.2958176047768479,0.3495311464239102,2.3506718675476965,3.8623624408579365,0.16961770180138838,0.2302212214768744,51563,Tcell_bckgrnd_filtered
Tcell_bckgrnd_filtered_78,1419.0625616560424,400.0,40.162732619031246,879.7195039926693,4651.49850273713,61.73106110672505,2027.0033640609722,0.29897002927556715,0.34519571391319454,2.2970364427725642,3.875661055077405,0.17553955396501855,0.23528965612077296,55078,Tcell_bckgrnd_filtered
Tcell_bckgrnd_filtered_79,1357.264028012053,400.0,40.39527512467167,840.5993420602204,4680.758150499364,61.753794457542725,2037.2275610154804,0.2999439790586524,0.3387198725684048,2.246625445354285,3.9213895962780354,0.17013693139917144,0.23726175599296917,53262,Tcell_bckgrnd_filtered
Tcell_bckgrnd_filtered_80,1342.9886498539008,400.0,42.05432614573512,857.8636146580217,4571.929954875751,61.02129940792423,2026.164086022141,0.30229800178816,0.3459827950636856,2.276928384136464,3.8460278361060154,0.17044290491716457,0.23526978469048332,53480,Tcell_bckgrnd_filtered
Tcell_bckgrnd_filtered_81,1234.8334997354948,400.0,39.463553543950255,822.5942643521475,4560.034315026708,60.01831613675518,2063.25176843648,0.2986533979122185,0.34817930739156633,2.319346533517757,3.8537292607355202,0.160656304023013,0.23588996059931922,50780,Tcell_bckgrnd_filtered
Tcell_bckgrnd_filtered_82,1327.3545553444926,400.0,41.84606267004787,865.8680114412198,4508.011983682689,60.52074128025243,2021.8126792763228,0.3007608285749482,0.35045919402888454,2.3181755976160625,3.820910166724924,0.17171567588193223,0.23730677723482055,53224,Tcell_bckgrnd_filtered
Tcell_bckgrnd_filtered_83,1352.3739010258569,400.0,36.23220041032438,779.1662215863174,4808.392668760898,63.445857137727266,2011.4501540688163,0.29778532659092816,0.33493792637562286,2.2376449513938903,3.9682178458970148,0.17188435094979038,0.22605974641974763,50453,Tcell_bckgrnd_filtered
Tcell_bckgrnd_filtered_84,1304.700184962221,400.0,39.301555921411605,836.4558477889522,4622.420522213878,60.9343814745631,2049.5146937478344,0.2996679949080084,0.3482689454993624,2.312088926056352,3.8459817711207487,0.1676632156835385,0.23386383991559628,52169,Tcell_bckgrnd_filtered
Tcell_bckgrnd_filtered_85,1295.6634412536328,400.0,40.24294831106445,819.3360682494834,4641.666417319813,61.26069700876797,2043.1920052828589,0.29393276784420796,0.34394180631053173,2.3279149434306188,3.921451075187076,0.16963567391361814,0.23405743434287107,51674,Tcell_bckgrnd_filtered
Tcell_bckgrnd_filtered_86,1361.732104570951,400.0,40.08951218698043,806.5675336742416,4639.975809832861,62.80184161599558,1977.1929171851023,0.3003522813894577,0.34091438394753426,2.2581070936674266,3.9005954602478985,0.1743840821172879,0.23261433295209763,51341,Tcell_bckgrnd_filtered
Tcell_bckgrnd_filtered_87,1259.7779091624911,400.0,34.08885360134395,775.9178699679757,4726.45017212993,61.88438970486034,2049.052887222443,0.2923686422092779,0.34750008356922296,2.3645813897382753,3.90295875756301,0.17581915524302064,0.23265786995974413,48877,Tcell_bckgrnd_filtered
Tcell_bckgrnd_filtered_88,1268.9397724432051,400.0,34.33633756894095,749.5659891409691,4729.5569922830855,62.86530346325636,2007.7678504696887,0.29989651385487337,0.3396440164753969,2.2531115575006093,3.914196560651598,0.17463260657899424,0.2326662319255381,47754,Tcell_bckgrnd_filtered
Tcell_bckgrnd_filtered_89,1282.3293754529645,400.0,37.12875016886885,801.153132238343,4630.335308615851,61.54740300046506,2026.6737879510858,0.29875194535411487,0.3422041361482542,2.278791848113753,3.9015209046933697,0.17683841380830848,0.23780017338357873,50070,Tcell_bckgrnd_filtered
Tcell_bckgrnd_filtered_90,1207.2952285020265,400.0,32.97252038297893,753.3880612017633,4750.423167408807,61.57522914801904,2071.640133168326,0.29540927316303417,0.3412800173496774,2.298353787192732,3.9329751141957376,0.16981218361209632,0.23485044017426193,47524,Tcell_bckgrnd_filtered
Tcell_bckgrnd_filtered_91,1283.2307609155268,400.0,41.08166005800662,825.5323402883736,4606.046035799916,60.852295840292626,2046.570458916051,0.29411572686577264,0.34464022136556594,2.3311909993361053,3.914376913277749,0.1681911611455374,0.22651166497070765,51803,Tcell_bckgrnd_filtered
Tcell_bckgrnd_filtered_92,1234.7304077175752,400.0,36.257603048373,767.505112729999,4717.353018511812,61.66759080577927,2054.9454254149878,0.2959236012096621,0.3448137541378638,2.318115773496248,3.90020033851262,0.17097743981844227,0.22979492474596525,48740,Tcell_bckgrnd_filtered
Tcell_bckgrnd_filtered_93,1255.1928155261091,400.0,35.86630366292365,743.921789386754,4688.314022515353,62.7874366202642,1995.791573550623,0.3006815646341322,0.34321420809221775,2.270850801233579,3.8796310206452884,0.17335607678023557,0.23283183600293228,47455,Tcell_bckgrnd_filtered
Tcell_bckgrnd_filtered_94,1283.0143834167209,400.0,40.82846498082438,835.8241063142991,4524.702433149438,60.55272214634895,2027.0828294407645,0.3027634853977499,0.347971539725921,2.2864956176073328,3.826941274763958,0.17078779145112527,0.23277060042878753,51600,Tcell_bckgrnd_filtered
Tcell_bckgrnd_filtered_95,1237.6780011737817,400.0,37.25183480424165,816.8733733428368,4618.149208108789,60.24079108097137,2077.1027561683254,0.291484325234445,0.3455488735603653,2.3584377677399355,3.925373373144109,0.16494244231697752,0.23017114046419246,50525,Tcell_bckgrnd_filtered
Tcell_bckgrnd_filtered_96,1158.1282726884513,400.0,36.43984104023667,767.1328855732713,4553.445582049334,60.154346734658105,2054.9675251880394,0.29487150504610216,0.35317339391288144,2.3827875213386607,3.8391992935194925,0.16916500487342956,0.23891075008610374,47267,Tcell_bckgrnd_filtered
Tcell_bckgrnd_filtered_97,1123.8568271383554,400.0,37.56104248842096,782.2988677168175,4521.2282062299555,58.95934052877797,2091.379234150788,0.300536973649781,0.35348041398448693,2.3399015805189607,3.798371088685898,0.16182523414064717,0.24035871385511023,47792,Tcell_bckgrnd_filtered
Tcell_bckgrnd_filtered_98,1182.4491854951584,400.0,33.29750642588891,773.0613410117354,4789.836189449996,60.46754386985347,2135.410065779616,0.2898976577765138,0.3467217755436719,2.3793950630119856,3.9267075947696477,0.16296808342993663,0.2282770076698549,48678,Tcell_bckgrnd_filtered
Tcell_bckgrnd_filtered_99,1220.750218567149,400.0,35.16342288656382,763.1022683766569,4722.563205244213,61.534324079093075,2062.7031540056064,0.29926991196223474,0.3437013591311091,2.284800779606172,3.8856691874644924,0.17194085523091893,0.23553021868465898,48288,Tcell_bckgrnd_filtered
Tcell_bckgrnd_filtered_100,1169.569967770023,400.0,34.56439068733053,743.3923599291253,4708.937329113951,61.139205452976455,2074.487282626976,0.2934419047148545,0.3448798001968913,2.338168309124847,3.9171469202017297,0.16642105249001235,0.22488052291777555,46922,Tcell_bckgrnd_filtered
Tcell_bckgrnd_filtered_101,1235.2879110498848,400.0,33.038947628349916,723.1309015673489,4785.612569961073,63.07577843367651,2019.3533023729601,0.29380179229059367,0.3426633431304335,2.3202957872727032,3.9329875878438036,0.17275441973750663,0.22903087695996255,46469,Tcell_bckgrnd_filtered
