31,20,47,35,33,34,33,36,45,132,338,594,638,638,562,570,572,564,540,483,496,478,406,444,421,383,344,398,337,415,377,340,325,331,326,327,313,287,290,261,303,317,268,253,246,247,263,261,240,243,233,242,243,228,226,223,215,200,214,206,172,193,203,203,187,184,176,172,162,187,182,182,168,176,157,137,145,147,140,153,149,146,137,137,125,162,145,130,133,150,108,120,125,116,123,124,100,125,114,110,114,138,98,106,115,116,98,110,117,95,87,109,99,84,91,95,89,103,79,97,76,70,84,82,75,93,78,81,58,71,73,68,79,88,67,65,65,83,72,68,65,59,68,71,58,65,68,61,62,63,62,66,68,52,50,49,47,45,59,68,54,47,58,51,50,56,48,46,51,60,42,38,49,43,44,60,49,31,34,44,35,42,43,32,43,33,42,47,40,45,36,43,47,35,35,33,43,37,44,33
19,12,21,14,21,15,19,24,37,123,363,629,659,619,573,514,433,460,422,360,410,346,334,331,294,273,268,270,239,242,252,260,221,218,196,226,216,158,190,147,189,181,164,153,165,153,132,148,135,140,146,153,145,134,119,125,133,119,114,122,96,113,112,94,108,109,98,97,89,93,96,76,87,97,79,85,59,89,62,78,74,70,74,69,75,68,70,78,70,70,73,64,67,66,60,52,71,54,77,68,58,51,55,45,49,51,47,64,50,42,43,42,38,40,39,40,45,53,52,38,44,41,47,51,28,43,37,40,46,41,37,27,31,32,29,30,38,35,31,44,35,32,31,19,31,28,28,36,25,29,27,28,19,20,23,27,25,28,18,26,26,30,24,27,25,18,28,26,26,18,27,26,19,15,24,22,18,23,19,20,20,17,20,13,24,22,11,7,17,16,19,20,19,20,11,18,18,17,18,11
21,16,16,20,26,19,16,24,30,75,202,397,406,394,359,362,379,332,298,304,294,313,277,274,250,236,236,227,263,234,218,188,215,212,168,187,174,187,176,152,178,148,137,160,150,161,133,147,122,148,141,138,138,118,112,120,116,139,129,108,107,108,109,112,107,108,105,79,103,119,80,107,100,91,82,79,77,100,76,78,90,90,92,85,87,68,70,73,77,71,70,76,64,60,68,77,59,75,54,49,60,71,59,71,54,56,46,56,66,58,56,62,48,44,61,49,57,47,61,59,57,42,48,40,57,43,50,42,45,54,53,47,39,53,46,48,38,33,36,31,46,40,46,34,35,39,31,30,37,32,32,38,31,41,32,28,34,30,32,34,23,31,34,24,27,20,33,36,27,34,29,29,23,23,18,23,22,27,27,20,27,21,30,31,26,12,23,22,26,28,15,21,31,24,18,25,21,20,20,23
15,17,25,16,13,17,17,22,47,137,484,870,922,877,760,732,681,599,574,553,491,477,417,405,433,383,387,378,346,323,299,303,292,279,276,238,263,259,261,234,217,210,210,226,191,195,163,189,173,165,157,164,162,160,144,156,153,126,141,158,135,144,119,101,126,124,161,110,114,100,122,99,90,97,92,119,97,122,95,103,77,87,85,90,87,72,90,83,72,71,70,79,60,93,74,72,57,62,69,74,69,70,64,55,56,56,60,60,61,53,59,59,47,47,45,36,52,68,58,48,57,48,47,57,39,47,46,42,49,35,33,52,55,40,47,40,47,38,40,39,42,35,30,41,34,31,31,39,34,35,30,30,28,28,31,28,22,28,32,20,26,29,25,34,37,31,25,25,22,26,31,15,40,24,16,27,29,21,19,21,15,16,14,24,31,20,19,25,19,22,17,18,18,19,18,17,15,17,19,11
12,10,21,13,13,14,21,167,986,4043,12366,17960,13643,8095,4905,3218,2203,1644,1366,1046,981,785,635,528,463,374,338,314,245,239,204,201,197,216,184,163,160,155,144,127,144,115,141,120,119,113,103,117,102,102,116,110,95,98,95,100,89,102,70,89,83,75,91,77,77,67,73,44,73,59,80,57,71,46,60,50,62,55,64,63,46,48,36,57,43,53,34,32,47,56,54,35,46,37,49,52,38,33,41,44,39,31,24,39,31,29,36,34,29,36,31,30,30,35,25,31,36,29,38,29,26,25,36,26,19,30,22,19,22,23,19,25,28,16,26,30,18,22,16,29,27,26,25,18,18,22,24,13,26,26,12,16,28,15,15,19,15,17,24,20,16,15,19,17,17,14,19,10,18,25,24,15,20,19,11,11,13,15,21,18,9,12,18,11,16,9,16,13,19,21,14,10,6,13,9,13,19,9,11,10
19,12,11,13,16,13,16,23,42,158,369,614,710,665,581,516,497,469,434,452,377,393,356,381,305,317,342,283,250,253,248,234,217,210,233,183,186,199,187,178,181,183,163,153,157,168,156,159,151,122,135,145,129,136,132,134,120,104,96,121,104,105,101,115,86,96,98,104,86,90,72,81,80,96,101,71,82,73,76,53,65,91,73,83,55,72,59,56,44,79,65,59,63,58,50,74,58,34,64,29,43,54,53,50,47,43,57,35,51,42,42,35,41,62,38,45,43,44,36,28,29,43,52,33,41,30,31,31,36,36,35,23,30,28,37,33,31,25,27,40,38,30,30,29,26,23,39,29,25,29,29,29,22,22,25,22,35,26,23,19,22,24,19,32,17,25,28,28,23,17,18,21,21,14,26,29,20,18,21,11,19,12,14,15,24,11,21,16,13,16,17,16,19,11,9,16,17,11,8,12
21,18,19,18,27,22,19,9,32,135,377,668,683,661,595,515,520,485,409,400,397,418,361,360,329,329,350,270,272,269,233,248,225,257,247,209,227,212,205,198,187,173,182,166,165,141,177,161,134,178,162,155,149,134,142,138,132,123,110,119,118,117,111,111,101,122,98,88,84,88,100,77,96,83,95,102,74,78,83,75,78,66,72,77,81,81,71,61,80,71,70,48,76,84,51,64,68,56,80,51,63,51,68,57,39,54,48,59,50,41,40,40,44,54,47,40,46,42,36,42,56,44,36,41,39,35,37,52,31,37,29,41,46,33,46,35,45,27,40,50,44,38,31,31,25,25,33,29,36,38,34,32,27,28,18,25,31,19,31,25,24,26,23,24,18,18,19,21,28,21,14,23,18,24,26,24,22,22,23,25,26,26,21,20,25,19,27,17,14,21,24,17,21,12,24,17,14,16,16,17
15,15,13,8,3,11,7,17,30,112,252,538,555,471,454,465,383,372,346,343,276,308,286,249,274,232,235,260,199,200,192,177,188,182,157,161,119,167,167,151,149,141,110,108,115,133,128,124,119,94,113,98,123,103,104,99,91,90,101,92,94,93,75,74,73,77,90,79,83,77,72,59,64,72,69,75,54,46,61,51,63,57,52,35,59,56,49,51,44,51,50,54,47,35,45,59,38,44,45,52,33,42,39,32,40,33,35,37,43,22,36,41,34,39,33,27,28,29,27,32,31,22,26,19,27,23,33,26,27,28,32,20,25,27,35,21,27,35,26,25,19,25,25,25,23,27,21,24,13,18,23,15,26,18,16,12,18,17,24,13,13,20,15,22,13,28,14,14,18,22,16,19,16,12,16,16,24,17,18,19,14,12,11,15,10,14,13,12,16,15,12,15,8,19,19,11,10,16,16,11
17,9,13,14,8,10,12,17,42,89,362,533,600,584,539,482,406,383,389,349,324,313,303,276,250,291,261,224,242,225,211,198,192,195,191,170,154,170,155,153,140,141,155,115,147,146,143,123,122,103,127,118,107,113,106,96,87,97,87,91,100,73,90,80,88,85,70,75,87,73,76,68,67,56,65,78,68,77,62,69,61,57,46,69,68,48,62,60,54,58,47,43,62,57,51,37,54,47,45,44,45,48,51,47,51,36,39,41,37,34,45,39,36,40,33,40,30,35,36,26,36,29,30,42,29,39,30,28,38,26,26,27,18,27,34,26,22,21,26,26,29,27,32,34,21,20,22,28,22,22,32,22,31,21,17,24,17,26,26,23,15,19,21,20,24,22,14,16,12,6,23,10,19,14,16,15,16,23,9,19,17,8,15,12,16,14,18,12,16,13,12,13,19,12,18,11,11,15,8,13
50,39,43,37,50,46,48,51,123,427,1158,2016,2303,2204,2099,1969,1863,1660,1643,1599,1445,1336,1281,1243,1222,1114,1006,953,899,886,835,828,796,764,752,723,717,699,635,642,596,578,554,583,547,504,494,505,517,483,457,464,474,435,433,396,402,405,381,371,370,372,349,376,347,329,308,337,298,335,305,327,263,284,257,268,272,273,259,247,234,238,244,231,235,218,208,228,215,214,214,222,190,200,222,220,197,169,164,148,157,157,166,155,160,148,140,164,145,134,156,146,135,154,132,130,124,125,126,134,107,128,110,131,129,122,135,104,114,118,115,116,100,109,102,91,95,119,96,104,95,104,105,84,85,82,76,96,82,88,94,66,86,68,98,86,71,80,75,66,69,81,91,68,78,58,75,87,79,76,60,64,71,75,58,61,70,77,54,56,75,53,54,36,57,39,58,55,72,55,55,44,46,48,46,50,43,46,33,39
24,27,31,19,33,22,28,45,82,303,867,1671,1831,1705,1530,1419,1335,1368,1195,1208,1061,1017,1058,896,945,818,766,780,676,704,709,639,602,605,569,585,542,551,504,478,433,465,447,465,421,425,415,373,373,362,370,366,360,348,359,292,325,336,305,328,284,295,257,279,264,270,242,234,236,220,223,226,221,227,225,197,179,198,178,196,180,162,175,170,189,168,145,172,155,175,177,156,161,149,151,155,129,147,127,134,116,112,104,114,125,112,116,102,94,103,136,99,119,118,85,98,109,90,81,94,105,104,79,104,89,69,74,71,73,81,78,81,81,77,77,67,50,64,54,61,55,63,65,72,60,76,66,50,58,49,56,56,55,46,55,47,58,50,53,58,56,58,60,30,39,31,51,42,41,41,29,42,32,49,40,42,42,29,33,39,41,34,39,37,42,45,35,43,42,35,38,28,38,28,37,30,28,37,29,23
65,82,84,73,82,78,69,92,138,367,1119,2067,2302,2230,2086,2012,1838,1761,1574,1550,1453,1396,1311,1179,1159,1105,1055,1023,912,951,860,868,828,852,825,782,702,717,665,663,687,681,695,650,597,574,590,614,595,559,535,558,568,541,551,500,505,473,532,489,442,509,467,443,412,358,378,392,359,388,396,367,377,356,375,378,355,331,346,328,333,325,333,306,315,268,310,280,292,321,258,282,251,303,295,274,261,258,257,240,274,237,233,234,259,229,255,231,227,216,230,238,224,223,229,237,186,185,224,212,194,188,195,200,191,193,178,171,186,189,166,151,162,176,185,169,179,142,175,169,168,138,146,142,130,160,144,147,153,132,142,130,138,125,122,133,120,141,125,141,113,120,119,117,118,129,105,111,119,104,114,101,94,108,100,111,108,113,87,111,103,88,99,107,105,91,86,90,92,96,87,86,71,88,86,78,75,68,74,69
27,30,26,16,24,28,20,24,64,236,680,1114,1258,1145,1007,984,922,902,815,741,771,737,674,649,601,567,556,573,466,481,480,503,458,431,428,410,353,388,387,333,364,304,325,342,317,279,298,290,276,278,226,276,232,252,239,238,274,226,205,237,207,219,198,200,213,203,186,194,158,180,162,171,154,150,158,159,163,152,138,120,120,134,129,127,131,130,121,132,111,113,108,107,116,95,101,100,104,96,96,84,96,101,110,95,98,88,85,82,92,86,91,84,80,69,73,61,69,69,79,64,55,75,68,54,58,60,66,62,70,65,50,66,56,61,64,59,69,48,49,64,48,67,42,54,57,55,50,47,37,34,40,48,49,44,45,42,38,41,30,45,47,40,33,47,36,33,40,32,31,39,39,42,29,27,30,32,35,44,36,31,30,28,40,25,33,28,22,28,26,31,34,39,31,18,25,24,34,27,17,27
29,37,37,40,30,37,38,30,65,279,875,1766,2037,1887,1764,1675,1566,1412,1345,1250,1208,1142,1069,1042,930,910,917,796,764,745,704,726,665,643,602,596,604,566,567,551,520,497,477,497,476,448,431,444,437,443,397,444,367,359,356,338,343,371,328,289,315,288,318,306,347,310,274,298,223,267,262,257,266,243,232,238,216,213,231,237,207,212,190,202,164,190,182,181,188,166,157,160,161,158,156,135,162,153,147,125,158,143,134,134,130,130,134,118,124,107,117,121,119,115,90,122,132,112,104,116,127,103,102,84,89,98,79,104,83,94,99,64,90,78,60,93,77,73,78,78,70,70,73,71,65,58,66,60,59,71,65,70,68,61,53,52,63,51,56,55,52,65,66,75,50,52,46,55,45,47,53,47,46,51,53,36,37,52,45,44,47,47,42,35,42,43,36,38,42,47,36,28,28,32,31,41,26,16,33,36
20,15,8,18,16,24,48,157,1077,4502,13967,20803,16125,10306,6420,4304,3049,2353,1963,1523,1318,1144,922,758,653,492,433,378,335,371,293,303,250,250,280,208,209,186,186,183,185,179,167,172,174,152,156,142,138,133,138,126,113,123,99,120,89,100,97,104,100,86,78,80,87,61,70,65,68,63,68,73,83,73,72,86,59,71,53,55,62,56,51,65,65,49,53,56,58,55,48,52,47,51,62,49,55,44,49,44,36,54,36,42,28,39,47,39,38,31,33,38,34,24,30,31,30,38,25,34,20,32,27,30,27,26,29,32,27,39,35,24,24,26,31,27,36,21,30,26,24,32,23,18,22,21,21,24,18,29,22,22,21,20,21,22,20,23,22,26,22,23,20,22,24,22,18,22,16,21,17,21,22,19,22,14,19,20,16,23,19,20,16,26,16,11,15,14,16,18,13,21,10,7,15,13,12,11,14,12
23,30,17,13,18,24,22,22,39,102,293,530,611,549,499,490,470,397,437,445,429,408,347,333,323,359,321,298,268,251,258,254,236,266,241,208,231,201,211,236,226,192,199,209,181,180,193,186,186,196,178,150,171,162,153,149,141,159,133,145,141,146,137,140,149,151,116,118,125,121,123,135,114,122,112,116,102,103,96,110,108,89,92,103,99,93,120,84,103,99,89,93,107,92,79,94,76,78,86,84,67,72,67,71,76,70,100,62,66,69,66,78,69,71,56,63,77,48,73,63,69,72,57,64,64,60,50,57,61,55,48,68,70,60,49,44,59,39,52,52,50,40,38,36,47,43,34,53,33,33,42,59,40,28,56,40,35,42,42,32,44,24,37,37,30,32,29,43,41,43,41,37,41,40,31,30,37,25,40,38,22,27,32,33,22,29,28,26,24,30,27,27,28,21,25,26,21,21,27,28
13,17,18,18,10,10,14,16,40,116,321,521,606,504,490,461,430,370,358,364,299,306,290,287,289,249,254,229,215,245,209,208,195,167,200,159,175,168,153,148,155,138,117,116,125,110,127,119,113,114,124,102,133,114,100,86,81,95,98,101,89,90,74,74,81,83,76,84,77,78,71,76,63,84,65,79,63,60,68,70,51,71,61,69,49,63,61,71,58,58,46,50,60,52,48,48,58,54,35,39,43,49,42,39,49,49,40,48,45,44,36,42,46,33,39,41,42,30,36,36,37,29,35,43,42,33,29,35,32,41,29,40,32,39,21,28,43,23,39,25,32,32,26,29,26,16,24,29,26,21,19,25,27,23,31,32,16,29,27,21,23,27,21,26,28,27,8,21,17,18,20,17,19,13,18,28,26,21,25,16,19,16,15,18,16,14,12,17,24,11,20,13,20,19,22,16,25,14,15,17
18,17,20,19,17,20,10,26,49,123,335,673,680,675,634,602,542,521,504,516,491,459,486,415,420,386,365,357,370,353,316,329,317,305,301,313,292,294,255,291,253,246,238,231,231,216,227,234,219,232,189,201,177,190,194,176,192,160,160,159,171,171,164,141,131,147,143,157,130,148,124,126,130,114,145,118,94,106,123,104,98,90,110,102,106,105,117,108,94,68,93,84,100,101,83,70,84,93,85,80,80,75,63,55,68,58,80,65,70,64,57,81,67,57,60,63,73,46,53,38,72,43,44,50,49,49,43,46,47,54,48,40,64,37,37,48,46,54,47,42,34,41,46,45,38,37,37,46,32,38,43,28,30,31,35,37,34,27,34,32,32,29,25,30,23,28,27,32,27,36,23,29,19,23,26,26,25,31,28,37,26,25,23,19,28,21,14,18,15,21,24,13,25,19,7,24,25,16,21,21
21,15,13,11,16,7,14,10,34,102,383,632,725,655,607,557,496,489,468,439,426,398,361,367,352,317,310,299,293,280,244,244,266,224,249,188,203,213,204,200,175,189,167,183,187,170,168,175,142,166,150,133,138,141,129,125,132,123,132,124,116,122,110,108,110,98,98,81,105,98,98,81,107,83,81,72,87,73,85,91,70,64,70,74,77,81,74,60,78,74,60,57,63,58,63,68,54,58,53,60,52,49,53,60,49,47,66,62,39,51,47,47,50,47,41,48,56,52,37,46,34,34,37,39,40,32,36,33,43,32,37,30,34,28,41,33,35,30,30,33,27,32,21,31,27,28,20,27,24,17,29,22,27,22,33,24,29,19,26,19,27,32,25,16,15,24,24,22,20,23,20,19,19,18,18,16,22,18,20,24,28,16,14,13,18,15,18,17,17,12,19,14,12,14,21,10,18,18,13,19
16,20,16,15,16,13,14,22,38,121,359,592,653,599,535,532,481,453,423,417,378,384,344,364,329,290,285,281,287,273,239,265,250,255,221,205,210,201,225,233,199,190,189,171,193,198,160,190,166,135,157,148,155,141,128,130,144,139,133,119,159,123,120,132,110,124,126,107,114,117,99,107,109,81,90,92,92,86,79,78,74,66,74,86,83,73,82,83,61,73,60,70,74,66,80,60,62,63,57,70,63,63,59,66,55,55,57,50,55,49,39,43,38,51,49,45,40,46,48,47,45,42,38,54,43,41,39,47,38,50,45,29,28,36,44,37,34,31,28,31,36,29,35,30,45,41,33,31,24,28,32,35,45,29,32,35,30,25,28,27,22,23,22,17,21,33,23,25,30,24,31,28,24,21,18,17,19,18,18,24,17,19,27,29,18,28,11,18,18,14,19,13,15,13,14,21,22,15,18,15
19,19,22,15,16,20,21,10,32,100,304,530,598,581,517,510,463,441,380,365,369,352,289,278,284,281,300,246,235,216,210,190,232,179,187,172,163,215,179,170,141,172,131,141,135,146,133,143,100,110,118,116,114,118,114,112,128,115,102,97,95,93,90,107,95,76,95,79,94,88,80,78,75,77,75,78,56,77,58,61,64,63,67,50,67,67,60,53,64,46,54,52,43,59,52,55,62,50,63,59,35,52,38,38,38,48,41,46,48,52,36,40,39,39,42,35,35,26,35,36,38,29,33,39,37,28,31,43,31,31,30,33,21,36,27,35,31,21,29,18,11,32,22,28,21,33,29,40,28,32,26,27,18,30,19,19,11,25,17,22,23,27,18,31,30,26,20,18,15,19,19,34,20,20,17,17,19,17,27,14,11,14,13,11,19,10,18,21,16,16,15,12,14,13,19,12,12,13,20,16
23,26,13,25,24,20,18,25,60,148,429,770,787,767,718,604,588,549,496,465,458,461,494,407,398,375,348,333,342,318,268,295,294,280,270,263,250,242,243,240,228,231,222,193,190,205,195,167,204,166,157,156,172,154,149,177,150,159,142,139,127,136,141,141,134,123,118,127,121,110,111,121,101,119,113,118,90,91,94,114,79,81,107,89,106,95,81,97,95,92,64,62,93,80,70,68,85,57,82,64,69,65,59,72,79,59,68,56,58,68,54,70,57,63,73,59,59,72,47,59,57,55,49,60,60,54,52,50,52,50,54,46,49,41,44,34,46,49,40,47,44,50,30,36,41,34,32,38,28,42,32,23,36,24,42,27,26,35,31,27,31,31,32,37,34,23,33,36,35,35,33,27,20,26,27,27,36,34,26,18,20,27,19,34,22,33,19,21,19,21,21,26,19,22,20,20,17,20,13,21
32,38,33,32,33,33,30,41,77,200,623,1175,1253,1260,1112,1109,1091,1027,992,924,925,916,848,839,762,749,708,692,686,664,660,603,612,582,602,509,520,509,521,484,469,485,477,454,443,436,405,434,389,386,399,397,374,379,345,338,331,310,352,352,285,329,270,300,267,284,288,253,237,248,244,233,227,264,236,216,187,229,207,225,226,187,180,187,179,208,168,189,174,148,149,183,177,172,153,165,159,146,133,133,145,144,135,135,134,142,122,146,109,138,115,116,132,112,116,130,96,111,106,94,111,113,102,117,98,107,93,100,92,87,97,76,78,74,85,79,71,78,91,83,82,73,70,69,79,70,82,61,66,60,66,73,68,67,78,63,58,56,58,53,69,56,52,51,66,52,54,55,62,45,55,48,46,44,44,37,36,42,46,31,37,43,36,34,44,44,42,32,38,34,33,39,29,31,34,30,36,39,39,32
19,21,19,17,27,23,24,28,48,179,488,912,1056,940,892,810,764,734,670,599,568,563,480,471,467,414,444,388,384,346,323,355,362,314,305,288,276,283,251,260,273,228,225,234,249,214,232,211,210,217,204,206,209,187,181,201,154,153,165,179,167,166,142,147,150,130,135,148,131,124,146,142,121,119,126,148,136,97,118,111,106,102,104,106,116,100,102,102,96,93,91,95,81,108,84,106,89,75,68,83,74,78,68,80,80,71,65,80,76,85,69,78,69,67,70,51,68,55,74,61,70,54,62,53,66,41,48,56,68,40,57,53,47,37,43,44,46,44,59,61,48,33,39,47,40,47,46,45,54,41,40,36,35,33,31,46,31,38,28,41,35,49,40,45,36,24,50,35,38,29,33,32,36,43,35,29,25,27,32,35,35,28,28,37,31,28,32,39,29,25,22,26,17,22,26,22,22,24,28,20
26,35,37,40,43,27,25,61,164,631,2007,3896,4422,4240,3941,3394,3042,2924,2609,2339,2237,1906,1699,1660,1563,1451,1302,1178,1208,1088,906,969,915,870,808,852,778,739,719,767,678,658,649,643,587,583,603,562,513,528,528,544,523,496,417,476,476,441,450,423,408,414,397,365,399,353,340,317,352,340,315,343,299,281,296,279,245,251,283,243,248,273,217,248,227,258,223,224,223,169,235,190,179,202,177,188,172,215,178,181,141,157,147,164,143,167,155,162,160,151,138,146,153,142,118,133,113,123,114,140,111,105,101,128,107,116,99,92,102,88,111,80,92,86,104,99,88,94,84,89,91,87,101,83,80,73,78,63,73,67,65,94,72,73,90,65,61,61,63,71,66,66,60,61,57,55,60,66,57,57,65,46,68,60,63,60,54,62,49,45,53,48,43,43,39,56,41,48,41,48,41,43,39,41,30,39,31,34,36,35
38,28,29,21,21,19,18,27,72,335,1058,1971,2274,2065,1952,1647,1531,1420,1267,1133,1102,1048,899,940,858,783,752,695,698,627,585,564,571,534,501,453,466,492,414,451,409,393,373,402,358,346,278,321,319,343,288,324,298,307,267,291,287,272,267,244,250,241,236,212,202,199,210,213,188,198,185,183,184,163,171,189,177,158,144,164,158,145,150,152,136,133,123,140,132,153,127,128,110,137,139,121,113,108,103,99,93,114,96,97,84,101,87,91,77,62,82,60,74,82,71,80,76,76,72,79,80,79,66,84,70,68,73,54,69,55,74,54,62,53,75,51,50,75,62,51,59,61,62,40,51,60,46,47,51,57,57,41,36,55,55,42,46,51,48,44,43,38,53,35,49,37,41,48,37,37,28,25,40,48,28,35,24,39,37,34,20,22,34,36,24,29,19,20,23,25,15,25,28,31,23,30,22,21,29,29
57,50,42,51,46,44,47,66,169,662,2019,3880,4553,4401,4185,3922,3464,3259,2829,2738,2523,2342,2235,1927,1860,1682,1546,1472,1329,1295,1302,1192,1128,1068,1066,1006,949,929,880,863,834,845,805,785,805,794,699,710,689,697,674,682,634,591,548,528,554,538,557,573,511,503,487,456,467,415,431,393,378,416,395,425,360,357,379,386,351,314,330,308,320,322,335,300,266,301,285,274,279,278,265,247,257,273,261,221,225,216,239,233,209,226,199,224,191,205,194,192,211,179,199,168,173,157,157,178,158,154,186,161,146,157,147,148,155,148,152,115,120,132,143,132,126,127,127,126,129,123,119,92,109,104,100,110,109,109,92,99,105,93,108,106,89,112,92,85,78,79,82,80,101,71,85,92,87,90,82,75,90,75,86,80,53,78,80,75,67,76,65,75,51,78,65,67,53,53,57,57,46,63,65,55,51,72,41,45,51,58,42,58
60,54,62,62,63,75,71,109,267,940,2885,5325,6301,6020,5749,5468,4963,4757,4309,4031,3733,3585,3208,2924,2851,2599,2455,2252,2132,1978,1909,1855,1692,1581,1612,1526,1486,1471,1374,1402,1297,1294,1252,1185,1193,1206,1120,1111,1046,1067,1091,1065,1012,994,907,942,883,910,859,783,799,740,777,777,718,718,702,692,643,672,614,580,607,605,582,571,568,494,498,493,510,502,476,465,466,481,433,395,442,446,401,389,426,426,371,397,374,368,370,361,325,344,330,331,324,263,336,267,277,288,262,248,272,285,243,259,238,236,272,238,235,244,211,226,242,210,252,191,195,204,196,218,196,169,193,195,194,197,169,169,175,166,176,162,166,175,172,157,132,138,133,153,151,151,133,145,137,151,129,129,122,124,123,109,143,126,130,124,125,104,117,107,83,121,122,97,108,127,92,105,68,112,85,88,76,80,97,79,77,87,78,81,70,65,56,79,82,49,71,71
27,32,35,33,35,24,43,51,149,558,1680,3150,3418,3212,2940,2657,2416,2274,1985,1894,1715,1643,1522,1417,1248,1190,1113,1115,1017,942,878,851,832,738,716,745,705,662,694,651,645,621,599,582,549,525,537,505,485,492,492,423,513,428,419,443,406,399,410,379,343,361,371,333,353,318,306,306,307,295,292,300,302,274,260,274,294,224,231,245,243,234,238,200,193,184,239,198,185,170,199,190,224,174,170,176,161,176,180,157,179,147,153,136,169,138,120,150,142,131,128,128,133,121,133,125,115,117,122,119,113,101,106,100,90,119,99,96,125,92,79,109,81,82,98,110,101,86,90,84,70,79,61,79,77,83,62,68,69,77,57,76,83,70,69,68,64,59,67,54,58,58,62,59,59,65,48,50,52,49,50,58,53,43,47,41,61,46,44,38,45,40,42,50,36,52,53,41,44,40,34,37,43,41,49,43,35,35,37,38
12,12,13,8,8,8,10,7,29,89,368,605,719,608,570,498,519,396,415,380,358,315,296,287,322,282,252,213,258,213,219,228,216,197,206,183,176,162,157,162,159,155,132,135,127,140,139,142,131,108,114,121,91,104,105,117,97,99,105,108,83,96,80,93,83,80,90,70,74,70,73,60,65,60,65,86,60,63,55,52,72,57,71,51,53,47,38,37,51,59,49,50,53,51,40,54,43,36,39,37,40,34,35,32,32,39,38,41,46,42,32,30,36,34,27,23,34,22,27,35,24,32,24,34,32,33,29,32,25,26,21,23,26,19,29,23,30,31,24,23,20,20,20,18,27,25,16,25,11,23,13,18,20,14,16,15,13,12,16,14,20,22,12,15,16,17,18,17,17,10,17,11,10,12,23,13,15,11,10,14,7,16,14,15,11,14,11,13,11,14,17,15,15,5,13,13,11,10,10,14
72,83,84,80,86,95,91,98,282,1060,3279,6021,7093,6872,6549,5942,5403,5199,4772,4398,4089,3788,3359,3147,2908,2733,2504,2376,2242,2071,2019,1893,1806,1790,1760,1670,1649,1540,1511,1456,1507,1380,1342,1257,1308,1233,1211,1197,1174,1142,1197,1133,1073,1034,1081,1079,980,1024,925,975,972,867,862,856,813,830,844,831,772,764,765,732,670,690,634,652,678,660,629,620,623,598,529,575,547,550,528,546,486,502,453,496,452,462,471,434,448,457,437,397,414,428,411,385,398,357,340,370,338,333,356,333,324,333,356,311,334,303,282,288,298,293,274,300,260,255,280,273,255,258,271,209,260,244,217,249,237,203,211,235,215,192,212,227,211,212,203,209,196,178,151,184,175,158,155,203,169,188,149,170,148,176,133,142,144,155,149,169,163,133,150,141,147,137,109,164,128,133,113,110,106,123,127,105,108,105,115,122,126,112,102,81,105,91,70,97,90,66,96,83
12,13,14,16,16,17,10,17,36,134,416,749,739,687,634,635,499,489,416,396,375,401,359,319,310,304,260,271,253,241,239,249,230,193,227,208,188,182,174,180,168,161,169,145,139,158,131,142,143,145,134,130,118,102,118,108,109,109,115,118,105,102,92,108,104,99,71,97,81,90,94,82,78,66,71,74,76,62,78,85,61,69,67,67,73,64,54,55,49,46,47,57,54,52,52,42,56,48,49,60,43,43,55,40,47,46,39,47,41,42,45,42,48,40,28,50,34,37,26,26,34,42,30,34,24,35,35,33,32,43,29,24,37,34,31,28,28,25,20,21,26,26,26,27,27,29,23,17,21,24,32,26,24,27,20,28,22,20,22,24,20,21,24,23,24,24,18,17,22,18,21,13,11,23,23,15,17,9,11,15,15,12,10,11,12,10,18,19,11,12,13,16,22,18,16,13,19,10,13,11
34,22,36,22,27,23,26,38,71,268,784,1361,1453,1350,1253,1191,1019,990,948,824,825,733,770,670,642,618,577,558,528,502,498,496,450,457,470,460,434,392,367,356,337,298,301,391,301,295,293,261,270,282,276,248,250,235,225,234,230,229,207,227,206,190,197,188,175,194,190,151,186,177,173,161,156,149,145,140,156,134,118,148,113,130,132,122,122,142,115,122,127,120,128,99,133,110,106,127,86,99,101,91,94,89,108,97,89,85,97,87,86,79,77,101,75,66,73,76,80,79,80,77,76,78,82,74,63,78,65,80,69,68,67,71,68,62,57,59,54,58,45,57,60,59,58,46,55,57,61,68,47,45,39,49,47,46,35,32,51,42,31,45,40,50,41,43,49,29,45,46,48,48,39,38,54,28,36,38,35,34,35,41,27,39,35,38,30,30,33,31,42,35,22,27,23,30,36,29,26,32,26,22
35,24,37,33,27,41,27,48,99,433,1363,2532,2832,2819,2553,2268,2125,1995,1841,1705,1667,1498,1340,1400,1229,1190,1129,1096,991,939,928,868,808,801,795,699,678,681,638,647,613,557,613,552,545,557,547,502,508,457,490,459,449,454,439,414,423,394,400,416,376,358,346,345,320,336,305,291,281,292,299,298,287,268,275,248,274,226,238,269,227,204,218,211,223,211,179,204,193,204,188,171,184,164,176,195,169,159,168,163,158,150,156,150,148,140,142,158,135,136,139,129,127,137,103,108,113,113,112,108,91,117,116,100,99,92,93,80,89,102,87,92,94,100,72,91,98,69,79,87,89,75,86,78,59,72,73,62,71,64,68,50,62,62,77,73,62,64,62,70,60,62,60,49,45,60,44,47,48,54,47,46,45,34,40,49,34,41,34,47,36,47,47,50,43,40,41,50,47,40,28,38,41,40,46,41,29,37,39,38
41,41,50,32,40,45,50,68,183,787,2292,4445,5001,4872,4628,4126,3832,3457,3265,2977,2727,2445,2187,2088,1863,1654,1631,1420,1362,1330,1242,1135,1097,1107,989,987,1000,907,885,836,843,882,859,807,825,761,748,691,757,675,702,703,660,638,609,645,596,614,548,527,567,525,499,529,498,464,450,452,444,421,429,387,391,363,353,362,372,375,370,338,302,335,311,338,335,292,278,321,292,284,270,258,255,278,239,252,265,241,228,217,230,226,212,226,196,207,213,194,181,205,188,198,186,182,197,193,135,172,154,157,151,157,149,141,137,126,141,129,132,151,150,134,139,119,124,142,119,120,152,131,107,110,115,106,113,118,108,103,96,96,100,100,91,105,99,100,86,93,99,77,82,95,78,103,73,79,84,74,80,84,75,75,69,81,78,68,57,68,62,71,73,61,65,53,68,70,64,64,57,47,59,66,56,55,44,54,36,50,64,37
18,17,16,9,7,11,11,14,46,133,409,733,748,687,601,507,494,463,471,394,388,371,332,313,297,298,283,248,278,237,221,215,222,181,197,179,173,168,154,171,165,162,157,139,160,156,152,147,116,124,125,134,124,113,114,116,111,111,117,102,102,94,98,96,75,88,72,98,84,62,72,81,76,72,72,79,71,68,58,61,65,73,53,74,56,51,52,58,61,63,47,72,60,52,42,59,46,48,50,54,44,48,37,45,37,42,46,37,51,45,52,34,40,34,28,40,42,30,26,33,36,33,36,26,36,45,28,31,29,32,25,28,35,33,23,32,34,28,26,29,29,29,34,32,24,18,31,34,18,30,22,24,20,27,19,19,19,25,27,20,23,20,26,27,21,22,19,21,21,16,13,18,14,18,17,19,18,26,16,20,15,23,19,13,19,13,18,21,9,14,19,21,15,9,16,13,12,12,5,15
42,47,53,46,40,36,41,57,163,561,1927,3822,4707,4627,4424,3993,3769,3419,3191,2854,2625,2457,2220,2002,1846,1711,1593,1388,1340,1254,1225,1205,1112,1092,1062,1016,977,889,822,888,820,815,808,741,751,729,729,658,655,656,650,672,666,679,565,557,561,557,555,509,511,507,513,545,462,488,470,464,457,388,411,388,384,379,389,409,359,307,343,325,372,288,313,294,266,267,290,316,256,256,248,251,244,229,255,217,213,228,238,228,204,217,209,206,176,185,181,151,178,191,163,173,163,160,164,144,149,185,150,151,168,165,149,142,135,130,121,119,141,122,149,122,129,99,115,130,119,118,103,103,100,120,98,103,106,96,108,88,96,98,70,87,76,82,81,93,75,75,88,78,67,100,75,78,78,60,75,70,80,53,65,61,66,66,69,58,55,71,49,66,56,54,65,60,49,71,55,61,54,57,66,51,47,41,45,38,37,39,52,43
14,13,7,7,17,17,14,16,51,144,418,633,707,621,607,523,458,492,457,399,379,372,369,315,295,301,282,287,289,244,277,233,252,215,215,207,206,199,170,188,179,169,174,145,178,143,149,142,141,133,112,137,135,113,115,120,124,106,112,82,118,111,116,100,84,80,95,91,87,77,93,94,98,62,80,70,87,71,71,69,74,67,65,70,61,74,66,62,63,42,41,46,50,58,50,68,49,55,54,57,54,53,53,34,39,58,48,36,48,35,46,58,32,29,34,37,46,36,35,39,34,42,33,36,29,25,47,30,34,42,39,28,30,32,30,36,31,32,23,29,21,33,41,28,22,39,27,39,26,27,18,30,31,27,20,21,24,26,21,23,19,13,22,18,13,27,21,15,19,26,15,18,23,11,21,18,20,21,23,17,11,16,18,18,16,10,12,15,18,15,10,21,17,14,18,12,15,12,13,13
16,16,23,16,20,28,21,31,58,247,781,1406,1520,1475,1316,1206,1145,1020,983,909,857,843,768,688,641,604,599,570,533,520,483,471,424,424,388,419,370,377,330,329,344,324,330,319,292,284,270,261,255,248,229,274,236,218,221,199,205,235,194,217,217,200,201,186,154,181,153,170,152,151,157,149,134,136,153,137,124,121,124,124,114,133,105,128,93,112,115,114,98,112,119,115,103,117,97,99,96,105,83,82,103,96,73,83,72,75,81,86,78,70,70,59,64,79,77,76,77,83,62,70,80,59,66,47,70,51,58,61,56,64,49,56,49,51,52,45,44,41,27,45,52,55,45,68,48,41,37,35,39,39,42,32,29,41,29,53,37,34,37,30,38,37,40,32,33,30,42,31,39,41,36,24,25,17,30,22,24,28,20,24,27,25,35,30,23,29,20,23,25,23,25,17,25,22,19,20,25,16,24,21
30,50,31,29,27,42,40,84,171,635,2065,3883,4443,4320,3876,3672,3323,3104,2893,2688,2493,2244,2089,1943,1855,1621,1574,1455,1390,1298,1223,1181,1175,1064,1048,1038,975,956,878,890,806,840,804,791,806,759,796,710,740,680,667,658,577,608,598,595,534,543,539,531,537,506,530,477,462,482,470,444,440,383,384,380,416,354,362,366,359,350,347,313,311,310,299,306,307,303,267,285,251,259,244,245,246,273,228,227,253,184,232,234,217,226,202,200,192,203,182,181,196,190,157,174,165,163,171,168,158,158,135,158,144,139,142,118,148,125,128,142,126,140,134,128,119,117,127,109,120,122,97,92,111,97,83,114,85,92,79,88,100,86,88,97,78,101,90,73,79,82,94,87,80,67,78,70,79,68,71,83,62,65,61,72,76,71,61,51,54,68,62,63,48,58,53,61,62,75,43,55,51,49,37,46,43,42,52,35,56,48,35,41
25,25,27,20,19,23,18,38,111,406,1257,2265,2465,2276,2133,1912,1705,1498,1400,1270,1188,1062,959,962,891,776,765,755,686,650,599,584,553,506,540,511,470,444,449,443,442,392,381,382,388,378,339,325,316,313,297,293,323,276,303,247,286,277,247,237,273,238,230,226,216,230,247,225,201,189,195,186,185,163,172,196,166,152,163,167,152,153,155,153,138,126,144,143,127,111,134,125,164,98,137,121,127,125,99,118,111,102,92,105,106,89,107,83,73,93,93,91,91,85,87,73,77,95,64,77,86,75,72,64,54,74,59,79,62,63,63,68,72,71,51,63,67,53,59,63,51,55,58,62,43,46,49,43,51,47,47,48,43,49,34,49,48,44,56,42,41,35,43,40,33,41,41,42,38,30,33,46,32,38,41,42,42,37,35,30,27,25,32,30,30,23,27,37,22,25,34,25,25,31,25,17,24,30,33,24
25,17,14,18,24,19,20,14,61,232,750,1421,1579,1460,1316,1209,1094,1027,924,847,836,740,734,598,631,560,550,509,465,423,430,419,387,386,366,360,387,311,333,315,337,301,237,276,295,275,260,267,228,239,251,241,228,231,192,206,182,167,157,203,171,155,154,158,144,169,156,145,152,138,150,138,129,112,119,156,123,123,92,103,107,116,116,145,105,125,100,104,99,100,78,110,99,107,99,106,95,71,71,91,87,79,79,83,78,70,79,73,66,74,69,54,63,54,83,70,55,54,58,66,52,44,50,61,53,50,51,50,59,57,40,54,52,54,49,46,58,56,42,50,50,51,43,37,29,38,43,28,30,39,46,34,34,34,24,29,36,39,36,34,34,21,44,25,29,31,36,27,31,25,18,29,28,26,31,30,25,18,20,21,24,22,27,23,28,22,23,31,24,30,20,17,15,14,24,13,23,17,24,23
64,52,62,62,70,78,64,80,212,863,2728,5070,5829,5914,5505,5075,4754,4404,4024,3741,3439,3222,2942,2652,2525,2382,2241,2040,1903,1846,1679,1626,1541,1490,1436,1349,1294,1286,1264,1224,1173,1112,1123,1066,1092,1043,962,966,958,880,897,915,935,837,841,830,761,747,717,739,764,706,642,662,649,605,573,599,572,579,549,515,548,519,486,480,483,471,490,486,448,441,429,429,405,399,413,405,390,346,390,347,363,345,355,307,346,307,331,310,297,264,288,254,284,278,257,271,306,246,245,244,255,248,269,209,233,237,203,196,230,209,206,211,189,180,209,202,175,182,193,171,163,176,188,178,171,163,142,160,149,169,142,156,140,128,157,125,125,128,149,134,132,119,115,144,104,126,132,129,106,118,110,116,107,112,111,109,99,86,129,81,110,105,106,94,108,90,90,78,85,91,81,92,74,78,95,82,79,84,74,64,85,64,76,65,50,61,76,53
24,38,39,35,25,27,32,41,111,454,1460,2673,2935,2805,2567,2323,2007,1813,1688,1643,1534,1344,1232,1145,1114,990,962,904,899,787,737,725,654,644,613,610,575,579,526,546,506,464,502,483,472,467,428,448,436,368,411,353,375,360,352,321,349,333,320,334,292,321,257,308,298,291,245,216,243,234,237,222,233,207,188,203,214,214,189,219,231,187,193,183,166,196,175,196,177,147,179,157,151,162,177,163,128,140,164,120,139,137,113,125,137,117,117,116,121,108,112,108,112,94,104,97,106,94,89,100,93,90,81,86,77,84,72,85,96,69,78,87,99,91,79,65,86,72,77,59,74,76,58,66,55,66,63,53,60,50,52,65,73,59,60,48,61,54,48,58,53,65,54,51,54,53,47,45,55,52,39,47,51,40,51,42,43,54,43,38,41,50,41,35,37,42,36,31,30,25,31,32,40,34,26,30,36,27,33,25
10,15,12,7,10,14,12,21,51,179,591,1085,1115,1052,1021,899,784,750,685,674,626,509,536,506,454,453,385,403,366,349,324,331,313,301,293,272,265,255,243,219,228,207,224,210,205,192,202,194,165,187,183,179,188,156,158,168,152,137,125,136,121,137,129,128,131,108,100,119,103,103,98,89,81,104,104,87,98,95,102,104,71,80,68,56,72,82,82,75,58,75,64,65,55,55,57,72,59,70,57,56,53,64,65,58,58,58,54,50,52,49,51,51,37,52,41,40,44,37,44,39,25,34,50,32,48,32,28,41,41,29,36,34,35,39,28,25,32,30,36,30,30,23,30,26,28,31,22,25,23,20,24,20,29,22,33,26,21,17,24,21,28,22,22,16,21,17,14,20,17,23,22,18,18,19,17,12,23,20,20,16,14,29,16,13,21,21,14,22,12,15,14,14,12,9,10,9,4,21,17,13
10,15,11,14,12,12,18,17,44,137,393,748,812,720,663,554,562,516,439,460,428,350,353,318,317,314,280,282,248,246,253,214,245,194,188,186,187,205,185,168,167,170,160,146,162,142,129,159,137,148,122,119,136,127,105,121,126,93,101,112,105,101,94,98,90,75,96,89,107,67,79,93,64,78,77,88,67,77,74,78,54,64,87,67,66,54,68,49,53,62,69,46,70,47,56,64,50,62,45,50,50,43,54,48,52,45,49,46,39,49,49,40,36,37,48,33,29,44,31,31,28,31,27,42,34,37,29,31,40,29,27,31,30,25,35,29,27,32,22,35,26,27,22,19,20,34,28,20,20,23,23,28,21,24,16,22,17,29,15,24,20,31,19,20,20,21,15,27,16,14,17,19,15,13,25,11,21,12,21,18,21,23,20,20,16,14,16,13,16,13,11,17,23,12,11,21,15,11,10,10
18,20,25,25,24,21,28,24,89,290,904,1706,1927,1842,1651,1612,1403,1249,1193,1092,999,954,857,828,732,724,623,631,617,547,514,521,526,497,451,445,414,434,359,381,376,349,337,356,323,308,298,307,298,274,281,279,240,282,287,236,261,246,235,242,212,190,211,198,201,168,209,177,184,189,211,143,150,173,138,162,154,149,127,133,138,142,131,129,129,122,143,134,115,117,136,94,113,117,106,82,86,95,110,95,92,78,76,90,106,84,81,97,80,72,89,79,79,78,76,67,73,75,74,89,64,69,61,71,55,83,64,66,67,67,44,75,50,55,57,45,55,53,59,51,46,47,46,38,50,52,41,60,42,49,43,42,38,37,42,45,46,42,28,34,42,26,37,43,22,43,25,33,41,29,30,34,28,25,28,31,32,22,29,20,35,24,22,27,28,26,30,27,24,29,31,23,29,21,22,29,15,22,21,15
29,32,28,20,34,38,27,33,128,520,1835,3763,4041,3823,3411,3138,2741,2450,2159,2053,1931,1712,1556,1502,1372,1230,1121,1096,1057,980,924,920,842,782,775,730,749,704,654,666,642,630,568,557,544,513,529,491,526,460,465,429,467,472,440,412,386,425,381,393,344,345,365,354,330,302,314,326,274,287,270,270,254,265,252,266,255,223,252,246,230,234,205,236,208,207,223,229,172,198,173,172,182,155,174,160,154,147,168,131,159,154,127,123,132,160,118,127,109,129,108,121,123,120,147,122,95,110,90,100,102,119,93,118,83,93,105,100,106,88,87,71,88,70,82,75,79,78,69,64,57,62,82,86,89,71,69,58,66,73,69,69,59,60,48,73,74,57,62,51,51,66,67,60,48,58,47,48,36,55,55,49,43,41,36,56,35,48,47,45,38,36,43,40,46,28,31,43,32,39,37,31,34,28,28,28,43,32,30,32
48,56,62,72,56,57,54,74,218,796,2437,4672,5516,5330,5042,4688,4346,4011,3848,3465,3272,3032,2783,2550,2397,2124,1970,2011,1774,1642,1597,1551,1518,1414,1376,1294,1301,1246,1238,1201,1160,1083,984,1094,930,1024,952,924,927,896,951,870,821,788,783,797,765,829,726,748,718,707,705,649,626,660,597,556,544,572,523,523,545,513,524,526,503,441,465,469,434,408,439,395,433,420,414,398,380,345,391,375,387,332,334,350,319,343,344,306,307,294,279,310,272,291,245,270,273,265,249,258,227,251,237,243,206,187,229,210,230,211,234,202,187,208,203,198,169,183,188,175,170,168,163,178,162,145,175,159,158,138,136,144,124,144,151,146,126,146,126,115,115,120,112,121,142,138,120,130,111,109,109,122,120,119,108,92,95,107,106,87,93,84,104,107,108,95,75,110,93,77,108,95,80,75,89,75,70,61,86,80,80,65,60,58,79,47,52,45
43,57,44,60,51,46,56,93,222,863,2853,5457,6731,6602,6044,5604,4914,4550,4118,3780,3351,2967,2704,2439,2288,2058,1856,1742,1564,1541,1364,1343,1255,1223,1106,1128,1153,1079,1025,1028,968,925,912,913,899,839,844,831,814,831,793,726,757,778,723,710,683,695,684,630,658,638,585,596,561,565,555,532,532,482,480,459,475,418,469,441,442,412,405,386,369,360,403,422,359,373,338,354,359,304,336,332,319,299,311,289,280,289,260,280,276,264,253,253,256,239,232,212,222,239,216,218,198,210,219,197,211,195,188,214,176,176,167,182,161,171,170,181,160,181,155,150,162,158,150,113,130,130,152,142,133,125,142,141,115,111,114,131,117,114,125,121,112,107,116,100,119,126,131,97,98,99,97,81,90,90,105,117,94,93,97,79,93,86,80,87,97,67,73,81,89,79,63,77,74,74,63,67,75,77,73,63,70,62,45,58,48,66,49,53
16,16,15,16,23,13,17,22,33,116,358,655,652,619,526,509,448,412,359,357,327,286,274,251,254,242,237,230,229,213,202,191,176,148,184,141,160,149,157,145,137,120,139,130,127,114,105,113,91,113,109,107,110,99,83,105,86,100,77,93,79,76,83,66,85,85,84,64,66,71,77,60,70,62,70,64,49,50,66,53,60,60,54,51,52,50,56,60,53,54,48,33,59,50,59,50,54,42,49,35,44,43,40,25,49,46,40,40,35,50,31,34,29,33,24,30,36,35,29,27,25,20,36,26,26,30,34,32,29,34,29,18,35,26,17,26,24,21,24,24,21,22,18,24,25,24,19,19,25,10,24,20,15,23,24,9,23,17,22,24,14,19,19,13,8,24,20,20,15,15,14,16,7,14,15,12,17,8,17,14,23,16,18,20,19,14,11,19,19,11,12,21,14,16,16,11,13,14,8,6
26,30,32,30,40,25,27,26,70,286,876,1477,1599,1530,1309,1262,1160,1110,1017,993,860,856,739,705,706,691,627,617,565,603,526,500,497,473,454,445,418,421,410,418,375,374,386,337,332,318,316,327,307,307,277,290,298,291,280,257,252,257,233,254,247,213,217,209,210,218,209,192,196,185,184,185,187,171,183,146,162,172,130,134,163,150,142,127,151,134,153,139,168,122,118,118,125,110,137,112,125,129,116,101,96,115,108,98,118,105,95,103,89,105,103,104,107,88,93,80,85,95,88,89,99,68,89,86,68,80,78,66,82,63,71,58,68,71,71,81,70,71,82,64,64,40,63,64,64,58,70,65,54,64,53,74,62,54,55,55,58,51,64,47,41,45,35,59,43,50,40,53,53,31,58,40,46,45,34,45,33,39,39,50,36,41,30,51,31,40,32,31,29,32,37,23,33,38,36,32,42,36,31,29
30,20,30,26,31,24,28,29,89,344,1100,1807,1937,1799,1628,1482,1373,1151,1085,992,937,890,798,761,707,665,605,598,555,526,514,475,496,444,455,390,410,362,400,343,357,321,330,309,318,314,310,306,276,292,268,259,253,248,231,229,247,197,239,237,227,240,232,205,201,196,181,202,185,196,157,150,146,145,129,172,142,148,158,149,137,146,147,140,139,143,121,125,116,119,114,116,106,90,112,99,117,107,102,87,89,103,99,103,81,82,89,107,98,71,86,94,75,66,78,85,91,85,63,63,70,70,82,77,77,57,60,56,51,60,39,71,59,61,58,64,50,61,49,43,47,57,57,44,28,45,39,53,55,40,49,37,38,49,44,48,49,31,33,39,42,42,43,35,41,44,42,43,24,36,37,33,29,40,45,41,30,38,41,40,30,25,35,30,31,26,19,30,34,24,29,36,25,26,24,29,19,29,22,20
29,32,19,31,25,40,31,33,108,399,1159,2093,2318,2239,2146,1944,1773,1712,1521,1530,1371,1271,1215,1115,1085,998,957,930,820,834,749,702,717,750,666,634,604,598,557,517,528,516,527,532,479,480,423,430,453,431,409,349,385,367,393,351,354,335,347,292,318,301,303,315,265,301,240,265,248,243,251,228,243,218,225,217,184,225,243,186,187,208,187,220,188,200,192,183,168,166,175,195,147,153,165,141,148,132,112,135,126,131,129,153,141,145,125,124,125,121,126,115,106,119,115,101,115,125,101,107,107,88,97,93,85,100,88,88,84,82,81,72,82,76,82,81,67,73,86,83,67,61,60,58,64,64,62,66,64,50,65,53,60,67,52,52,52,52,65,68,56,55,58,51,39,55,56,51,35,44,41,38,43,42,42,38,43,42,35,34,39,37,36,44,34,44,32,37,43,36,44,27,32,30,25,32,38,28,41,27
34,19,24,22,23,24,36,35,100,326,1151,2061,2272,2175,1960,1747,1659,1453,1385,1318,1248,1160,1057,983,945,850,864,743,707,748,676,580,582,568,549,535,561,515,484,467,469,448,404,419,392,406,385,363,344,354,349,338,333,320,346,270,276,292,326,304,259,253,268,253,238,270,233,228,210,187,215,226,199,190,182,189,159,181,182,157,149,156,167,157,178,153,149,146,124,124,141,117,146,151,128,140,114,125,118,141,112,97,101,118,92,112,79,87,98,105,97,88,93,103,93,76,81,86,82,80,92,78,82,76,88,89,73,71,73,60,84,64,61,73,64,61,59,51,64,49,51,56,60,61,48,62,62,51,57,62,61,57,55,41,46,54,48,39,49,57,48,53,32,45,38,39,35,41,46,34,48,44,30,38,39,31,38,32,37,41,26,31,26,37,32,38,32,28,40,35,29,24,34,29,18,29,29,27,35,32
31,44,26,39,42,42,46,42,145,568,1821,3293,3753,3449,3096,2975,2718,2521,2259,2056,1951,1810,1714,1559,1465,1316,1255,1201,1127,1068,1059,938,933,872,891,817,787,810,747,718,700,656,658,645,684,630,619,546,584,519,472,469,499,502,464,497,473,471,419,383,430,417,386,361,404,382,352,364,312,311,302,313,325,284,242,302,318,272,233,260,268,231,261,235,217,228,247,209,221,224,198,217,196,225,205,179,194,202,183,168,153,154,170,151,149,166,150,147,148,142,147,158,129,136,119,134,115,122,117,133,117,115,139,116,134,105,118,107,87,125,94,100,113,103,119,117,83,92,85,108,107,91,83,82,72,85,75,83,65,74,63,71,84,76,69,86,70,65,75,78,72,75,76,70,60,53,75,61,46,53,47,45,59,64,60,47,46,53,50,46,49,52,55,39,40,42,61,55,42,40,48,52,54,42,46,43,29,36,43,29
8,12,9,12,9,14,16,14,35,84,256,536,593,566,461,419,447,378,323,328,300,293,272,256,250,262,245,213,189,177,198,187,186,176,151,153,159,136,154,149,144,141,135,120,140,130,118,114,94,114,104,98,104,73,84,116,99,96,73,96,96,66,75,87,72,79,77,70,82,58,67,63,83,63,68,53,59,55,56,64,48,73,63,51,36,52,39,32,61,48,52,43,37,38,45,48,36,31,35,46,40,34,45,44,33,37,40,32,33,36,24,21,26,30,35,38,33,33,29,26,27,22,32,20,24,32,25,26,21,18,26,18,23,37,16,19,37,20,26,18,20,22,24,19,20,17,23,13,12,18,10,16,15,25,14,19,22,19,17,15,16,15,20,21,16,17,20,16,11,11,10,12,11,14,12,21,19,11,21,7,14,20,17,7,17,8,10,18,8,16,19,12,12,21,12,9,15,16,7,7
14,8,13,8,11,11,15,14,43,160,513,923,951,927,805,758,704,591,551,531,518,532,471,429,450,405,341,353,360,325,341,322,300,301,280,281,273,219,264,220,222,198,206,192,182,199,191,184,165,157,166,144,174,143,131,140,140,158,140,126,128,155,132,145,144,112,130,106,98,112,113,96,114,92,119,91,107,94,86,81,88,94,103,76,92,96,82,82,92,70,56,61,66,77,62,59,72,61,69,75,64,50,56,60,63,64,64,48,50,53,49,39,50,42,34,57,44,45,44,38,29,40,38,54,49,32,39,25,48,39,50,26,38,42,22,29,33,23,42,33,30,34,34,34,24,32,25,25,34,24,18,32,29,23,27,21,20,27,35,21,25,18,30,28,24,36,23,16,21,20,26,20,24,20,18,22,21,12,22,25,26,22,15,17,12,19,9,23,20,19,20,22,17,22,13,10,13,18,21,16
20,19,18,14,16,20,21,20,58,214,703,1266,1460,1341,1234,1110,965,937,874,742,770,659,656,645,556,525,502,467,453,442,448,339,348,348,334,314,328,287,291,320,284,281,258,263,229,195,246,224,215,219,218,215,190,172,190,195,191,204,165,160,171,146,137,145,143,124,140,140,158,137,91,135,122,122,111,80,89,121,128,119,124,97,95,99,89,102,92,93,91,91,90,89,86,78,89,78,64,93,63,60,78,68,68,71,73,82,57,63,74,71,63,57,58,65,59,51,55,45,53,50,64,59,54,64,49,53,46,45,40,54,49,40,40,41,39,41,49,50,50,32,40,41,34,35,34,39,38,42,36,32,43,34,26,33,29,40,34,23,30,20,35,31,31,22,22,28,27,31,24,27,29,29,21,23,30,27,24,30,19,38,27,26,22,29,20,19,24,21,20,26,22,29,22,19,19,15,18,20,21,18
65,79,51,77,64,60,76,96,289,965,3153,5957,7179,7164,6788,6225,5826,5279,4921,4501,4191,3769,3417,3150,2916,2791,2431,2349,2186,2047,2052,1890,1696,1730,1648,1553,1507,1463,1413,1427,1300,1277,1258,1308,1237,1222,1210,1152,1099,1094,1112,1056,1003,1020,1074,980,981,900,898,844,843,870,794,780,771,730,707,721,665,707,655,669,624,673,594,622,610,594,551,556,548,535,481,503,493,517,463,471,454,464,412,457,459,400,393,380,367,383,374,370,364,326,350,367,324,357,316,310,337,290,304,306,330,298,270,281,254,281,259,280,252,272,242,242,260,223,222,243,220,215,235,195,230,201,204,212,194,161,198,189,190,174,187,183,170,149,134,158,178,147,145,156,144,154,156,141,131,135,163,140,125,120,142,111,126,138,127,152,117,114,141,133,102,127,107,119,98,113,101,90,118,105,103,89,76,91,95,80,83,106,91,100,93,68,57,68,55,65,62,69
38,33,30,31,45,28,38,51,108,390,1204,2292,2584,2474,2205,2119,1934,1706,1650,1509,1440,1293,1240,1220,1026,1047,883,883,820,775,740,691,660,655,665,576,557,595,539,555,502,478,481,455,445,460,431,452,405,427,402,366,390,374,364,349,336,326,332,346,324,359,316,258,291,320,259,269,256,265,217,238,237,212,237,189,227,219,182,204,203,175,203,201,178,164,158,200,172,159,155,172,157,168,155,145,151,159,149,145,147,127,115,126,119,125,122,141,116,113,100,112,114,114,129,110,98,100,100,113,89,97,96,85,104,104,78,91,93,92,66,87,75,93,95,87,99,77,84,69,74,65,69,72,63,66,67,63,67,64,76,71,74,62,74,67,61,72,59,48,58,53,55,59,54,61,63,52,52,55,55,67,53,49,42,48,47,42,50,44,56,38,40,37,46,46,39,45,37,51,41,49,39,46,39,32,37,30,29,29
23,31,20,17,30,23,19,46,86,297,939,1827,1993,1876,1800,1531,1475,1329,1323,1206,1106,1039,990,921,851,807,765,733,711,661,628,614,535,550,578,516,466,497,451,452,443,437,411,404,418,374,340,336,352,319,308,316,315,289,299,270,281,272,254,286,284,269,257,227,242,230,192,203,219,222,199,200,198,202,191,181,163,171,177,159,164,148,179,157,139,134,155,139,129,134,125,145,117,119,125,128,122,129,115,87,120,120,82,126,118,130,96,100,84,81,82,102,97,94,90,78,78,81,72,90,67,69,71,88,64,66,82,72,69,70,68,64,52,61,65,65,59,60,66,60,64,56,68,52,53,59,66,49,44,53,42,47,49,45,46,54,50,59,42,43,42,43,46,44,53,39,40,42,33,28,39,34,39,36,31,39,30,36,42,26,24,30,28,33,34,30,32,46,19,36,25,28,30,26,24,26,22,24,41,28
66,73,93,83,89,87,100,128,312,1143,3291,6471,7534,7536,7157,6712,6123,5640,5095,4538,4343,3798,3454,3103,2858,2619,2354,2232,2043,2036,1882,1759,1631,1549,1516,1545,1512,1493,1376,1323,1365,1300,1253,1297,1182,1154,1218,1154,1217,1087,1043,1079,1054,1115,987,996,975,1003,940,930,891,878,885,812,810,782,759,767,705,745,666,688,696,686,695,637,615,588,626,620,661,597,594,591,516,555,555,520,505,501,542,490,502,499,428,441,415,426,412,395,392,409,395,410,332,331,360,366,344,359,344,348,333,332,315,330,322,320,321,267,268,310,276,300,270,249,265,267,260,245,253,242,247,233,221,225,240,210,212,210,208,215,229,171,200,199,192,167,192,202,209,169,171,171,193,147,161,174,175,171,153,144,150,148,162,153,146,140,141,127,143,154,137,129,115,139,137,116,137,124,110,117,112,127,117,103,113,107,110,125,110,84,84,82,89,92,82,83,83,86
35,51,50,42,38,42,42,46,157,517,1717,3194,3720,3536,3198,3082,2709,2538,2438,2182,2131,1963,1883,1717,1562,1487,1435,1310,1226,1159,1110,1095,1030,970,924,902,898,811,757,733,746,710,737,675,670,691,621,618,565,608,550,542,596,565,541,602,532,507,493,463,441,491,392,441,409,411,370,370,341,380,346,333,310,338,359,304,323,303,294,275,290,278,299,277,270,256,241,256,251,260,234,211,231,254,212,225,219,212,200,201,196,200,180,188,195,163,190,180,173,177,173,155,158,168,161,145,139,140,132,132,123,144,116,128,145,143,114,124,138,133,129,108,106,121,110,107,129,119,108,94,99,92,101,92,85,84,97,91,88,89,86,83,84,75,81,78,79,79,80,59,73,79,74,80,69,78,58,86,67,55,67,86,69,71,68,64,74,49,52,55,55,54,54,53,60,54,46,50,58,50,48,53,49,39,48,34,58,39,36,38
25,26,26,29,19,41,34,34,102,418,1314,2491,2709,2529,2324,2115,1832,1694,1483,1477,1368,1181,1107,1163,984,907,923,825,771,777,712,711,666,643,592,561,555,570,509,466,526,455,486,460,416,463,409,395,411,366,355,372,325,322,312,352,279,315,313,303,303,306,274,281,261,250,242,240,230,232,216,225,217,184,200,195,215,214,150,194,187,149,170,166,145,163,154,170,150,151,148,148,119,154,131,122,122,155,115,123,159,117,115,101,125,115,106,112,99,83,94,88,82,102,99,98,77,95,95,85,74,87,77,87,81,92,86,79,76,76,68,70,67,74,76,56,60,63,70,73,57,63,60,65,57,52,53,57,61,52,48,47,43,57,49,54,55,43,47,55,53,43,38,44,43,40,47,46,47,32,47,51,41,38,36,39,43,38,32,30,44,36,36,37,36,32,34,33,30,27,35,32,34,32,21,26,27,31,30,41
58,53,67,61,65,63,60,125,277,870,2852,5333,6702,7088,7009,6615,6296,5916,5466,5077,4669,4079,3697,3239,3034,2675,2504,2182,2045,1862,1758,1671,1649,1627,1473,1405,1350,1348,1338,1229,1295,1320,1256,1192,1159,1188,1238,1154,1115,1058,1083,1090,1075,1047,1034,987,944,942,991,910,923,919,841,799,854,763,742,754,707,759,701,686,661,643,610,631,639,641,566,596,564,513,542,524,511,539,542,512,512,425,445,410,441,450,434,428,428,414,412,431,411,368,342,359,363,321,357,344,320,330,290,301,294,300,287,276,287,240,273,282,268,278,266,247,242,253,234,236,219,206,223,220,209,222,207,212,224,179,196,211,217,208,183,160,185,165,174,186,159,165,163,156,170,144,178,174,151,176,156,157,129,152,133,145,146,123,140,142,115,121,125,109,112,104,118,117,107,112,109,118,101,101,115,107,103,107,101,88,83,99,98,77,81,78,68,69,68,59,68,56
43,43,43,53,48,40,31,47,148,512,1603,3063,3561,3457,3099,2769,2597,2366,2262,2160,1871,1799,1651,1609,1437,1326,1264,1270,1137,1064,989,1030,939,887,930,836,790,763,708,715,726,662,655,637,621,598,638,575,558,525,528,536,512,520,488,518,453,420,454,409,407,411,421,406,378,354,366,342,319,319,310,312,312,324,282,303,275,294,231,267,246,244,233,246,247,239,240,233,218,211,229,207,211,190,207,208,179,197,183,173,195,164,153,187,167,152,156,182,144,153,127,168,172,141,147,136,163,132,117,135,127,114,127,141,122,109,117,101,115,112,92,132,82,108,116,86,92,97,78,99,95,86,95,93,101,86,80,89,78,78,89,76,86,78,81,58,68,93,82,63,79,84,66,63,56,64,70,57,76,65,67,73,57,40,71,60,69,47,58,67,44,54,52,37,61,51,58,63,34,46,51,49,47,38,38,44,42,39,47,52
37,31,25,23,29,27,32,35,111,433,1291,2276,2490,2451,2246,2032,1957,1780,1609,1501,1487,1242,1314,1228,1115,1008,957,925,832,855,777,790,797,727,674,660,627,651,613,578,547,599,541,496,488,509,448,435,410,404,428,413,401,388,412,381,344,338,358,308,313,339,308,344,293,294,297,279,263,261,233,235,229,256,241,218,224,227,257,182,197,213,221,186,166,209,187,197,174,173,196,154,163,152,146,150,152,125,124,161,132,134,131,132,132,120,147,127,106,123,89,135,118,101,101,102,103,115,80,107,97,96,92,112,108,91,99,105,86,84,95,74,99,76,88,79,82,58,69,78,61,75,62,80,51,73,60,65,53,60,57,50,52,53,54,59,50,59,60,63,43,54,44,34,43,62,36,48,48,33,59,48,43,47,44,47,51,50,35,49,41,46,38,40,31,40,39,34,46,43,35,41,29,40,43,28,32,38,21,34
31,48,28,45,35,40,41,64,146,570,1762,3564,4172,3998,3661,3524,3127,2920,2720,2584,2435,2166,1969,1828,1667,1555,1476,1400,1344,1222,1268,1131,1069,1004,983,967,913,888,855,826,818,757,751,727,727,687,667,662,622,620,616,558,565,550,543,587,521,521,508,478,481,484,435,451,452,434,427,388,371,366,394,358,360,360,345,328,349,303,300,301,326,289,289,298,269,270,299,246,268,267,242,244,239,234,239,220,242,223,225,175,198,210,178,206,184,188,171,171,163,131,178,161,178,154,163,151,141,159,117,144,130,155,124,148,143,138,113,128,111,124,121,125,126,150,123,131,125,114,95,103,116,101,105,101,88,93,108,84,88,90,77,93,96,102,80,79,84,77,85,93,76,71,76,72,82,67,73,71,54,54,72,56,73,60,69,60,56,66,49,52,60,68,53,55,60,55,53,59,50,53,50,49,50,41,48,50,37,43,47,40
29,35,34,29,37,31,26,48,139,525,1665,3059,3532,3334,3065,2787,2578,2365,2244,2050,1811,1717,1643,1485,1337,1377,1260,1228,1160,1005,1042,968,917,934,840,803,842,773,762,672,674,662,636,621,587,603,598,561,556,507,526,511,470,494,489,444,457,428,449,434,397,471,386,349,409,391,368,323,294,343,299,319,302,292,281,278,259,295,245,276,253,232,257,237,221,215,227,234,209,212,212,183,197,216,181,181,203,180,182,171,156,162,177,173,164,143,163,142,142,135,115,138,144,123,138,125,121,111,123,120,115,130,144,121,114,130,114,117,106,112,96,79,106,115,102,102,79,91,80,104,82,97,77,84,93,81,77,61,63,80,76,83,86,84,53,57,74,63,71,68,62,62,52,75,75,60,47,60,62,50,52,41,57,53,54,51,40,58,50,46,46,52,42,38,43,40,55,41,33,50,41,37,29,32,38,29,52,32,32,31
44,33,32,40,29,50,28,41,91,316,1017,1696,1938,1862,1636,1437,1394,1237,1157,1196,1121,991,1003,883,834,798,757,743,677,670,575,562,562,559,531,492,519,497,477,444,480,447,433,448,425,423,399,364,376,346,351,344,327,295,313,309,302,303,313,316,277,265,286,250,279,269,248,241,234,227,220,226,218,214,206,202,209,173,212,191,181,195,206,193,193,180,152,185,169,162,151,164,137,147,175,152,151,156,158,136,140,137,125,129,116,123,146,134,118,116,100,121,118,110,110,120,97,105,120,95,108,91,92,105,101,88,103,89,89,89,72,87,97,82,79,78,84,72,71,83,74,71,78,66,73,63,83,65,57,79,61,59,72,78,57,65,49,73,60,59,62,51,58,72,54,52,55,62,56,70,58,36,47,56,43,54,58,45,42,55,56,50,48,37,55,40,48,42,49,42,42,49,43,53,44,51,42,45,42,38
7,12,18,13,10,8,17,11,36,144,489,901,961,932,870,711,699,660,641,551,535,495,478,449,434,402,361,342,351,304,327,283,278,309,246,245,276,224,241,238,212,226,227,236,208,181,173,164,176,143,167,164,184,140,149,145,143,156,129,140,136,130,106,116,131,118,122,110,103,112,101,79,98,91,68,93,95,70,96,85,79,81,86,92,73,85,67,70,69,79,69,64,52,67,59,57,71,50,45,50,52,66,60,44,44,49,56,51,47,46,52,46,51,50,61,38,47,49,36,37,33,41,28,33,35,48,44,33,26,32,37,15,33,30,32,31,24,24,38,40,37,28,26,27,22,27,25,32,26,34,30,32,27,24,17,27,24,28,20,21,20,30,32,18,12,19,20,23,24,11,22,13,22,21,13,17,12,16,16,20,21,20,15,21,18,16,15,15,11,20,19,9,14,17,11,14,7,12,13,14
12,23,18,29,13,15,13,22,50,204,649,1174,1223,1104,1047,919,842,789,731,711,683,628,624,545,556,514,424,453,447,381,385,359,384,350,372,330,274,305,285,239,285,264,252,239,266,242,215,227,216,220,224,200,180,193,188,182,158,162,176,132,165,165,142,161,141,154,165,143,128,135,116,120,115,105,119,108,115,117,137,111,113,109,87,86,78,90,89,85,84,94,82,83,74,88,84,75,87,84,74,87,64,84,75,72,63,67,64,59,83,61,57,70,55,56,65,50,55,68,46,63,61,45,47,69,40,39,64,49,48,51,39,47,48,41,38,57,55,39,38,38,40,34,37,41,43,40,35,37,33,37,37,33,31,49,33,24,37,30,27,33,26,40,26,24,28,34,26,32,25,28,24,21,30,34,17,22,16,25,24,14,26,26,14,23,21,28,15,22,19,27,15,21,19,15,14,22,20,16,11,24
60,67,47,73,60,51,72,99,260,956,3080,5859,6755,6588,6254,5843,5444,4913,4566,4258,3867,3579,3305,3062,2737,2553,2326,2223,2005,1927,1877,1771,1676,1677,1538,1470,1470,1361,1300,1361,1280,1278,1205,1115,1169,1086,1069,1035,1036,957,945,931,965,873,890,867,818,834,834,743,766,791,732,707,713,706,680,607,639,603,578,543,514,567,539,496,512,488,535,446,460,455,434,463,465,418,403,394,415,386,391,342,391,347,314,359,343,337,299,320,293,310,312,300,299,296,253,260,267,237,248,263,268,213,234,231,226,222,212,203,222,207,217,198,213,192,167,201,196,184,169,192,182,174,151,170,201,157,141,184,171,154,149,154,140,150,125,148,139,126,133,135,115,143,131,121,133,115,124,111,125,116,112,104,102,83,107,91,101,102,87,110,97,124,107,98,89,101,95,114,98,77,80,73,78,76,84,79,77,83,60,82,58,71,78,74,64,65,47,59
48,41,38,50,34,40,50,71,157,541,1754,3242,3673,3582,3440,3125,2992,2724,2565,2455,2349,2040,1865,1727,1695,1539,1391,1376,1276,1220,1167,1189,1022,987,1001,908,867,864,883,817,783,782,786,739,745,716,685,675,618,677,601,621,613,615,585,545,495,549,535,514,479,467,493,435,440,433,440,422,413,455,379,390,365,338,321,370,368,346,339,323,341,322,316,291,267,318,258,237,276,239,255,224,247,229,227,266,214,215,217,222,208,216,196,192,165,181,182,185,176,155,164,163,173,164,181,179,143,148,160,154,162,155,138,151,128,142,129,140,130,125,134,144,152,121,94,103,127,114,116,99,116,94,104,100,89,91,96,103,105,101,82,104,109,110,90,92,87,86,75,83,90,70,75,71,90,90,81,79,66,70,66,73,67,82,58,63,72,69,66,67,70,67,53,64,57,57,49,63,65,48,62,51,52,51,52,47,46,46,40,41
49,51,46,40,31,35,53,65,166,626,2043,3845,4384,4246,3975,3673,3293,3069,2869,2732,2440,2315,2182,2073,1918,1743,1656,1600,1447,1449,1322,1254,1194,1169,1156,1104,1024,1003,945,954,870,877,863,866,825,765,777,835,746,733,695,670,657,653,639,614,621,605,585,628,588,599,527,534,525,458,445,462,451,425,413,400,456,359,388,402,398,350,349,322,373,312,298,336,330,303,320,291,287,273,268,262,275,261,244,263,243,253,263,228,237,221,232,181,198,215,198,193,246,208,184,183,193,172,184,185,166,156,168,171,163,149,164,167,128,162,155,142,147,137,121,140,140,141,120,121,120,136,116,132,119,116,108,132,102,111,107,86,107,97,99,100,85,99,102,107,92,94,86,98,80,85,86,79,86,81,80,74,68,65,77,76,61,78,70,71,52,74,71,65,64,60,70,76,70,55,65,60,60,61,58,46,64,49,45,52,49,52,48,39
10,15,13,12,12,14,6,16,66,171,542,967,1092,1031,1003,828,829,742,742,637,619,563,483,519,468,452,418,395,380,375,329,308,311,307,324,259,283,278,225,264,249,259,243,199,228,198,203,204,194,184,182,178,190,178,157,159,156,152,154,146,131,142,168,140,136,125,111,124,123,118,112,114,121,101,98,102,98,120,102,104,96,89,81,75,80,75,74,67,76,74,70,61,74,64,69,54,68,74,63,65,78,73,67,66,48,64,55,62,48,37,52,53,48,52,37,48,54,43,45,55,50,54,48,39,45,48,37,43,38,48,52,39,52,38,45,39,28,26,40,29,34,37,37,42,40,27,29,36,28,28,30,20,33,27,32,24,23,40,24,25,36,31,24,28,37,31,24,12,30,27,17,19,23,25,32,17,22,21,33,18,18,17,14,17,24,21,17,19,15,13,20,17,12,15,14,19,15,15,10,20
69,64,75,62,74,64,66,96,293,1089,3554,6803,8092,8086,7635,6982,6495,5925,5549,4845,4431,4295,3768,3399,3189,2829,2561,2445,2232,2059,2001,1884,1746,1801,1682,1598,1460,1427,1373,1357,1378,1359,1340,1270,1191,1215,1178,1183,1126,1058,1108,977,1044,1032,930,1001,932,937,885,901,826,830,823,808,736,799,681,700,724,651,693,636,646,602,646,598,582,576,548,517,519,503,515,495,475,500,472,454,417,432,398,430,393,401,440,396,427,363,368,390,351,328,355,314,309,333,298,308,282,292,289,291,258,249,257,240,256,254,255,236,258,218,235,236,216,241,214,231,200,214,203,217,215,198,194,162,210,182,178,191,181,182,199,173,170,147,147,150,146,169,163,179,160,150,148,144,139,154,129,155,136,154,140,110,135,130,109,132,126,126,106,105,106,100,104,110,115,96,100,95,111,106,103,102,92,85,75,73,87,84,70,77,73,72,78,83,64,55,68,54
49,39,56,52,47,55,39,50,173,687,2040,3747,4133,4017,3762,3418,3094,2755,2700,2531,2376,2187,2114,1928,1797,1654,1604,1465,1354,1311,1346,1232,1153,1113,1090,1059,985,1009,931,852,892,856,802,797,794,732,743,689,703,708,707,681,606,629,586,554,582,556,542,549,531,499,507,492,453,474,433,422,439,397,379,358,357,394,366,368,339,341,332,307,320,329,336,291,306,282,292,274,259,298,252,251,250,277,238,236,258,234,223,212,232,189,221,205,203,224,189,190,177,190,162,169,188,180,156,159,175,169,173,124,142,145,143,136,129,144,154,146,130,136,117,142,142,111,113,108,115,110,124,105,97,106,101,119,78,98,101,106,99,95,100,83,80,91,88,86,83,93,86,71,78,67,89,75,77,90,74,75,86,73,83,70,77,73,59,69,78,80,67,69,43,70,57,52,56,52,57,55,55,48,58,52,54,40,56,47,41,44,53,47
22,16,23,23,30,23,14,24,88,253,938,1583,1852,1711,1545,1376,1259,1218,1057,997,887,859,785,734,712,656,591,562,554,482,495,488,476,491,423,395,385,366,380,346,360,306,338,338,307,315,307,249,286,244,221,260,218,265,261,210,208,248,231,210,187,201,199,186,186,173,185,149,159,155,173,144,156,139,140,132,129,141,137,120,140,127,131,124,132,115,112,115,117,107,105,132,103,116,101,107,99,109,109,80,91,74,101,84,84,89,75,90,87,76,84,69,65,69,72,76,61,64,68,73,83,63,53,67,76,66,72,58,51,46,56,56,69,45,44,50,55,47,43,50,49,39,37,52,59,56,47,45,37,38,50,39,45,40,38,42,44,48,34,31,31,28,38,34,34,38,31,23,33,37,34,34,34,32,31,28,28,28,29,27,33,32,25,15,26,48,29,20,26,24,24,19,30,13,27,32,31,23,26,21
21,17,23,18,17,21,11,17,53,193,581,1017,1171,1029,939,891,792,749,663,620,599,562,502,508,448,438,389,415,370,310,353,345,311,303,308,314,278,273,279,257,229,245,265,223,203,219,191,180,193,209,182,201,206,163,179,151,183,139,165,165,131,131,158,137,137,123,152,128,114,128,137,114,103,105,118,109,106,113,94,99,85,99,91,78,86,88,71,91,79,87,90,59,82,71,67,79,57,79,64,68,74,54,62,66,71,42,57,65,54,63,51,47,60,47,58,48,46,50,48,40,43,52,52,55,40,41,33,49,34,42,52,49,33,31,26,21,40,38,38,39,29,26,29,33,34,35,25,25,30,30,36,33,33,31,23,40,31,32,29,33,36,25,20,26,24,25,26,25,24,29,19,19,27,18,30,28,25,23,18,23,23,26,17,14,17,18,19,22,20,19,14,14,13,22,23,17,13,16,13,23
8,8,14,15,13,11,14,21,44,145,439,760,829,728,679,630,608,594,572,508,515,486,440,435,426,345,394,343,332,334,349,331,280,293,260,266,255,244,228,219,236,234,208,198,204,194,174,187,167,176,172,150,149,150,137,141,125,145,129,141,117,120,148,135,124,95,115,120,94,90,94,96,85,98,81,120,82,75,94,82,71,91,70,70,95,89,75,85,68,76,49,71,60,65,59,58,54,50,85,67,64,59,57,55,56,44,56,34,39,58,45,51,40,53,46,53,43,44,33,40,40,31,41,40,47,34,27,29,27,36,29,36,35,44,28,29,32,35,22,35,28,36,29,28,29,35,24,34,37,25,29,24,30,22,25,24,22,18,22,25,11,26,17,19,24,16,20,20,19,19,19,26,11,14,14,20,20,18,27,22,12,14,20,27,11,11,20,16,18,10,16,13,19,13,19,20,16,17,13,18
24,18,22,25,31,10,21,27,61,238,699,1284,1423,1308,1143,1089,999,913,872,802,743,744,699,623,619,587,530,534,488,511,485,447,403,407,418,385,368,359,319,346,350,325,273,290,272,284,239,241,219,245,245,238,259,231,233,230,236,218,199,205,185,199,194,187,187,181,173,161,157,145,146,151,152,178,143,140,119,134,115,120,129,124,112,117,123,113,131,110,106,110,93,104,97,91,96,98,86,109,75,92,80,91,90,91,70,78,85,66,68,80,75,81,75,86,68,53,70,65,62,55,72,60,51,73,74,75,63,55,65,53,47,61,55,57,64,46,51,50,54,42,47,45,50,36,52,49,37,36,39,46,37,41,41,46,45,36,44,33,39,30,28,28,42,28,38,38,36,36,36,22,36,23,29,34,32,41,29,21,33,40,27,30,21,29,32,25,30,24,17,19,29,24,31,25,27,25,15,17,24,22
20,28,24,29,28,28,17,22,68,267,771,1447,1586,1540,1485,1265,1161,1134,985,967,825,818,792,743,715,694,602,583,567,562,486,518,467,446,435,405,372,373,390,381,334,354,303,302,308,280,287,288,306,265,289,241,246,254,240,226,229,244,204,228,227,191,209,171,193,170,177,177,173,156,160,153,162,165,170,141,137,146,135,144,121,139,124,124,116,114,123,109,106,104,115,106,110,100,115,99,88,105,86,70,93,87,103,69,89,71,76,91,87,100,100,77,71,74,86,69,66,61,58,66,76,57,70,56,75,62,62,60,64,51,61,61,49,52,67,45,57,48,55,48,43,54,54,54,48,42,49,36,49,54,47,47,39,43,47,37,38,51,40,40,53,38,40,30,31,35,39,36,37,34,31,36,40,30,27,29,37,28,26,33,36,34,23,29,22,30,17,27,25,31,18,24,30,26,26,28,23,25,17,28
16,11,13,16,18,15,5,13,29,142,435,780,813,779,683,583,520,472,431,404,375,350,317,300,285,294,260,232,244,220,212,172,203,182,175,157,144,153,156,154,143,147,129,120,112,139,133,118,127,116,99,106,89,101,92,106,88,111,69,88,93,71,70,82,84,82,67,57,50,62,64,60,72,78,67,71,62,75,50,60,54,42,51,58,61,58,44,50,56,51,43,51,37,46,52,32,45,45,35,33,32,40,34,29,28,30,42,37,29,37,31,36,39,30,28,27,37,26,29,29,31,31,27,28,32,29,21,27,24,19,29,19,32,26,16,28,31,24,20,23,22,18,28,23,24,23,13,20,21,18,13,21,25,20,17,25,24,19,18,21,18,18,19,13,18,11,19,17,17,13,17,16,23,14,12,9,15,13,19,15,8,12,12,8,12,9,7,12,9,13,8,13,6,14,15,12,8,8,9,5
33,26,34,35,37,56,37,61,142,521,1535,3108,3833,3647,3408,3181,2964,2724,2561,2388,2219,2093,1899,1774,1653,1594,1511,1398,1261,1266,1235,1132,1088,972,963,979,918,871,827,832,844,798,752,729,684,675,679,633,643,639,587,667,595,594,558,568,535,529,499,502,500,494,456,452,417,461,388,378,396,392,399,366,360,373,355,340,341,331,314,339,303,286,270,269,270,269,296,287,250,221,233,236,243,223,242,217,197,192,220,180,193,217,199,187,187,203,173,168,166,175,158,152,154,162,164,147,145,161,153,154,148,146,151,145,149,136,124,116,136,120,128,126,114,146,135,130,110,108,112,107,109,103,107,89,99,88,84,106,79,75,91,79,107,87,89,74,68,96,88,94,85,74,64,78,81,62,65,65,53,69,69,46,67,54,54,47,64,63,59,55,52,54,58,55,55,56,39,51,56,47,47,58,68,47,53,52,43,37,51,32
24,26,27,27,26,29,34,19,97,329,1053,1856,1980,1936,1782,1610,1467,1320,1239,1116,1129,1045,1019,988,884,857,791,753,740,674,660,605,590,592,536,520,551,514,472,467,447,452,456,435,389,368,391,372,359,360,338,333,330,318,282,278,292,266,302,279,277,251,242,262,262,258,220,241,195,213,225,195,216,212,188,192,173,193,181,181,207,178,141,172,154,171,156,162,152,125,130,124,161,114,144,111,137,144,140,114,120,133,125,110,99,117,112,100,89,107,100,96,93,94,108,92,102,83,96,92,98,90,88,88,94,63,77,86,76,72,66,59,75,84,69,53,64,53,65,62,55,60,55,46,56,54,46,54,48,61,55,52,49,55,56,59,41,49,50,43,53,33,57,48,29,52,38,41,35,57,33,52,38,44,33,33,39,40,46,35,38,29,44,39,31,26,44,41,32,26,37,23,28,33,30,18,33,26,24,32
15,10,7,20,12,14,10,12,39,116,358,627,656,623,595,585,475,473,420,398,402,339,352,334,273,281,294,264,241,238,212,241,190,199,216,208,159,204,150,184,178,164,145,133,139,152,144,114,137,132,119,112,120,113,128,108,105,94,90,93,74,89,95,100,88,97,96,61,77,74,76,81,70,68,66,59,64,65,58,65,58,52,66,56,56,67,53,45,65,53,65,51,53,56,59,40,46,47,39,50,41,47,32,39,38,40,32,35,43,48,38,45,42,37,36,33,29,30,33,35,50,39,32,28,33,33,26,28,30,29,37,34,29,19,23,9,22,22,21,30,21,26,26,13,28,25,21,20,19,20,14,24,24,23,12,19,18,22,18,15,15,16,18,22,13,17,18,10,14,27,14,19,19,12,15,20,17,13,9,19,16,10,12,14,17,11,18,10,13,15,11,15,9,12,17,11,5,13,14,17
46,42,56,69,40,56,44,63,210,743,2456,4468,5020,4984,4658,4281,3893,3639,3439,3082,2839,2667,2505,2366,2085,1972,1810,1763,1612,1558,1456,1437,1328,1284,1198,1250,1095,1143,1094,1039,1038,1002,918,958,943,901,913,867,832,782,791,693,704,757,728,657,639,651,609,594,614,589,568,560,555,542,500,478,482,471,472,436,448,463,383,434,395,371,379,362,334,367,370,300,331,343,289,313,317,311,294,287,277,263,285,305,272,254,242,300,245,265,227,240,222,212,224,226,186,207,220,211,176,225,198,193,199,174,160,158,172,176,176,147,138,168,154,166,164,136,160,138,157,149,130,138,129,125,121,133,99,125,115,120,107,114,116,117,122,121,110,87,98,99,94,91,97,105,93,99,102,76,79,87,84,86,84,70,72,76,77,77,74,84,73,79,79,77,64,64,73,63,56,75,65,67,61,63,57,62,56,65,50,48,54,55,51,44,41,53
48,42,52,48,35,58,46,48,185,603,1992,3618,4012,3725,3458,3237,3003,2748,2596,2335,2074,1933,1852,1686,1560,1489,1389,1362,1303,1207,1115,1027,1016,927,922,926,945,900,856,816,780,723,745,728,734,666,720,706,643,658,637,623,513,607,594,551,515,516,518,499,452,482,461,425,430,404,397,377,371,402,378,328,339,337,326,339,328,345,330,273,300,300,249,274,294,266,234,279,300,241,242,230,239,250,220,217,212,240,241,246,234,221,188,184,202,198,177,194,168,190,169,171,148,150,136,139,155,135,159,148,149,138,143,107,112,125,117,132,131,122,105,121,110,112,121,138,100,100,106,84,95,84,112,108,86,91,99,93,75,98,94,79,83,78,68,69,100,77,87,86,87,79,78,80,69,77,88,55,64,83,69,60,56,67,72,47,42,65,61,47,60,51,55,53,51,56,64,45,57,48,62,50,51,43,57,36,37,42,46,58
58,57,65,59,47,70,64,65,146,478,1372,2479,2746,2582,2374,2176,2005,1868,1733,1694,1508,1486,1391,1266,1214,1097,1151,1087,975,906,892,856,852,801,747,741,719,668,665,660,649,590,602,612,579,558,543,545,524,488,472,483,482,474,408,436,437,402,383,380,384,362,399,373,346,327,355,318,339,304,317,310,313,260,276,300,242,270,273,277,228,256,248,255,257,216,261,243,204,208,238,208,200,212,228,191,181,190,174,181,201,177,189,185,184,173,177,172,172,173,159,163,173,137,144,140,141,150,137,138,149,140,131,126,153,113,140,136,114,125,120,115,118,123,119,109,127,126,124,124,92,106,102,114,94,103,97,92,90,114,88,94,97,89,84,87,104,102,99,103,87,104,66,90,94,75,87,95,63,91,78,78,82,81,76,79,73,85,70,81,69,65,70,75,76,76,65,56,86,62,69,71,61,65,68,59,77,56,64,54
19,13,27,8,22,17,15,25,94,423,1406,2518,2780,2502,2225,1905,1725,1439,1390,1266,1109,996,958,817,823,736,655,666,567,584,501,511,532,433,439,468,427,392,366,342,293,350,321,296,319,291,274,286,260,241,264,257,238,254,219,229,217,214,193,209,187,173,185,201,176,195,179,171,180,156,145,158,138,136,139,148,138,115,114,120,107,120,134,114,104,115,110,107,97,96,106,115,83,90,101,97,79,91,91,73,82,75,79,74,78,78,70,68,71,76,70,71,71,68,62,68,51,56,58,57,62,63,69,65,42,58,46,34,47,52,42,38,55,45,48,38,46,46,28,45,51,36,57,48,38,39,47,32,35,35,36,42,32,37,37,23,30,27,32,33,25,32,28,32,30,25,31,23,27,29,26,33,26,29,31,37,21,18,29,15,27,26,25,32,26,23,22,26,26,28,17,21,16,24,21,15,17,12,19,25
16,17,13,17,17,19,16,21,84,328,997,1825,1886,1691,1467,1255,1200,966,958,858,783,733,678,629,593,528,498,508,480,428,422,369,378,373,332,289,330,316,301,300,271,236,227,236,229,228,235,225,244,197,205,209,196,190,169,175,184,182,167,138,156,152,132,115,145,142,129,116,152,108,98,114,122,97,121,118,124,106,100,95,90,100,86,109,94,92,78,83,78,80,80,86,72,83,82,68,85,76,65,69,52,62,56,66,72,67,45,43,72,55,49,53,51,46,45,51,57,55,47,47,44,59,47,54,57,41,49,44,51,41,42,49,47,38,41,46,40,42,38,42,34,40,42,44,32,25,31,33,26,28,43,40,37,22,35,34,30,31,28,31,34,24,22,23,33,37,26,34,33,34,18,19,23,22,24,23,17,23,18,26,28,21,26,17,16,11,20,26,15,19,25,19,16,22,19,18,16,16,16,26
29,24,28,33,31,23,31,28,103,359,1225,2259,2407,2329,2062,1953,1789,1608,1551,1483,1337,1242,1218,1106,1044,952,965,880,884,836,742,706,714,622,625,611,633,550,554,554,504,517,541,516,507,460,432,439,449,406,377,401,378,394,348,366,350,336,352,294,338,297,284,294,299,251,283,280,248,252,249,251,228,231,232,212,198,191,195,197,170,189,186,174,165,166,195,172,173,178,171,165,160,148,148,130,140,129,153,133,126,123,125,121,139,119,115,113,112,123,107,115,106,108,89,111,106,80,90,100,112,110,87,85,92,77,88,80,95,77,71,80,68,69,76,52,87,66,63,57,68,62,53,60,47,49,61,71,54,57,74,59,54,51,53,42,63,52,50,46,51,41,58,48,43,49,44,43,46,53,49,39,39,33,45,53,34,51,35,32,32,35,40,29,33,33,45,34,29,35,28,28,34,33,31,31,27,32,28,28
18,23,20,13,25,13,21,22,52,233,718,1284,1423,1377,1242,1132,1055,970,863,820,804,717,685,702,619,582,577,515,485,509,457,480,430,427,392,383,380,347,362,320,302,328,276,295,288,275,312,296,277,248,218,226,222,240,234,190,201,208,193,198,216,172,176,174,183,177,152,152,162,169,151,128,133,121,146,121,134,128,103,130,118,110,123,107,104,111,110,101,107,106,112,80,78,103,91,72,89,84,94,87,72,84,83,57,92,80,62,65,66,71,67,54,55,57,63,65,52,53,56,53,52,52,60,45,60,61,55,47,50,52,57,49,48,57,39,50,55,48,59,53,38,27,39,35,43,42,38,34,39,37,31,39,31,31,31,47,35,41,34,33,46,33,29,29,28,34,27,27,32,29,29,24,33,26,27,22,22,19,15,15,27,23,32,30,15,27,21,21,24,20,22,20,15,30,18,14,17,22,14,26
7,12,13,14,7,12,10,17,38,139,399,712,768,708,622,572,572,478,467,449,413,398,370,322,323,293,290,255,259,271,223,206,246,210,205,205,179,167,164,183,189,164,171,156,153,144,119,131,148,137,127,130,137,119,134,107,122,114,111,119,103,101,105,101,88,84,90,86,85,86,86,83,86,83,85,66,74,75,65,73,58,73,70,54,71,67,66,55,57,65,46,55,58,57,65,61,66,41,51,60,49,40,59,50,45,46,42,35,44,31,41,40,43,43,43,40,40,36,35,44,45,32,27,29,39,40,44,29,38,28,31,34,39,36,39,24,25,27,31,19,28,32,23,27,21,25,19,25,23,16,16,17,19,18,25,25,28,25,21,26,13,22,26,16,16,21,18,23,17,22,24,19,16,10,12,16,24,17,19,24,18,13,21,24,21,20,15,21,10,11,19,18,21,12,12,19,7,11,13,14
69,86,56,88,75,98,68,113,281,1009,3119,5813,6693,6786,6435,6126,5617,5322,4988,4655,4298,3988,3635,3458,3121,2869,2712,2568,2391,2318,2129,2036,2006,1829,1928,1840,1660,1702,1510,1517,1556,1473,1446,1391,1354,1332,1315,1309,1322,1242,1186,1125,1123,1111,1116,1050,1034,1015,1011,974,987,940,908,802,850,849,806,839,774,766,742,717,726,687,665,585,646,613,624,625,601,592,601,496,574,539,522,500,532,517,481,478,414,499,459,453,412,447,426,412,377,437,378,394,372,343,378,356,312,333,343,330,319,315,329,316,290,282,274,269,287,266,270,277,250,235,268,258,228,229,230,221,214,211,213,226,190,189,195,202,187,194,196,171,208,192,153,204,176,191,160,165,166,170,156,146,167,135,147,171,152,139,154,160,130,161,118,148,124,125,139,159,134,120,113,104,114,123,120,138,92,97,118,87,114,110,104,89,105,91,97,84,88,67,69,78,82,89,72,88
40,24,32,33,43,41,37,39,145,445,1369,2413,2666,2604,2304,2241,2047,1848,1781,1594,1522,1420,1342,1264,1194,1071,1063,1064,1007,887,845,877,850,751,699,718,670,618,628,663,646,583,552,539,551,532,541,486,462,484,486,417,378,439,415,455,414,391,368,343,345,371,354,338,312,347,333,297,267,265,263,272,295,203,237,257,215,224,232,232,232,213,195,188,219,225,220,200,154,192,188,187,174,178,131,182,151,185,151,146,148,144,163,142,136,116,155,135,132,140,129,138,115,124,128,144,112,112,101,112,106,101,113,112,109,105,80,80,103,92,108,87,92,75,81,80,80,70,90,85,70,87,78,76,87,93,65,57,72,90,56,72,68,72,69,58,68,58,57,55,78,71,56,48,52,61,45,49,69,63,55,42,55,60,50,59,36,46,59,51,50,50,45,48,54,54,48,38,41,43,58,44,50,31,43,42,37,31,36,43
34,27,27,33,28,27,32,45,145,601,2006,3503,3911,3524,3204,2775,2415,2206,1936,1754,1676,1567,1381,1246,1172,1105,1014,975,933,839,782,730,669,706,670,643,612,573,592,549,543,502,486,452,466,456,435,432,437,363,401,386,367,326,350,348,334,367,316,318,322,298,282,262,270,275,254,261,225,256,219,237,267,223,225,215,195,197,208,222,189,201,201,173,154,164,168,167,160,139,145,133,151,152,162,137,115,145,122,142,127,135,134,122,112,119,109,104,109,109,111,97,113,97,95,90,71,110,84,86,105,83,70,74,88,83,74,83,76,98,72,75,80,70,79,70,69,59,63,64,57,61,74,73,75,59,64,45,61,63,57,44,61,58,54,51,47,66,53,54,54,46,44,43,64,46,41,51,45,34,43,45,39,38,34,49,34,44,40,35,35,30,35,42,42,29,42,50,38,38,39,45,34,33,31,24,31,31,21,23
13,13,15,13,18,11,15,15,36,136,464,913,1008,972,864,820,716,666,667,564,534,503,495,501,443,413,363,370,318,345,328,301,256,311,299,258,260,257,255,246,210,221,198,186,203,172,201,219,192,149,158,174,163,164,163,153,144,163,134,120,130,141,152,124,114,116,114,112,134,107,103,83,101,90,92,102,79,101,82,91,89,86,84,94,87,63,78,71,84,73,71,61,79,82,81,59,71,64,62,72,51,56,47,68,45,55,58,57,53,58,49,43,53,56,51,51,52,47,35,46,47,44,39,36,32,38,37,46,40,49,29,42,34,37,38,48,30,26,34,38,35,34,25,32,31,28,26,28,33,24,20,27,28,26,27,16,25,20,24,33,30,33,23,15,19,22,17,24,12,22,18,21,24,22,14,16,22,17,16,18,23,14,21,18,19,20,19,22,19,15,19,7,15,14,18,10,12,11,15,12
28,19,28,28,15,48,30,27,99,327,1100,2005,2070,2088,1903,1893,1699,1543,1431,1281,1268,1153,1136,1059,971,927,899,822,765,724,661,676,620,635,625,593,546,514,520,515,503,486,486,472,441,404,426,381,414,396,345,346,335,313,333,348,312,324,333,275,276,293,290,271,278,246,234,206,242,232,221,235,231,214,230,215,207,212,216,199,205,169,187,180,164,144,176,175,147,159,157,155,166,153,161,125,135,138,149,131,124,121,133,127,119,94,140,115,117,118,97,99,94,100,120,95,123,105,94,87,110,98,87,99,79,82,81,86,76,73,102,81,85,91,77,67,75,76,69,77,76,78,61,77,65,71,61,75,47,55,53,55,57,40,61,51,55,47,54,43,49,49,62,51,48,42,47,40,48,34,53,34,44,42,43,42,41,37,39,31,40,37,36,40,42,45,45,38,35,37,26,29,32,34,38,29,32,23,26,21
26,31,28,21,21,26,22,37,119,432,1417,2571,2720,2719,2452,2162,1937,1785,1610,1610,1418,1237,1247,1095,1049,977,936,829,820,778,761,719,709,645,612,582,583,538,563,546,476,486,511,452,420,437,432,436,399,380,378,376,357,329,361,337,336,330,290,313,300,293,291,298,261,255,272,243,245,254,242,235,214,234,200,207,216,191,179,188,192,159,190,194,183,184,175,148,156,161,159,152,163,123,149,131,137,151,152,129,141,125,121,136,120,113,122,102,110,117,105,104,113,116,100,106,99,97,93,88,88,99,81,85,73,78,72,71,98,87,86,85,78,86,84,76,76,65,66,72,68,65,63,50,68,61,54,57,45,65,56,41,64,61,46,55,57,48,57,62,51,48,48,51,41,49,42,33,53,44,44,48,42,41,54,36,28,38,39,42,57,35,43,30,45,42,28,34,31,42,34,34,35,38,34,32,32,22,21,32
69,63,67,64,67,69,82,100,250,968,3149,6227,7513,7652,7562,7011,6575,6119,5923,5340,5074,4564,4108,3748,3373,3056,2953,2779,2562,2412,2238,2125,2056,1987,1785,1796,1778,1663,1575,1583,1559,1504,1474,1429,1425,1374,1326,1330,1323,1312,1245,1224,1164,1198,1166,1115,1078,1039,1027,1033,961,974,912,923,901,905,831,871,780,768,727,751,684,744,679,681,698,635,643,637,623,574,560,555,513,513,513,485,498,528,498,503,521,469,446,419,451,389,415,389,404,393,381,396,366,337,361,351,333,287,304,338,310,325,283,316,322,312,273,263,271,293,267,263,243,258,240,246,224,237,236,212,212,207,208,243,206,192,197,155,205,184,190,177,174,167,155,152,191,145,156,165,154,156,166,161,161,154,162,150,142,126,151,118,130,145,115,125,145,124,124,122,124,140,117,95,109,111,118,100,110,94,95,122,106,96,98,98,86,106,75,81,71,69,90,76,71,77,65,49
21,17,20,17,17,17,15,21,64,196,596,1069,1245,1143,1026,905,874,754,704,699,623,537,555,548,494,492,491,405,403,412,387,345,327,343,315,288,299,297,246,258,244,255,235,218,244,214,207,203,216,188,169,193,159,170,168,157,153,150,152,143,137,147,142,136,145,157,102,114,129,116,116,127,120,100,95,120,107,86,95,97,102,110,86,95,94,94,78,83,72,79,76,83,76,81,43,77,76,75,67,62,56,50,66,50,55,58,55,71,64,51,58,68,52,56,56,44,47,43,46,50,38,41,46,38,46,31,44,38,38,41,45,33,24,45,34,37,31,35,38,35,43,39,34,38,32,37,30,33,27,35,28,34,26,33,25,34,19,32,34,28,21,30,26,22,25,25,24,20,14,25,20,21,19,24,16,23,16,23,15,18,22,19,26,19,15,19,17,25,17,14,13,18,16,13,22,20,21,20,13,22
19,29,24,29,18,29,25,28,86,226,778,1401,1510,1566,1366,1194,1147,1070,968,913,885,817,761,725,708,669,600,588,577,486,482,472,470,422,398,453,383,378,362,348,352,333,334,320,311,348,299,296,238,256,241,264,252,219,238,227,237,210,217,210,203,193,213,169,180,176,195,177,192,194,154,169,157,131,127,147,143,156,122,151,125,151,123,119,138,112,120,114,119,132,104,122,90,100,113,116,102,113,93,105,98,96,78,80,88,90,54,89,66,76,90,84,91,84,81,67,67,75,49,79,46,73,72,85,74,49,53,59,46,49,54,65,57,60,56,61,59,54,57,51,38,49,48,50,49,47,32,48,37,46,40,37,47,31,36,43,39,36,32,32,42,37,28,42,41,26,32,34,31,40,29,40,38,35,41,27,27,28,26,28,23,25,17,27,36,41,34,30,29,36,27,25,28,27,22,24,29,29,16,25
77,64,50,63,56,70,52,85,262,953,3031,5352,6370,6222,5736,5423,5327,4775,4378,4147,3922,3471,3242,3070,2861,2602,2437,2245,2239,1960,1957,1723,1729,1706,1656,1544,1481,1429,1465,1332,1378,1395,1296,1212,1210,1164,1162,1091,1090,1064,1055,1000,982,1000,1003,957,928,892,853,858,833,818,817,769,760,778,644,691,760,709,646,605,597,602,583,564,566,542,536,526,515,515,509,457,469,490,457,433,379,460,399,414,407,417,394,382,383,393,403,301,367,341,310,358,339,319,290,318,337,319,335,260,280,278,284,254,238,284,248,246,247,249,250,224,224,217,205,217,199,235,225,216,192,194,186,193,187,205,204,185,179,165,186,170,169,147,160,163,153,144,155,169,161,144,128,126,137,131,132,121,131,109,135,149,113,119,115,135,101,115,125,114,113,134,106,105,89,106,100,97,94,91,98,92,93,114,93,103,91,98,83,75,76,89,70,72,65,66,50,62
16,11,16,14,18,14,12,17,56,205,628,1195,1260,1153,1041,967,866,750,737,675,605,661,570,545,524,488,425,416,383,370,347,371,340,319,351,272,268,289,276,258,253,287,245,234,213,255,196,222,218,198,172,196,183,182,168,166,168,170,168,152,150,139,142,135,136,142,129,122,103,131,127,100,118,116,101,125,117,94,102,92,85,99,115,107,92,76,90,75,78,85,95,58,72,99,81,71,62,80,67,82,67,65,64,59,65,62,69,84,59,59,59,58,58,70,52,46,48,45,47,56,55,52,58,44,46,45,47,30,46,44,42,42,41,35,45,38,40,37,49,35,42,31,39,31,36,32,39,31,33,31,36,46,28,25,32,33,33,30,23,30,41,26,26,30,19,23,23,28,25,33,23,27,33,24,31,23,18,21,20,24,18,19,15,17,20,20,16,23,16,23,9,18,20,9,23,14,22,23,13,16
32,28,26,39,31,25,27,40,111,449,1434,2830,3126,2797,2616,2321,2077,1862,1734,1521,1485,1321,1260,1177,1082,975,936,893,812,799,754,678,672,642,669,638,563,569,535,559,498,490,451,452,445,442,431,404,384,380,374,361,364,377,324,379,359,322,305,335,333,289,286,294,272,284,247,231,249,222,222,253,224,216,220,206,184,210,193,206,170,198,185,156,183,158,162,157,175,162,157,166,153,138,151,156,160,131,153,148,164,135,124,135,115,108,111,107,121,104,110,123,106,105,103,98,105,101,84,86,88,106,95,86,92,77,94,83,95,76,87,84,69,83,64,82,69,69,82,74,58,65,60,74,67,64,64,52,66,54,57,57,58,56,57,57,49,58,48,52,48,57,43,48,58,50,55,47,57,43,45,37,35,38,48,43,46,40,43,42,40,39,40,37,49,49,50,39,41,37,38,36,35,31,31,48,36,35,31,25
14,7,16,11,14,14,20,18,48,196,576,1021,1059,1060,951,865,775,681,664,624,590,569,503,514,510,444,388,429,414,353,381,345,321,325,307,297,313,313,271,259,267,229,230,246,222,223,185,216,198,210,186,187,197,201,192,167,166,163,154,172,157,169,152,133,141,146,135,122,132,120,103,116,121,126,86,121,109,99,99,109,94,99,104,77,107,115,94,82,84,80,86,86,91,69,76,67,90,78,61,65,65,53,68,69,57,75,68,77,57,58,69,50,59,57,59,49,76,50,42,43,46,36,60,44,40,43,40,50,36,38,58,40,51,48,36,41,35,32,48,41,50,44,25,45,28,36,44,31,38,39,26,34,25,33,24,40,29,31,31,23,31,22,34,25,21,17,27,25,31,19,28,27,25,28,28,19,24,25,25,23,25,16,26,22,19,16,17,17,14,17,12,16,11,18,21,22,17,17,22,20
56,62,55,82,58,68,74,93,263,921,2980,5581,6794,6537,6210,5777,5299,4968,4588,4203,4091,3683,3433,3031,2893,2630,2455,2371,2221,1958,1918,1866,1807,1806,1654,1564,1438,1445,1406,1363,1353,1284,1283,1246,1243,1109,1200,1130,1111,1121,1088,1016,1024,986,946,924,934,909,939,838,858,849,763,781,727,690,700,700,686,648,651,585,599,585,565,554,547,574,541,500,526,480,477,446,458,478,460,458,457,413,444,408,441,417,379,391,374,357,359,366,352,338,369,306,311,310,328,286,283,290,255,294,257,270,279,249,273,245,243,236,208,230,212,221,223,208,215,207,228,216,215,202,201,194,199,185,174,185,177,184,158,179,179,160,146,154,122,144,149,150,149,141,161,135,139,158,127,153,139,124,125,117,147,131,99,123,115,118,110,117,120,108,116,122,96,93,85,98,107,104,91,87,100,84,97,87,87,96,82,104,88,72,74,82,63,82,77,79,53,54
32,23,15,20,20,17,25,19,55,180,530,998,1116,1033,976,929,793,727,693,638,625,559,565,503,478,443,447,436,377,387,398,348,334,330,338,278,301,279,281,278,266,254,237,245,259,228,219,213,184,229,204,190,218,188,182,171,194,177,186,146,151,155,150,147,144,142,152,133,131,146,136,135,124,120,97,124,127,115,114,86,110,98,119,105,108,105,115,87,78,82,98,82,90,86,87,70,70,84,81,65,74,75,75,91,62,81,66,65,68,62,60,66,67,57,51,59,44,57,62,49,40,61,39,60,52,60,63,56,51,41,47,37,45,47,37,39,42,39,30,43,35,40,38,43,40,44,34,47,31,39,40,35,40,39,24,37,37,34,38,35,28,20,36,32,23,28,42,30,30,30,30,21,32,30,26,29,27,22,20,21,21,23,26,27,20,21,30,25,29,23,26,22,12,23,25,18,26,23,19,27
22,21,25,22,33,14,21,31,83,244,770,1340,1523,1469,1362,1176,1129,931,936,868,826,770,702,646,653,569,581,544,492,483,468,439,404,395,431,390,384,335,364,348,330,311,337,304,259,298,267,280,281,261,270,213,249,210,257,216,206,221,203,200,184,186,171,191,180,166,166,171,169,186,172,161,180,120,152,133,124,140,142,120,120,147,108,121,130,111,110,102,89,113,116,109,101,104,91,67,96,91,93,90,89,74,86,92,87,70,73,93,74,75,86,71,76,62,69,75,93,68,85,74,73,57,53,62,74,68,51,62,62,39,52,49,61,53,51,46,57,46,53,47,44,51,38,46,57,49,32,49,45,41,37,45,49,41,36,27,39,45,50,32,32,43,27,27,35,30,35,23,42,30,27,31,26,26,28,30,30,41,30,33,30,30,32,26,24,13,23,25,28,34,28,17,19,24,31,22,26,27,19,23
28,19,30,23,20,18,27,39,135,556,1745,3191,3569,3215,2902,2380,2091,1836,1775,1504,1354,1215,1086,1040,948,904,782,753,751,633,649,582,537,544,488,459,451,452,430,430,385,413,390,402,345,341,348,322,324,314,300,284,286,250,256,274,260,244,221,281,247,231,231,223,191,228,197,219,183,180,190,177,160,178,180,166,181,149,160,149,147,137,132,133,123,128,138,116,112,129,118,136,131,121,120,107,106,93,89,87,94,100,89,100,89,83,80,85,74,70,76,102,85,82,63,75,91,74,74,84,82,70,83,60,66,69,67,66,72,68,62,64,73,73,64,56,61,56,37,58,60,53,34,53,55,40,43,52,41,44,51,52,41,42,38,33,47,57,49,45,40,34,33,39,37,32,26,40,65,30,36,40,34,48,29,38,21,31,37,31,22,40,24,28,31,20,30,28,30,28,29,26,25,28,25,19,28,27,26,27
12,25,14,20,13,16,17,21,69,311,848,1467,1379,1153,973,935,831,709,714,662,584,568,524,442,435,423,412,403,402,343,324,295,329,272,266,283,270,275,226,235,229,240,192,193,215,175,210,193,211,171,175,168,154,132,134,148,148,128,155,127,137,152,136,155,116,111,109,108,103,107,124,112,113,82,99,94,97,76,89,72,88,77,89,68,79,74,79,81,80,62,60,71,62,63,67,75,74,59,52,66,53,53,67,60,66,45,55,43,60,47,49,43,51,54,56,65,49,46,48,52,40,35,39,39,36,39,41,40,42,48,42,41,39,38,38,44,37,29,35,36,39,36,32,20,37,25,28,30,34,32,30,26,18,22,30,36,33,36,28,34,28,31,39,22,29,30,25,30,24,25,17,28,27,16,17,23,19,21,27,27,16,21,23,15,19,29,15,10,15,23,15,20,11,20,23,25,20,13,19,18
18,21,24,24,21,21,22,25,55,194,649,1266,1386,1323,1204,1063,951,883,840,795,705,683,665,652,600,559,478,498,529,432,417,391,392,350,362,357,330,325,343,286,326,317,263,283,290,270,245,222,249,225,214,206,211,200,203,204,191,206,196,185,182,161,159,156,180,149,155,151,158,126,150,142,110,129,139,120,140,121,114,123,123,121,112,117,104,113,127,107,102,96,103,95,85,113,77,83,81,89,83,82,76,65,87,75,82,72,68,66,72,54,85,65,67,77,50,66,77,77,63,63,52,60,54,59,52,59,56,45,60,52,43,61,45,36,51,40,46,48,40,49,34,47,48,41,33,42,46,32,30,30,36,36,38,50,33,33,26,37,33,37,26,35,34,31,31,46,39,35,27,19,31,33,29,30,21,23,19,33,24,27,26,22,22,29,25,28,23,34,16,28,21,20,21,21,19,14,22,15,20,24
30,30,35,36,41,26,32,35,95,307,1023,1861,2145,2026,1818,1666,1549,1431,1312,1239,1103,1053,998,913,856,828,817,741,686,591,625,648,570,561,531,556,511,470,491,470,446,470,420,390,402,384,362,348,325,338,327,322,338,351,288,290,304,296,233,292,276,268,253,251,222,208,222,214,229,226,205,220,204,211,185,177,164,193,176,140,170,197,145,158,147,152,145,144,146,136,162,148,127,132,134,124,139,148,112,126,125,123,109,111,100,103,112,105,114,95,89,104,89,100,76,97,100,106,85,68,86,71,77,99,90,78,75,76,68,79,75,72,84,77,67,78,62,85,67,63,60,65,65,52,58,55,61,60,63,53,51,57,49,52,52,72,51,50,56,55,50,38,61,42,44,52,41,49,45,49,47,40,38,44,47,41,33,47,45,36,32,42,28,36,34,33,45,34,37,41,41,31,29,27,38,39,30,27,35,29
21,27,25,27,26,33,25,43,102,507,1637,3139,3405,3347,2997,2780,2498,2228,1971,1937,1716,1618,1566,1361,1331,1137,1179,1030,970,935,833,804,793,746,711,725,656,682,599,604,583,569,501,552,459,469,513,463,422,450,491,440,409,377,372,348,356,351,355,350,289,328,338,329,310,290,312,285,271,269,250,267,215,243,232,229,210,253,197,220,188,216,209,199,180,204,196,180,192,182,154,161,171,177,160,156,143,127,159,141,141,138,124,127,127,129,130,112,157,115,129,137,107,108,116,108,97,96,96,97,99,106,94,92,83,102,93,89,69,76,80,81,71,67,78,78,74,64,80,58,72,75,71,88,71,74,43,70,61,64,51,61,47,60,65,53,51,50,44,66,40,37,52,49,43,60,51,44,49,50,54,37,51,45,33,33,45,52,35,44,45,29,32,42,45,38,39,37,31,29,28,30,28,32,31,23,29,36,33,21
39,47,54,52,55,32,57,56,146,547,1650,3214,3554,3466,3311,3140,2844,2612,2420,2305,2165,2021,1957,1802,1684,1557,1459,1355,1339,1211,1196,1112,1129,1064,998,959,919,847,824,803,791,784,772,769,733,712,693,650,659,665,654,597,579,596,548,612,552,510,502,479,482,492,452,433,413,426,404,420,382,385,394,361,375,340,321,321,363,326,295,282,309,268,319,312,307,289,258,271,255,248,258,237,227,236,183,215,222,219,214,223,202,202,184,194,194,192,201,171,198,183,161,176,148,160,166,179,157,147,149,150,129,119,138,125,138,139,146,141,113,131,128,127,120,117,117,95,105,98,112,109,105,85,90,100,105,91,68,88,91,100,92,83,77,84,93,92,77,93,79,85,76,80,90,69,80,77,70,58,77,67,65,73,66,67,60,64,54,67,57,59,56,60,53,45,43,50,68,58,55,39,58,55,43,43,37,46,42,44,41,39
16,15,15,20,20,20,14,19,49,166,475,874,983,829,779,735,654,620,548,518,467,483,441,405,379,372,352,352,317,322,269,251,258,270,259,249,260,203,224,224,198,192,187,178,180,211,175,161,163,163,173,150,129,120,146,117,126,146,129,129,127,117,117,104,126,126,112,84,102,99,100,94,87,92,87,93,83,77,87,78,66,98,82,79,76,77,64,60,67,70,72,70,78,63,60,52,65,62,63,59,54,52,61,53,47,59,48,48,52,58,52,59,36,50,51,51,50,44,57,41,42,46,40,47,46,30,39,37,43,38,40,40,36,36,43,41,33,27,32,27,30,33,36,26,34,27,22,26,26,32,31,25,21,30,21,31,22,25,38,29,28,25,18,33,28,34,27,19,28,27,24,19,16,19,24,17,21,21,26,15,16,26,18,17,29,25,18,16,24,22,20,22,14,19,16,18,21,13,11,14
21,27,21,25,27,19,21,30,81,269,897,1572,1828,1717,1594,1402,1219,1182,1089,1015,961,892,830,779,715,697,690,645,635,594,540,526,557,472,508,453,408,414,409,407,373,386,363,366,349,375,319,309,385,274,289,281,289,251,257,267,250,248,239,265,220,220,210,228,193,202,188,180,192,181,168,178,185,168,164,168,147,188,143,156,158,137,147,148,126,105,129,146,138,136,120,109,135,121,110,110,118,91,104,113,100,102,104,79,88,83,81,92,102,85,75,81,87,81,88,66,102,74,62,80,93,70,77,83,66,54,74,67,68,68,69,50,62,63,50,61,68,48,55,54,46,62,51,51,59,66,43,57,42,54,47,48,43,34,54,44,52,39,50,35,40,41,44,31,39,27,39,40,28,51,44,41,34,45,33,29,37,37,52,31,34,28,25,29,25,34,22,42,31,34,41,20,19,28,26,23,35,25,20,26
3,18,22,14,12,17,14,24,56,162,616,1120,1299,1227,1128,1033,929,857,775,729,696,695,659,616,609,530,545,512,461,457,428,403,374,366,364,372,328,337,336,291,290,261,282,279,251,252,235,242,233,261,224,208,217,200,216,164,180,178,167,170,165,163,157,144,154,154,148,146,141,135,134,121,124,118,114,119,104,96,123,114,102,106,102,109,109,93,90,95,95,88,86,88,86,83,85,74,93,67,88,80,65,69,78,77,68,64,54,74,51,55,51,57,62,76,58,57,52,53,58,53,63,48,60,46,60,54,46,36,40,30,45,32,49,37,47,37,42,45,39,46,49,31,34,36,38,33,36,40,29,26,33,33,36,39,40,35,22,38,35,28,40,28,30,37,28,26,24,21,23,17,24,25,21,23,22,23,17,19,16,26,21,15,21,23,24,24,18,14,26,12,17,21,16,21,14,21,20,19,11,15
10,17,14,15,17,16,13,19,40,145,473,843,921,856,750,667,643,611,536,503,530,473,469,421,411,356,323,322,313,276,322,314,285,268,238,247,233,236,223,211,220,209,204,173,193,194,183,172,168,144,130,139,141,149,135,135,132,133,146,113,126,126,95,108,119,120,106,108,89,100,101,91,107,105,97,82,95,83,89,71,94,81,97,71,77,75,61,74,80,54,72,84,70,64,81,57,61,66,56,60,59,63,55,57,49,58,62,50,56,51,57,53,49,47,45,44,39,45,43,45,42,44,49,49,48,42,42,45,39,38,33,33,31,39,46,41,26,39,32,20,27,30,32,27,38,22,37,31,30,32,34,19,35,25,31,39,32,18,26,23,35,23,21,22,16,19,20,19,24,30,24,26,28,20,29,26,22,17,25,14,15,23,17,15,29,12,16,11,17,12,16,16,13,22,27,19,20,19,19,15
34,23,26,35,23,32,29,33,85,347,1073,1987,2517,2445,2291,1986,1991,1810,1603,1590,1450,1350,1215,1160,1074,1036,928,897,847,771,766,714,709,645,613,587,547,576,543,521,533,497,474,461,444,447,443,431,431,370,418,400,413,377,401,371,292,327,311,335,326,319,325,294,293,290,263,269,237,232,237,239,233,219,219,197,196,186,201,198,175,199,197,195,183,221,177,160,158,149,161,170,162,140,147,158,149,141,147,126,127,121,103,115,121,98,110,111,109,113,94,99,97,99,79,100,117,89,97,96,82,85,82,83,73,76,77,104,80,89,62,71,75,61,73,76,68,79,57,70,70,70,50,67,55,65,62,49,40,63,61,67,52,65,58,45,38,42,54,48,66,50,49,42,47,49,46,35,33,43,35,51,29,36,40,42,31,38,34,28,42,33,32,34,38,27,21,34,25,22,25,31,33,28,30,28,13,24,28,20
13,15,16,18,10,12,19,21,45,126,421,685,695,677,579,532,475,468,417,396,341,324,297,320,290,268,236,254,233,206,253,199,188,184,185,185,165,203,153,148,161,176,149,130,145,114,133,135,136,118,113,104,95,122,101,107,121,112,91,88,94,95,89,79,97,83,90,68,78,76,78,70,74,70,53,64,67,79,70,55,64,65,74,67,69,59,60,56,50,56,63,60,54,51,43,35,46,40,39,52,45,43,40,40,44,38,37,44,38,35,40,38,36,40,30,45,40,38,28,45,30,34,42,38,23,33,35,35,33,23,22,34,39,33,28,30,31,25,22,32,24,25,30,24,20,13,20,25,25,15,24,25,25,20,19,17,26,21,17,16,21,14,13,21,27,19,10,24,24,21,18,21,14,20,17,22,10,25,17,14,18,14,20,18,9,14,9,10,16,17,9,15,20,15,17,19,12,15,26,8
41,45,50,53,47,43,52,47,137,484,1468,2650,2965,2869,2610,2391,2279,2174,1978,1897,1786,1678,1561,1413,1329,1262,1180,1104,1110,979,990,932,950,860,825,760,794,754,719,745,666,698,620,643,607,568,563,595,526,549,522,504,493,474,491,506,491,421,433,424,416,422,427,378,441,387,373,351,318,305,350,316,330,305,333,313,273,302,293,303,266,265,273,279,248,227,252,236,219,232,235,221,199,234,214,189,197,200,181,200,199,175,174,169,185,175,179,170,162,157,155,154,155,147,141,158,151,158,145,144,146,164,133,129,119,121,122,120,121,119,117,92,127,106,124,98,127,112,111,102,106,97,100,83,97,87,94,88,71,73,97,91,83,84,82,92,76,73,72,60,84,72,74,63,90,69,73,78,61,59,62,69,74,63,68,73,56,54,65,45,80,65,64,66,54,55,46,65,63,67,58,57,42,48,53,49,42,44,49,45
31,49,40,40,47,33,45,59,160,582,1882,3600,4018,3896,3599,3285,2906,2754,2525,2237,2130,1909,1804,1704,1506,1463,1346,1271,1233,1158,1090,1038,1007,879,920,814,832,876,835,811,701,760,744,667,681,661,642,645,625,544,563,547,546,558,544,541,532,491,535,475,458,462,435,429,401,405,398,366,409,396,368,359,331,342,339,324,334,315,304,320,287,294,283,301,266,275,258,262,252,259,246,235,234,193,250,222,207,197,213,220,183,197,187,174,214,197,168,174,174,166,173,180,155,150,158,132,131,158,162,138,122,146,153,146,144,132,142,124,100,122,125,121,141,111,107,106,91,97,110,97,103,124,106,80,91,107,86,99,80,80,88,79,104,79,95,74,77,86,98,83,76,77,65,65,82,71,74,64,62,63,70,94,72,74,59,74,59,61,75,68,49,60,38,55,53,45,49,39,60,57,53,58,50,54,44,42,49,44,35,42
21,12,17,12,11,19,12,19,57,194,564,1005,1045,1052,902,831,744,732,618,663,618,528,532,518,419,461,381,381,391,382,337,346,292,285,285,272,283,255,229,227,241,253,225,221,209,193,220,192,180,156,172,176,173,169,156,143,154,173,153,151,144,134,139,134,143,134,119,112,121,91,107,111,105,90,100,117,105,88,79,87,95,95,74,92,82,65,62,76,72,80,78,69,83,76,66,67,68,80,75,67,57,60,76,62,49,48,62,52,48,58,63,45,61,41,41,49,44,49,48,48,44,61,37,48,35,53,40,33,38,37,36,34,31,39,30,38,52,45,36,35,38,30,31,36,37,43,30,34,30,29,33,32,35,20,31,29,21,24,32,31,32,24,24,24,29,19,21,13,26,28,22,29,19,18,25,28,21,14,17,28,11,23,17,20,18,16,14,14,22,26,23,17,23,12,24,14,15,18,16,16
17,8,12,13,11,12,12,14,32,117,357,651,661,571,537,473,400,357,388,327,316,295,286,285,274,239,227,196,184,215,198,184,180,159,141,150,139,179,150,158,154,134,142,112,116,111,124,116,97,113,94,102,88,93,93,114,90,99,103,86,83,102,83,73,71,80,73,87,57,72,68,53,61,58,68,71,60,49,57,62,63,59,55,53,45,37,60,50,55,52,52,49,54,42,48,49,44,49,36,39,42,41,38,40,39,36,27,28,29,35,32,31,40,30,42,19,40,20,41,33,28,33,21,32,30,31,29,33,32,19,21,30,27,26,27,34,23,21,23,24,28,21,17,21,17,27,18,19,16,11,19,19,12,20,17,19,21,20,22,18,17,18,24,15,11,19,23,20,17,22,12,18,16,10,8,10,14,13,17,20,11,12,16,21,11,22,13,10,12,11,8,11,14,8,18,8,14,12,7,8
7,13,10,20,15,9,14,15,28,143,363,669,732,648,593,489,469,395,372,378,326,329,291,290,257,242,221,246,223,215,216,202,189,197,174,163,151,144,159,145,145,138,135,135,131,113,120,115,119,114,105,96,89,102,93,109,80,91,95,80,86,86,84,82,69,64,61,84,81,73,79,58,56,56,68,67,43,55,64,66,59,55,68,58,55,49,54,45,47,31,48,44,41,46,39,54,40,44,42,39,41,40,52,34,44,38,26,33,39,37,47,41,35,36,29,26,30,34,30,37,34,25,37,31,37,33,32,36,32,25,24,29,35,27,25,33,24,26,30,24,26,16,26,27,19,12,12,30,26,31,21,22,23,24,19,23,22,24,17,18,25,17,12,22,16,13,19,17,14,13,19,14,26,21,17,15,17,16,11,16,16,21,23,14,14,12,7,9,14,14,16,11,19,14,11,12,20,10,10,12
17,9,17,12,13,18,15,17,32,134,421,792,764,702,648,595,529,533,485,435,406,364,345,349,349,268,293,265,232,220,271,222,235,227,219,191,208,175,173,160,170,133,132,140,151,154,149,138,125,117,147,128,123,124,109,126,110,107,122,109,96,113,93,94,85,90,96,81,74,80,77,78,66,69,77,58,83,92,69,62,57,55,66,76,69,69,56,62,58,56,60,60,52,56,54,57,50,61,54,42,54,41,43,38,44,43,49,34,55,57,40,58,45,38,40,35,35,46,38,29,30,36,31,28,29,45,23,30,18,32,36,26,34,24,23,32,32,29,27,24,29,28,18,20,27,21,28,28,29,21,23,24,30,22,18,27,26,22,16,19,22,25,22,15,21,18,26,14,26,18,16,22,14,16,15,20,13,19,19,12,16,18,17,15,20,13,9,17,12,10,6,10,16,20,18,13,12,7,9,19
13,12,12,9,7,12,13,21,48,176,560,1067,1197,1197,1001,876,777,710,726,672,602,541,509,519,446,409,431,409,340,318,323,303,295,253,257,287,269,247,269,217,222,241,199,212,197,199,189,178,174,177,174,162,159,179,160,171,149,143,148,133,137,144,138,105,140,113,114,112,107,106,93,95,86,117,91,105,88,98,106,87,77,77,88,88,97,89,89,76,84,60,70,55,67,87,60,61,58,70,53,78,61,55,38,47,58,59,52,57,43,52,62,43,39,49,42,48,43,43,45,51,42,32,37,41,32,42,41,34,32,35,42,33,43,31,28,37,32,41,29,30,25,35,34,35,28,31,40,21,26,35,28,24,26,25,26,18,28,27,29,27,24,19,23,21,24,23,16,27,35,8,17,18,24,20,12,25,22,24,23,16,17,20,21,18,17,16,19,10,14,21,14,7,18,20,11,16,17,11,10,20
10,11,10,11,21,9,21,25,42,174,584,1048,1237,1088,975,930,838,727,703,676,663,615,568,508,555,467,460,406,426,368,372,339,356,321,331,299,290,271,274,265,281,237,238,251,229,223,207,196,223,182,180,207,202,167,201,189,193,169,164,147,146,156,122,164,125,130,110,149,120,120,113,114,115,115,123,116,100,93,102,100,107,88,113,88,77,92,89,93,83,79,78,76,71,75,84,69,69,72,69,72,86,70,74,65,74,47,47,44,55,64,46,42,58,57,43,54,48,55,48,47,49,52,37,43,41,37,46,54,40,39,40,35,36,36,41,34,33,28,43,37,40,39,33,31,37,36,38,33,35,34,34,20,21,26,34,33,23,29,31,31,30,33,32,25,23,25,38,25,33,27,19,23,21,26,20,21,23,20,18,22,16,17,11,20,25,27,16,14,18,21,20,10,12,17,17,10,18,14,13,19
39,28,33,41,51,53,46,54,182,693,2270,4364,5039,4750,4423,3987,3676,3291,3037,2812,2641,2415,2288,2000,1878,1703,1564,1514,1413,1352,1283,1168,1116,1197,1044,1022,981,954,891,922,807,831,837,791,793,746,684,727,704,636,654,627,631,603,610,603,580,590,536,477,488,510,455,442,447,475,421,429,412,409,401,396,385,359,396,326,355,346,301,285,347,298,290,276,283,275,282,269,243,234,249,272,236,228,252,208,226,227,227,207,209,219,205,168,183,178,203,184,179,161,167,137,176,125,139,169,147,154,157,123,129,133,135,125,137,132,136,132,121,102,108,105,114,106,97,84,120,96,99,95,99,72,101,94,90,105,80,78,93,78,91,89,72,90,73,88,64,83,70,74,76,68,59,67,63,82,62,68,84,66,87,56,55,61,74,59,61,50,66,50,57,60,42,68,50,51,58,44,39,42,42,44,47,45,46,41,44,28,39,33
80,69,69,61,68,68,87,93,263,986,3158,6135,7123,7127,6731,6432,5971,5506,4968,4598,4333,3964,3694,3420,3112,2897,2585,2628,2382,2172,2159,2040,1960,1816,1783,1698,1654,1685,1483,1530,1540,1424,1383,1352,1321,1266,1253,1264,1196,1182,1148,1095,1153,1090,1053,1016,1030,1056,981,965,884,863,860,881,877,829,716,817,777,738,700,676,632,619,649,649,662,613,611,568,526,558,566,546,510,504,492,501,452,466,463,439,445,448,446,432,416,411,410,382,392,396,377,354,356,362,339,322,314,284,307,291,296,298,318,306,241,260,278,274,251,244,244,239,233,230,246,235,240,248,222,230,206,199,208,209,214,176,173,177,211,199,177,179,176,177,178,174,144,149,150,155,141,150,143,144,164,131,146,137,143,132,128,129,142,129,111,137,116,116,118,112,116,109,119,123,112,98,95,100,95,116,86,114,98,99,107,101,94,98,87,95,102,62,68,79,68,82,64,86
32,34,31,28,24,27,31,42,138,521,1468,2865,3236,3048,2694,2482,2273,2115,1881,1693,1566,1473,1353,1253,1233,1148,1016,976,985,837,810,759,781,731,754,676,653,658,597,617,555,576,552,531,535,539,524,483,471,476,408,415,414,411,402,397,391,358,367,337,349,340,327,310,337,338,298,319,273,294,301,277,292,243,215,260,253,257,234,201,229,231,208,191,202,203,180,187,203,193,186,178,186,184,164,179,155,168,154,155,143,149,151,150,137,146,141,125,134,143,126,121,131,112,132,138,128,122,113,99,111,107,94,110,105,96,96,93,112,106,90,105,77,93,85,83,96,75,81,76,76,68,83,62,74,71,66,72,65,74,79,64,71,66,71,47,64,56,56,68,67,60,51,56,52,57,63,59,45,52,64,66,57,51,53,60,49,35,47,47,40,38,43,34,41,42,35,40,46,45,28,43,37,33,37,31,30,31,37,23
10,7,11,8,9,10,9,15,32,134,506,980,1099,958,862,734,657,545,547,463,457,383,362,310,313,308,252,244,237,256,222,205,226,198,154,174,169,170,159,158,147,137,134,159,130,128,104,122,131,129,120,103,118,133,88,123,112,99,93,78,73,85,93,91,83,69,69,76,73,68,75,60,48,66,62,67,59,53,43,48,60,51,55,53,54,52,60,49,47,48,45,44,48,49,41,46,41,41,45,41,38,33,33,30,30,32,44,38,39,37,29,32,39,38,33,30,31,30,19,33,29,21,38,22,28,28,22,21,20,28,26,24,27,18,19,18,23,18,18,16,19,16,16,19,17,21,16,24,24,18,18,28,14,17,19,14,18,12,21,15,16,11,16,15,22,16,27,13,13,11,16,14,18,15,9,15,12,12,7,14,12,15,17,10,13,9,12,16,13,13,7,11,11,10,6,12,14,7,13,10
17,18,19,24,13,17,18,28,57,218,687,1190,1368,1197,1153,994,857,799,749,720,640,542,535,492,445,430,460,414,355,350,329,333,262,312,303,285,248,267,242,222,245,214,206,218,200,229,212,174,193,171,201,170,181,170,164,143,132,157,140,147,148,116,126,114,123,127,123,116,95,128,107,105,106,95,95,96,111,105,77,85,112,110,79,91,80,88,91,82,82,81,62,66,75,62,61,64,66,65,66,66,77,68,73,56,49,62,55,64,55,58,47,64,44,48,59,51,47,48,51,48,66,50,41,33,44,41,31,46,40,37,38,39,39,38,55,38,32,33,32,34,23,44,45,29,34,35,22,32,30,33,32,38,28,38,33,35,36,22,22,27,37,22,39,33,26,29,36,21,27,29,32,21,27,22,18,21,37,18,18,23,17,13,24,24,17,14,22,26,21,17,20,24,17,20,23,14,20,10,14,13
14,16,15,12,13,15,15,12,46,189,600,1129,1296,1242,1076,974,813,806,724,667,595,600,552,495,419,409,376,383,353,307,308,304,284,262,275,250,205,255,243,187,244,195,183,179,204,187,164,187,149,151,187,154,159,146,148,149,133,145,123,116,124,117,101,107,116,118,105,103,107,106,97,95,89,94,74,71,88,79,84,105,78,67,77,69,64,60,68,75,66,64,73,68,53,66,63,56,49,57,61,61,43,60,47,71,54,55,51,49,56,46,38,39,33,35,50,40,51,35,43,38,39,30,35,36,30,38,40,26,33,43,38,30,30,35,35,31,28,27,33,24,34,28,35,32,28,28,26,25,20,28,19,26,23,20,24,25,16,19,21,18,27,20,17,19,19,25,20,21,23,15,21,18,26,18,14,16,19,17,17,18,17,19,15,15,11,21,18,16,9,21,11,22,6,15,17,7,12,12,17,16
63,39,47,50,51,64,43,75,174,594,1833,3543,4159,4070,3777,3687,3213,2999,2894,2594,2381,2263,2027,1843,1727,1579,1571,1442,1301,1210,1187,1157,1083,1029,986,960,968,893,891,857,805,771,816,772,812,734,681,698,635,640,689,634,638,615,572,602,573,593,565,570,530,529,519,450,438,452,488,486,401,436,410,439,403,393,375,398,377,353,346,315,324,309,293,294,321,299,317,307,293,267,268,284,254,264,273,247,251,260,221,239,231,215,229,201,210,218,220,211,187,213,202,202,212,160,161,174,169,173,169,130,165,143,149,160,154,161,128,158,153,155,141,157,157,150,144,122,114,127,138,141,116,114,109,98,113,119,120,121,101,95,110,97,101,102,91,78,95,102,105,97,89,77,95,95,92,103,99,85,114,79,69,81,78,84,72,82,71,92,69,87,80,76,60,95,72,65,72,62,78,69,66,55,61,61,58,65,44,38,61,54
23,21,17,20,26,25,25,24,51,148,521,951,1005,920,893,818,658,702,651,578,534,490,492,448,456,410,411,387,363,340,344,309,318,311,317,308,294,275,252,267,247,263,250,250,205,231,197,220,193,198,169,176,169,169,179,160,183,167,143,173,136,149,130,136,152,139,127,122,126,130,125,135,105,112,113,117,107,108,89,105,92,105,93,106,100,100,88,76,86,93,68,87,75,86,80,88,79,73,78,78,85,75,69,56,74,71,71,60,69,77,59,65,57,52,61,47,61,67,59,59,55,64,49,62,70,34,51,53,46,46,62,59,40,58,51,40,56,33,35,46,44,50,44,48,37,32,42,45,46,37,41,39,42,36,34,47,29,37,28,38,42,41,34,26,23,31,29,27,23,34,37,23,24,28,33,23,29,35,37,27,23,14,27,40,31,23,34,28,30,23,24,28,20,21,16,27,25,21,21,20
16,12,19,11,8,14,10,14,27,118,328,589,644,616,515,491,424,453,378,411,353,325,353,306,291,296,259,234,243,225,181,213,223,200,180,205,164,168,148,159,137,144,178,147,151,139,118,120,112,117,119,95,109,115,107,106,92,84,102,84,76,75,90,79,91,74,89,82,83,80,67,82,71,78,59,82,66,55,72,55,59,52,54,55,49,61,56,49,57,51,58,47,57,48,51,50,41,48,45,38,35,33,42,52,40,39,38,30,41,44,43,39,37,36,34,42,32,31,38,38,35,35,25,20,28,25,41,32,30,20,35,25,24,30,30,29,32,19,24,26,28,18,29,21,23,23,15,25,25,20,24,22,26,18,26,31,26,14,21,21,23,24,21,22,23,21,23,15,21,20,19,16,12,12,26,18,21,13,21,14,17,20,17,7,22,20,16,14,15,18,15,11,14,17,16,13,10,10,19,13
56,48,39,37,57,67,56,81,252,890,2757,5352,6022,5866,5311,5027,4485,4195,3692,3445,3124,2762,2556,2312,2154,1932,1858,1715,1601,1488,1448,1360,1258,1200,1131,1174,1123,1052,1051,1030,969,1016,946,927,871,851,886,835,809,796,789,746,768,719,700,712,712,687,665,651,637,608,607,550,573,537,492,531,480,504,470,481,460,483,443,408,398,393,433,385,353,372,342,383,368,351,318,316,339,303,314,325,296,288,274,294,281,253,287,294,262,278,270,226,258,227,226,247,231,236,228,220,192,209,183,191,197,201,188,180,181,184,183,180,169,161,176,180,165,154,147,131,153,145,132,142,154,133,149,134,148,120,123,110,121,119,119,112,98,99,103,118,109,110,112,108,126,92,134,93,81,96,89,94,86,83,98,95,87,90,86,94,101,79,74,82,85,80,70,70,76,80,63,64,68,76,79,67,68,65,53,66,64,52,52,63,51,56,48,43
26,31,22,26,17,15,24,32,74,322,1063,1975,2191,2088,1826,1691,1540,1406,1290,1210,1077,1025,993,948,825,863,738,723,677,691,635,580,613,546,499,515,504,442,410,411,412,397,396,365,364,373,347,361,310,327,300,286,284,283,275,266,291,254,241,271,236,243,228,252,221,204,213,207,207,181,179,175,195,152,169,166,147,145,150,157,132,165,141,139,145,166,136,128,139,126,107,122,131,113,121,101,109,111,108,108,95,102,96,116,82,100,78,90,88,89,84,98,86,70,82,80,62,73,103,57,74,70,91,59,78,75,63,76,52,69,52,56,55,67,68,46,44,53,57,47,49,49,54,55,56,45,51,51,45,44,42,44,48,48,43,36,49,44,38,39,36,40,36,36,35,35,36,34,28,37,35,42,41,24,42,32,37,40,38,33,27,27,27,27,38,40,26,33,22,17,29,31,28,32,20,32,24,23,16,24
49,59,56,55,44,51,63,82,237,798,2513,5068,5558,5736,5228,4810,4377,4154,3845,3534,3320,3078,2792,2617,2331,2329,2082,2028,1899,1715,1688,1559,1557,1481,1410,1361,1229,1313,1211,1224,1101,1127,1094,1054,994,927,998,948,939,883,837,827,863,815,844,769,719,721,719,662,677,671,640,632,626,607,561,561,574,501,559,525,529,499,500,479,420,449,403,432,415,399,384,399,354,379,375,353,359,334,321,351,305,310,305,291,301,280,266,302,278,276,272,274,270,286,242,268,260,209,233,241,200,223,222,186,180,194,196,208,180,208,185,191,168,193,140,179,155,146,170,164,161,155,142,170,116,138,154,134,133,144,140,120,145,151,123,107,139,105,128,105,102,110,111,130,95,122,111,117,93,101,81,103,103,106,92,79,93,78,98,89,67,82,81,71,79,73,94,79,75,90,81,71,74,76,68,77,69,73,51,69,55,55,52,60,51,62,57,55
27,26,31,28,36,34,27,47,112,354,1196,2191,2384,2379,2111,1882,1847,1701,1625,1510,1319,1292,1219,1127,1038,965,956,868,889,854,715,766,682,695,667,679,618,602,568,573,508,517,547,507,495,484,444,491,457,453,383,384,389,399,397,376,358,365,341,317,315,281,297,288,311,289,268,298,253,273,273,246,249,237,225,232,200,232,218,227,217,199,207,184,185,211,176,167,180,169,173,160,190,156,152,161,135,167,157,149,132,111,162,154,117,118,139,111,161,140,117,124,118,110,128,102,91,119,102,97,105,104,101,112,97,99,79,84,108,104,81,73,74,74,82,73,82,87,83,75,68,58,66,58,64,83,60,57,73,50,65,63,67,64,64,61,51,63,58,63,54,47,50,43,49,45,66,52,52,56,51,56,50,42,51,49,42,54,23,43,45,55,44,40,40,38,35,42,33,38,44,36,33,38,33,31,44,36,29,35
21,18,6,14,13,13,16,18,44,162,460,775,887,817,737,606,601,583,563,504,439,497,418,386,369,366,345,327,299,320,299,271,257,242,254,257,229,233,204,213,196,208,200,181,164,155,185,153,161,159,136,150,147,151,137,143,131,118,114,126,148,115,106,94,118,108,104,94,112,97,124,91,101,73,75,65,87,79,89,76,68,100,68,73,80,58,79,81,70,61,60,75,81,56,52,58,63,58,68,63,55,54,44,53,70,58,64,49,46,52,42,46,50,32,36,44,44,39,39,39,28,43,38,41,28,33,32,32,31,47,24,35,32,47,31,42,25,35,27,31,41,35,32,42,25,36,20,27,25,32,19,20,20,22,25,31,26,25,21,21,33,21,28,30,31,18,20,25,29,18,27,19,19,23,20,28,22,21,16,18,13,15,21,23,17,13,25,12,22,10,15,20,10,13,15,21,15,20,17,17
16,12,11,15,16,19,11,19,42,151,520,949,994,881,807,765,706,638,651,568,561,534,494,406,445,447,350,383,304,313,297,305,338,284,281,253,280,227,207,222,206,245,220,248,187,235,182,202,179,185,173,164,160,145,151,166,174,144,151,122,141,141,111,131,112,122,136,100,123,119,91,94,103,94,124,89,90,100,105,89,76,85,74,83,86,84,82,73,70,74,72,76,74,59,55,69,55,61,78,66,62,58,54,54,51,79,54,49,54,63,46,37,63,54,40,41,37,40,46,41,42,44,43,49,34,37,37,48,38,43,31,41,37,34,34,36,46,30,33,37,32,26,29,35,25,39,31,36,33,35,19,26,24,30,21,26,22,29,23,26,27,20,23,23,21,26,13,22,20,19,22,22,19,24,21,16,19,15,15,19,23,19,19,18,19,21,18,17,18,21,16,19,14,23,12,12,13,16,11,8
26,29,26,41,36,38,31,53,114,498,1543,2859,3177,3115,2740,2591,2363,2213,1979,1891,1768,1610,1501,1402,1298,1238,1174,1093,1035,1011,961,887,886,861,768,773,671,719,724,685,680,609,656,628,607,524,544,542,521,523,474,457,443,438,427,421,404,422,390,392,359,333,402,342,380,315,339,323,287,311,312,275,265,281,282,272,290,261,233,264,226,267,214,196,220,206,206,205,216,202,188,190,200,201,198,182,172,164,161,149,176,173,149,146,153,148,131,127,142,133,135,122,119,103,130,115,138,109,108,121,134,86,122,112,91,96,91,122,91,81,99,105,107,110,86,100,91,81,86,84,94,65,71,81,82,71,79,88,80,74,78,76,63,80,67,65,54,73,61,59,65,59,67,66,54,58,55,59,61,65,53,60,54,48,46,57,64,41,42,67,47,54,43,43,54,44,38,33,49,25,35,40,31,57,39,43,39,35,42,38
19,18,8,15,10,17,27,8,48,165,513,866,917,851,730,690,578,571,519,487,447,405,390,388,364,351,321,277,290,289,286,253,265,252,252,224,234,208,217,191,204,165,190,187,163,165,192,167,146,168,151,122,156,136,138,137,113,125,122,133,123,124,106,101,114,106,109,110,89,104,112,102,98,79,96,78,85,90,99,86,71,67,80,60,72,67,76,66,57,58,68,58,54,57,53,54,53,55,40,58,67,47,62,50,47,49,34,51,53,48,53,43,38,42,60,35,47,52,42,37,43,37,40,40,28,34,26,39,32,32,32,34,27,29,27,30,32,33,31,31,33,33,27,27,29,24,26,27,32,31,29,28,26,20,25,22,29,27,28,26,25,25,15,26,25,15,29,24,22,15,31,19,15,19,28,18,14,13,13,12,19,10,23,17,23,22,17,17,16,18,18,12,13,19,28,19,16,16,14,19
9,8,14,17,11,8,4,13,27,112,304,519,510,582,465,441,418,382,382,314,323,284,288,251,252,252,248,209,224,211,205,189,189,183,188,178,170,156,165,148,161,129,131,125,115,130,115,105,114,116,115,112,92,100,94,101,104,91,86,86,95,84,98,72,86,87,67,76,89,64,65,80,65,73,78,65,62,51,65,59,72,68,52,73,50,61,41,35,50,56,60,65,44,54,35,49,38,47,38,47,39,47,53,62,38,57,37,48,43,48,35,39,35,28,34,30,39,28,36,35,34,36,30,28,33,24,30,23,21,33,26,33,28,30,32,29,26,29,29,23,28,20,17,21,22,14,31,27,26,21,26,17,23,17,20,24,21,23,25,18,21,21,17,22,18,19,14,16,15,22,21,13,29,18,18,15,14,16,12,15,14,11,14,14,9,17,22,12,14,12,11,16,13,10,14,14,17,10,11,14
7,14,12,15,13,15,14,13,42,102,317,565,570,527,510,431,386,357,352,357,336,318,291,260,253,266,251,228,198,220,203,200,175,180,178,169,149,179,149,155,139,141,133,165,132,133,122,125,133,129,107,101,120,106,111,121,110,89,96,94,87,92,89,82,95,82,78,78,100,100,75,65,78,77,65,78,63,68,48,65,63,52,50,55,57,50,60,54,65,55,56,56,64,43,44,44,54,60,44,39,42,47,57,49,45,37,43,39,48,41,40,48,57,41,34,34,29,38,34,35,34,25,33,39,28,33,34,29,37,20,27,23,30,31,21,17,26,28,25,33,25,25,36,23,44,19,25,19,23,24,20,23,24,24,18,17,20,20,17,29,18,26,20,18,20,16,18,21,21,15,20,23,21,19,13,20,17,20,17,12,18,15,14,13,18,19,14,12,13,18,14,13,6,13,16,14,20,7,16,10
13,9,13,14,8,10,11,16,38,114,363,547,591,530,492,487,405,404,392,347,378,347,306,315,271,287,236,239,244,222,202,215,226,184,192,184,182,174,146,151,139,146,132,134,136,117,130,126,117,138,123,114,114,100,115,121,90,110,80,90,94,85,97,111,102,89,75,96,94,66,75,63,61,59,72,67,84,58,59,63,63,65,53,61,56,55,51,55,40,60,49,58,56,62,59,53,45,46,56,36,49,37,41,40,44,41,38,40,52,37,57,36,28,36,43,46,36,31,38,35,26,31,37,38,33,42,32,38,24,30,31,20,35,24,25,26,23,26,32,25,19,27,21,26,20,18,33,17,21,28,23,15,22,20,19,21,16,26,26,32,17,24,19,22,14,24,21,20,20,19,17,16,19,14,14,22,19,11,24,17,19,21,22,17,16,15,17,9,16,17,13,12,4,19,13,9,17,15,19,13
17,11,8,7,12,8,14,47,249,1000,2800,3618,2468,1449,968,722,566,503,407,371,387,346,312,259,244,234,191,209,178,183,172,155,156,157,130,142,156,139,126,130,120,135,104,111,109,103,107,101,74,80,105,105,91,70,81,90,77,84,68,72,78,77,66,72,72,60,64,66,61,68,50,62,60,37,48,63,50,52,52,54,49,54,43,53,39,48,51,24,50,40,42,35,45,36,31,32,38,38,44,43,28,40,28,39,34,37,32,33,38,29,32,24,36,40,34,33,26,24,26,27,18,20,27,23,19,25,28,34,24,29,26,28,27,28,22,21,17,15,24,23,20,27,18,17,18,17,22,27,19,18,26,19,15,16,19,18,15,14,21,10,16,15,23,21,20,14,18,11,13,25,10,15,17,20,15,13,11,14,10,18,15,15,14,12,11,16,7,16,12,5,10,12,8,17,8,12,15,12,7,14
72,75,92,75,80,76,101,75,97,229,531,910,1120,1078,1028,1109,1066,1066,1014,958,918,936,973,859,807,825,802,733,739,725,706,690,663,732,683,638,644,604,608,577,598,585,564,584,598,539,538,540,524,479,542,482,513,512,513,503,498,473,457,451,444,428,408,447,400,422,407,422,420,413,397,430,368,376,362,349,328,409,351,379,335,309,323,335,317,342,318,320,314,289,288,300,274,304,294,271,288,297,282,276,282,263,250,267,243,228,241,243,227,230,236,241,226,209,232,234,228,236,213,204,231,221,183,222,189,181,185,189,173,174,187,198,182,172,188,175,163,199,165,166,169,172,183,136,154,143,170,133,158,156,152,147,160,156,140,144,130,153,156,125,138,136,127,124,114,152,122,129,113,111,147,124,114,114,109,100,123,108,92,100,91,105,93,111,112,106,114,97,114,115,97,110,92,69,79,82,94,87,83,77
15,9,11,12,8,7,10,17,23,97,288,504,500,473,410,369,357,328,371,307,278,309,289,279,237,249,222,214,214,182,195,179,177,154,174,163,154,163,138,154,131,152,126,122,119,130,136,115,120,116,109,106,94,123,79,79,104,79,98,80,91,90,90,73,60,79,87,89,88,59,77,79,63,67,70,68,50,69,58,51,70,55,61,55,58,47,49,50,50,58,58,58,42,49,42,44,58,46,43,29,46,42,42,48,39,43,43,42,43,43,35,32,32,39,40,24,42,38,28,38,28,25,24,37,32,23,20,18,32,25,29,29,26,34,35,25,29,24,26,18,25,25,18,27,29,14,20,23,12,22,27,21,25,15,19,21,18,15,14,21,16,14,20,17,16,21,13,15,8,14,15,22,16,16,18,14,16,18,20,19,10,13,16,7,15,12,13,14,12,10,15,20,12,15,12,13,23,16,11,13
16,12,9,12,10,7,9,11,31,100,278,467,502,492,425,379,362,353,329,298,300,294,278,275,239,232,225,219,195,192,178,191,170,172,168,157,153,165,141,145,135,128,104,115,131,114,117,125,117,99,127,97,116,106,111,108,84,93,90,98,67,87,85,88,91,79,64,70,64,65,63,63,60,74,75,47,77,60,69,63,64,50,63,71,53,49,46,44,48,44,46,54,53,51,46,48,62,40,51,44,56,36,36,50,37,45,44,29,47,33,30,38,30,34,38,36,35,41,28,30,34,32,24,29,22,25,43,33,26,33,29,24,27,20,15,32,21,30,20,11,25,27,19,22,29,22,19,22,27,21,25,21,24,19,13,20,25,22,22,13,22,14,16,24,19,16,15,23,27,14,13,24,9,19,27,8,19,21,21,23,16,7,12,9,8,14,13,20,9,18,20,13,12,12,12,11,9,12,7,12
11,16,10,9,8,6,17,23,195,780,2308,3186,2151,1369,890,646,546,454,388,384,343,329,263,242,227,219,194,194,166,181,159,136,173,160,139,132,112,106,117,116,116,100,115,99,115,106,89,104,94,89,86,82,79,86,66,70,68,64,68,89,63,72,75,56,58,71,57,66,65,56,66,44,47,62,37,49,57,51,46,36,41,51,45,54,45,40,54,28,33,45,43,48,40,40,37,38,36,31,27,41,35,33,34,35,39,40,28,29,38,33,20,28,31,26,31,29,33,26,22,31,28,21,26,29,31,24,24,26,31,19,29,29,28,23,23,22,16,22,17,21,26,27,23,21,16,22,18,19,21,14,19,19,15,14,19,20,18,21,20,17,6,15,15,18,16,23,13,13,8,12,18,19,15,15,14,23,15,15,19,16,16,8,16,15,11,8,15,17,18,9,16,9,12,10,8,11,16,10,12,15
17,12,17,15,15,11,14,11,36,94,331,524,583,532,491,413,435,430,363,328,314,312,284,289,278,301,270,304,255,222,225,232,200,198,207,209,195,166,194,159,178,181,152,130,147,128,145,146,152,116,111,130,123,134,111,115,116,103,98,117,98,84,110,108,86,87,76,104,76,72,91,97,78,80,74,75,75,50,57,65,88,61,56,65,56,65,62,46,57,44,47,52,66,50,68,52,55,48,63,37,53,60,52,38,34,38,38,44,40,32,47,37,50,40,24,32,31,24,30,37,27,27,35,33,36,25,35,32,25,34,31,35,23,32,22,30,38,27,26,26,34,22,24,20,19,27,22,23,19,23,20,22,24,21,15,14,18,24,21,21,25,19,18,20,19,18,19,29,22,19,18,18,12,23,12,17,20,18,11,17,13,17,24,17,14,16,18,10,13,13,12,13,17,22,20,10,11,16,13,18
11,14,13,13,10,15,10,16,26,94,324,544,564,545,563,498,409,391,405,334,362,345,289,299,289,271,241,236,228,222,232,193,190,219,182,178,167,164,161,164,163,170,160,111,147,115,121,122,137,144,113,120,109,111,100,86,89,97,108,87,95,99,82,76,85,86,73,80,79,82,76,90,73,70,55,58,73,54,57,71,68,67,32,50,55,73,68,53,52,44,52,47,51,46,54,42,44,52,53,42,42,44,65,51,38,44,43,55,43,49,50,39,37,41,34,34,30,27,44,21,25,29,32,38,30,28,23,33,27,17,36,26,29,31,26,28,19,21,21,20,24,28,20,28,27,17,21,22,15,29,24,23,16,22,23,21,12,25,17,18,21,17,15,15,26,17,23,20,23,17,21,18,14,15,15,18,15,8,12,14,18,13,16,15,14,23,13,14,9,16,13,18,15,20,17,7,12,11,7,12
91,78,76,80,84,90,82,95,91,186,417,787,1070,1156,1285,1301,1265,1310,1301,1324,1257,1280,1172,1228,1103,1035,1015,1058,969,881,901,837,826,819,804,776,713,705,650,695,666,716,651,703,646,675,623,617,640,640,586,587,626,584,601,589,600,593,561,535,537,586,552,584,554,541,535,515,500,486,504,516,473,469,470,454,464,463,429,450,435,456,415,407,408,366,408,411,395,406,371,422,415,317,374,354,377,377,324,345,323,342,337,318,326,309,334,296,301,312,288,278,312,295,281,272,260,251,277,286,253,224,258,230,242,269,256,249,258,240,212,261,201,240,213,247,242,233,219,240,221,210,211,204,210,198,186,161,186,187,176,168,154,146,152,172,168,160,168,168,200,165,161,176,152,154,173,144,171,158,146,123,132,135,150,141,132,140,133,135,133,122,139,115,128,115,153,102,120,128,113,99,107,90,107,90,105,104,89,84
19,12,17,7,12,15,11,8,40,92,284,518,548,476,446,394,391,332,366,301,304,312,275,279,245,236,220,226,206,201,170,169,183,161,146,160,153,140,146,128,140,141,145,124,121,122,110,99,124,89,99,92,92,89,102,97,100,96,82,82,87,72,88,83,83,70,82,67,64,73,80,68,76,62,50,72,77,67,83,52,61,50,56,55,47,52,58,44,45,42,60,48,42,51,40,42,50,47,46,56,35,42,37,36,42,30,52,37,41,32,46,43,31,35,36,31,35,28,32,35,39,27,37,35,35,32,26,24,39,32,26,30,31,29,23,35,29,27,22,22,32,27,31,20,26,16,27,27,44,23,21,22,20,31,25,17,28,25,24,14,22,21,21,25,32,15,24,18,19,14,25,24,30,19,26,20,24,17,13,10,17,18,22,18,21,13,20,16,17,24,8,16,13,15,18,18,15,13,30,18
11,14,9,7,16,10,10,10,32,110,250,473,463,452,428,396,363,337,328,319,310,298,235,267,262,272,226,233,214,209,199,210,196,185,146,154,157,139,154,162,135,119,148,120,126,95,111,131,108,103,96,109,112,102,92,101,109,94,99,66,92,85,78,76,78,80,80,80,75,62,56,51,66,64,63,68,53,60,68,55,57,62,68,60,55,60,51,61,57,34,44,46,29,39,47,46,46,42,49,44,49,45,33,34,36,39,33,46,30,24,33,34,33,43,42,34,22,35,32,36,33,24,30,33,23,38,31,26,26,27,27,29,17,40,20,21,29,27,25,32,21,18,31,25,12,24,18,22,23,19,25,17,14,21,20,17,16,15,15,24,17,16,14,15,17,12,20,10,21,19,12,10,12,17,14,10,12,12,10,12,12,17,15,9,11,10,8,16,14,16,19,12,11,10,14,13,10,11,10,13
12,8,8,12,12,14,10,26,164,526,1504,2014,1561,1096,809,626,485,440,395,356,310,299,262,253,225,206,161,164,157,133,155,158,144,122,119,120,125,122,115,123,116,110,137,108,92,82,105,96,85,93,90,86,80,62,84,70,75,75,78,74,77,47,74,72,59,59,54,57,58,41,55,51,45,53,48,55,54,46,44,35,48,58,42,43,35,54,37,38,48,35,46,38,38,35,30,24,33,33,40,42,34,45,27,24,21,27,38,26,26,33,33,21,40,24,26,26,27,26,22,23,33,24,23,24,31,23,25,21,37,27,25,36,21,18,19,18,23,22,28,22,24,25,21,18,19,16,21,22,22,16,15,28,18,10,13,10,9,20,11,16,15,12,16,14,19,10,13,10,14,16,12,11,9,24,12,16,16,16,12,19,10,11,11,10,16,8,15,19,5,14,11,15,9,9,8,14,19,11,8,10
18,18,19,10,18,22,24,16,39,139,319,537,577,534,539,477,439,418,410,396,354,342,338,350,326,310,327,288,264,275,241,219,260,261,241,221,220,232,216,206,193,175,195,190,153,140,179,156,173,163,141,148,143,170,171,122,118,158,136,145,120,124,118,126,115,90,116,108,129,101,89,106,95,91,90,95,99,102,102,97,86,94,88,104,88,96,85,80,87,77,58,80,65,96,69,77,77,77,75,82,53,63,54,57,72,62,57,74,49,69,60,53,46,58,47,59,52,68,32,57,58,52,60,56,60,52,49,46,37,45,44,38,45,32,43,41,45,38,44,38,34,41,35,36,39,41,38,40,31,37,35,24,36,36,41,32,35,42,48,39,36,29,21,32,37,27,23,30,29,29,27,28,30,36,35,39,25,28,25,23,18,20,23,24,28,27,30,19,21,25,29,25,14,20,17,21,24,23,21,22
17,14,8,11,19,13,20,18,39,127,488,757,862,784,769,674,666,560,575,560,497,493,471,427,394,407,423,352,351,337,307,306,278,261,269,239,268,261,231,235,262,205,207,208,211,191,206,191,177,196,181,170,170,139,162,136,150,141,146,151,144,119,139,133,106,125,110,121,118,112,118,107,121,100,104,99,105,97,110,91,91,91,99,66,73,70,68,80,81,78,80,65,80,79,69,68,51,56,70,61,68,63,68,60,53,43,53,69,53,64,48,50,53,61,47,54,51,46,47,48,37,48,39,42,39,41,39,35,42,46,35,40,28,41,35,36,45,31,31,37,40,31,27,33,44,34,34,29,36,29,24,23,31,28,29,26,25,25,29,23,32,25,27,19,31,27,26,29,25,23,26,25,26,18,29,20,27,26,16,17,14,21,21,23,19,23,23,18,26,8,14,19,20,17,19,14,11,15,14,16
21,30,23,21,19,31,20,37,48,123,334,554,587,540,519,490,434,446,448,366,380,385,359,344,320,303,342,329,278,281,256,266,277,251,247,244,219,217,193,235,225,210,189,182,183,198,184,176,176,180,161,164,181,157,171,161,172,135,146,131,143,126,131,148,147,123,141,129,127,138,156,117,123,102,110,98,90,104,97,88,110,115,103,108,88,103,104,83,85,107,104,91,87,79,94,94,92,87,94,75,66,67,77,70,94,86,76,80,83,79,69,76,72,61,76,70,51,61,65,56,79,51,54,61,52,56,46,54,62,58,42,64,58,57,52,51,54,58,50,44,41,53,55,47,54,41,56,57,54,26,55,50,43,51,48,45,35,30,33,50,41,49,43,51,35,45,43,42,32,30,34,49,36,37,36,35,34,24,31,34,30,32,35,29,31,40,31,22,39,27,31,30,24,42,29,32,30,17,21,20
13,15,15,17,20,12,14,21,37,119,382,591,636,560,537,525,453,417,456,374,425,405,311,317,283,285,292,294,276,240,259,230,219,201,208,207,201,193,182,183,183,172,156,157,152,170,141,139,135,142,153,126,109,131,120,112,127,114,122,93,93,102,104,102,89,105,95,81,105,87,100,81,88,90,89,76,79,80,58,79,61,74,52,70,74,66,60,57,61,53,60,51,59,50,57,66,47,59,47,59,50,47,42,57,49,49,42,46,38,47,49,39,44,43,52,49,33,42,58,37,43,39,24,43,39,45,41,34,35,33,28,30,28,37,24,35,26,33,31,26,25,37,36,36,26,22,24,29,23,27,28,27,25,30,24,30,21,24,21,12,24,25,22,24,22,26,23,14,12,22,21,28,18,19,25,20,23,19,13,19,16,11,20,27,23,15,23,11,14,12,23,19,18,13,18,20,16,17,16,17
19,20,16,22,17,21,18,15,26,85,203,378,447,386,345,376,324,344,338,301,273,259,269,242,251,251,238,253,233,224,201,191,183,193,191,172,168,166,136,154,157,170,154,138,127,131,136,106,147,113,117,113,117,115,105,125,110,107,96,91,90,107,109,106,84,117,61,93,89,83,103,85,80,81,82,86,69,71,75,73,89,64,74,69,88,59,75,63,55,71,61,80,67,62,70,63,60,66,66,62,58,53,44,54,63,57,54,54,48,55,39,37,60,40,38,48,42,28,45,47,45,50,50,44,51,44,50,31,37,40,47,47,37,36,48,41,47,34,30,49,27,30,27,22,30,39,21,33,53,40,38,32,33,30,26,26,28,33,34,25,25,26,27,31,25,31,25,20,21,33,22,20,25,19,27,24,22,20,21,25,20,20,27,23,25,23,13,18,16,20,20,18,18,22,25,18,24,21,22,17
15,13,20,18,25,15,7,14,37,142,427,706,736,735,647,558,545,487,466,438,413,401,388,357,404,319,321,323,318,280,272,256,244,255,228,205,223,216,219,240,184,209,200,161,185,184,186,166,167,151,157,136,149,149,138,142,124,135,126,125,106,118,112,105,96,112,116,113,103,94,100,92,92,81,87,80,69,99,89,81,87,76,89,81,103,65,68,71,79,89,68,62,77,82,62,70,46,68,68,64,62,39,52,70,52,57,63,57,47,51,38,50,40,40,48,47,48,37,47,41,44,49,37,37,42,50,35,46,40,35,32,33,36,42,26,33,34,32,29,35,31,27,33,43,34,29,24,26,24,28,28,26,25,31,24,35,34,24,19,26,28,22,28,23,25,31,27,16,21,14,21,18,30,22,21,18,20,22,28,21,28,15,17,24,17,15,14,20,16,16,16,19,14,23,13,18,15,13,16,15
15,13,15,18,18,19,12,21,39,123,318,584,670,649,605,516,448,490,446,444,428,391,347,361,335,324,306,289,264,275,293,254,244,224,216,194,208,203,196,237,189,213,182,180,189,162,151,158,151,145,162,123,137,139,138,118,138,107,121,129,132,101,117,104,130,109,118,112,93,96,95,95,120,84,90,92,78,88,60,92,71,98,70,66,72,73,68,73,48,75,72,66,65,61,65,56,71,48,70,48,75,67,56,56,56,41,52,61,44,52,59,49,54,54,43,52,53,45,47,57,47,40,52,26,44,58,46,34,32,44,32,36,32,37,33,34,32,30,35,37,33,31,27,30,33,30,18,30,30,20,33,24,23,34,31,39,35,21,19,27,25,28,32,23,26,15,18,32,27,22,20,28,24,21,17,16,19,25,27,21,20,17,10,19,16,16,26,17,15,11,18,21,15,14,18,16,15,13,19,10
17,22,21,12,22,17,11,16,35,134,444,776,820,771,662,646,567,539,573,481,466,441,404,410,399,372,341,317,326,306,249,270,279,257,259,267,242,202,225,185,198,182,193,188,188,213,188,174,165,139,157,149,175,147,154,160,136,145,109,135,150,108,129,124,140,114,103,105,116,105,87,103,107,109,80,108,88,88,60,90,75,72,79,70,80,72,70,65,79,72,80,70,81,59,71,79,63,73,62,57,64,65,66,54,52,67,40,47,57,50,57,51,52,63,35,58,47,50,34,39,56,49,38,40,33,37,36,49,43,26,32,42,35,36,41,39,35,41,42,41,29,34,35,39,34,32,31,30,33,32,37,34,38,30,29,24,25,28,28,25,31,25,26,35,34,17,18,23,19,23,25,21,23,23,29,24,32,14,14,21,29,16,21,29,15,15,17,21,19,12,19,15,14,19,12,21,15,18,15,15
15,22,15,14,21,21,24,23,52,148,369,710,762,657,626,576,534,525,527,462,415,416,378,386,342,318,291,308,293,282,281,273,230,240,237,235,223,208,224,207,187,183,207,158,183,176,164,149,160,156,152,152,147,127,134,152,142,123,143,112,118,149,120,107,115,105,116,116,117,108,116,85,89,99,109,95,94,74,88,100,77,80,81,99,69,83,69,63,63,77,59,68,69,70,82,65,68,60,58,56,64,68,65,74,50,50,49,42,52,52,41,53,55,46,55,35,56,42,39,61,48,35,51,52,51,40,63,28,46,44,32,36,36,33,38,44,55,21,40,36,33,35,33,30,38,30,27,38,31,25,36,25,38,23,33,26,37,34,30,29,34,20,28,31,29,25,26,31,32,38,24,18,21,14,38,23,19,22,26,21,33,19,18,13,21,19,15,17,11,19,18,21,21,22,21,21,21,22,21,15
19,17,22,25,27,24,26,30,55,132,466,826,956,965,912,839,715,735,715,622,594,586,545,517,541,536,484,400,425,393,381,359,359,365,355,334,299,318,321,306,270,298,291,268,272,243,274,256,235,231,235,239,189,220,205,214,208,196,189,206,204,177,185,160,171,186,154,158,167,159,139,157,145,131,145,126,136,109,148,123,129,124,126,126,123,121,112,116,105,115,106,109,107,86,117,89,113,104,95,88,98,100,77,94,79,64,74,78,83,88,90,67,65,67,60,98,74,76,78,71,78,63,73,62,65,43,54,55,63,44,53,55,47,55,56,52,60,57,65,49,47,55,51,53,55,48,40,46,41,35,54,50,40,43,30,38,33,47,43,43,45,30,27,32,25,31,48,32,40,35,38,36,39,24,38,36,29,36,28,29,35,27,21,26,30,27,25,35,27,27,29,25,23,32,20,21,26,19,16,20
14,12,12,19,16,16,18,25,45,137,375,639,665,647,605,548,495,489,434,469,394,408,415,358,343,298,320,281,294,271,265,250,264,236,217,204,210,207,211,200,179,178,177,156,159,168,133,160,143,167,139,135,160,145,139,123,128,119,119,126,126,103,117,124,111,101,107,98,94,98,86,99,84,76,83,80,74,63,76,83,85,60,73,71,73,68,67,76,66,54,76,59,69,63,57,65,56,57,51,61,40,53,49,49,57,42,55,47,52,58,52,40,51,52,45,36,41,52,29,35,48,47,50,30,49,43,37,30,44,34,37,34,34,43,27,34,29,43,46,31,32,35,31,18,32,26,31,30,31,27,22,19,30,25,21,18,24,20,26,20,31,25,33,24,18,26,14,16,26,25,23,17,30,23,19,22,14,22,19,30,22,24,22,26,15,19,14,14,19,18,13,14,24,21,23,17,22,13,19,19
13,15,9,10,19,9,13,16,23,82,239,399,422,370,374,343,360,318,274,269,254,262,264,267,230,225,266,184,238,204,209,210,181,177,157,185,174,144,153,150,148,112,134,131,124,133,129,118,131,124,128,124,112,92,108,108,100,105,92,104,92,97,93,86,84,85,91,105,80,90,82,63,78,79,95,84,73,69,90,78,71,53,64,59,77,67,72,56,60,59,57,67,54,55,70,56,41,60,67,41,54,58,53,52,50,46,63,48,56,55,55,45,38,48,37,43,48,44,47,25,35,48,46,43,40,31,37,43,30,26,34,30,26,28,30,39,32,38,26,30,34,27,36,25,35,30,26,22,23,27,36,21,25,29,23,22,25,22,20,32,22,25,21,30,19,24,28,16,28,25,24,19,20,19,19,20,19,17,21,17,24,15,17,17,22,9,16,25,13,21,11,14,18,18,15,9,21,12,17,20
24,13,4,8,10,17,10,12,41,114,342,515,544,564,459,437,363,342,327,353,316,324,268,275,221,230,221,205,192,191,173,196,171,146,190,154,158,158,150,111,131,130,114,118,135,114,105,117,121,108,95,96,107,96,88,89,92,77,79,91,81,89,76,84,86,71,69,73,75,76,62,80,73,75,59,60,60,59,63,64,51,56,51,66,53,68,55,58,56,42,50,64,43,52,46,39,46,28,46,47,38,41,41,38,31,37,36,40,29,52,44,43,53,40,30,20,42,39,29,32,32,36,26,34,25,26,34,26,31,22,32,29,25,22,40,27,26,24,31,26,24,21,15,25,23,18,28,20,21,27,24,27,20,20,21,14,15,16,33,16,23,14,19,15,14,20,6,12,17,12,19,12,14,18,17,12,18,14,21,14,14,11,11,16,13,15,15,16,8,8,16,10,12,12,11,12,22,15,13,12
13,6,10,11,12,12,6,36,195,809,2332,3179,2127,1331,895,664,522,434,387,334,343,285,262,241,211,181,192,170,180,166,147,131,152,115,132,100,105,127,127,84,114,81,73,99,85,88,76,91,76,78,88,71,76,57,61,57,60,64,62,62,73,57,58,58,50,50,69,41,44,52,42,41,47,55,45,56,47,30,54,37,38,43,39,50,47,35,45,48,36,42,39,37,32,22,31,27,29,27,30,29,29,33,24,22,24,30,25,24,32,29,30,16,29,27,14,25,18,36,24,22,18,23,14,22,23,14,19,27,18,24,17,19,20,9,22,14,19,15,19,21,14,16,16,15,20,24,15,15,18,12,13,26,12,12,7,13,17,16,15,10,8,15,9,20,15,14,13,14,16,14,14,16,15,12,25,19,17,13,14,14,6,9,7,11,9,13,8,7,12,9,11,10,9,9,8,9,7,12,12,10
31,27,25,38,36,28,36,64,284,1038,3521,6742,8352,8527,8150,7451,6479,5921,5072,4499,3745,3278,2713,2374,2024,1720,1530,1420,1280,1190,1078,984,932,889,915,780,822,749,761,754,696,709,701,687,682,697,646,615,634,621,596,606,549,556,578,560,499,506,488,506,471,441,382,428,407,366,363,355,347,338,321,305,339,302,334,294,295,285,303,264,278,285,241,242,276,241,235,241,247,258,221,218,207,210,230,217,188,193,182,187,188,187,180,169,161,141,153,141,154,151,142,137,145,176,130,123,124,120,124,159,128,111,114,119,101,130,121,113,103,126,117,120,103,85,104,100,100,105,94,88,86,96,91,82,83,78,85,90,71,68,70,59,72,59,71,79,65,66,61,62,72,89,58,73,74,62,74,67,68,57,60,48,61,55,46,50,52,62,35,64,49,42,56,55,46,47,55,39,46,47,33,33,48,29,31,28,35,32,25,25
60,44,48,54,61,75,69,108,353,1413,4729,8954,10541,10044,8936,7853,7062,6229,5526,4931,4262,3700,3415,2942,2648,2313,2203,1994,1741,1672,1531,1496,1374,1387,1225,1213,1199,1165,1099,1124,1068,1040,1039,1019,964,928,936,936,872,851,855,836,815,785,832,778,779,705,705,690,684,614,623,610,641,557,591,564,540,484,493,486,503,473,499,456,458,473,430,400,382,414,409,390,370,357,360,366,375,319,357,344,299,282,309,302,300,310,297,301,267,291,251,283,265,263,273,234,252,209,214,220,223,221,215,186,182,199,198,214,192,180,156,213,173,153,186,159,174,165,168,165,168,159,134,164,152,143,154,163,144,142,143,136,146,146,123,123,114,138,126,121,108,119,125,99,111,115,105,117,96,101,100,89,103,102,86,98,96,86,85,103,89,82,104,81,87,84,85,72,80,81,78,80,60,69,70,82,72,56,63,74,62,73,52,48,42,47,31,54
18,12,18,15,13,12,21,25,23,112,283,458,457,474,426,377,366,339,326,276,318,265,273,273,230,248,241,191,222,208,202,185,159,164,164,160,156,148,141,132,142,130,120,123,114,131,118,119,102,113,105,97,115,90,84,80,101,92,95,80,88,79,92,83,90,82,69,71,81,68,60,61,60,65,60,64,51,63,65,57,46,52,55,39,63,57,64,49,50,68,44,48,50,49,43,55,44,47,47,48,40,50,41,39,46,34,39,47,38,31,44,32,38,29,32,44,36,30,33,42,34,23,33,33,35,25,23,37,32,30,22,36,23,36,36,29,23,29,24,27,28,32,23,22,23,25,34,26,25,23,21,26,21,22,24,21,22,19,22,33,24,27,19,21,16,27,20,23,26,22,16,20,14,17,21,23,28,29,17,8,22,18,15,24,20,20,20,14,14,10,13,18,22,14,28,13,12,12,11,16
8,14,14,6,14,8,15,10,34,134,391,703,772,721,654,620,590,548,504,486,459,451,452,397,384,361,316,365,315,335,290,302,297,273,249,233,247,256,218,227,222,216,179,173,181,196,178,175,174,173,142,161,148,138,154,128,107,116,143,118,136,131,111,125,127,103,97,96,109,109,84,114,103,92,93,98,92,79,84,77,87,81,74,93,68,70,62,66,68,79,63,62,72,55,69,56,61,70,54,54,52,54,50,56,43,47,38,55,48,31,41,36,46,46,37,37,33,33,43,37,28,34,40,33,34,39,24,27,32,42,30,26,37,25,30,34,26,19,22,14,32,20,27,17,23,31,34,29,21,17,23,25,21,14,24,33,16,14,24,24,18,27,21,31,24,23,24,19,10,17,18,19,6,15,21,9,11,10,16,11,14,11,13,13,9,16,10,11,14,11,11,12,15,15,9,10,11,10,14,12
26,28,24,19,8,21,24,17,42,113,306,499,607,522,497,478,491,437,438,355,372,390,352,348,365,316,325,308,286,297,275,267,262,247,274,253,241,231,221,206,237,216,213,190,182,199,185,188,186,171,188,156,155,166,144,139,153,159,138,140,146,154,140,122,119,114,110,137,125,130,105,119,109,113,105,121,97,97,103,90,110,73,101,82,108,83,97,90,99,77,76,86,79,81,81,81,95,80,72,74,83,72,76,67,83,75,61,74,58,56,63,49,49,73,54,40,55,41,47,48,59,46,59,41,56,57,46,60,52,44,55,46,35,43,47,52,42,36,30,35,41,38,39,47,48,35,37,49,42,27,42,34,20,31,31,35,31,29,28,41,28,31,30,23,22,25,32,34,33,29,36,27,26,28,18,20,24,25,28,23,25,25,18,20,31,26,20,23,23,16,18,16,22,19,14,34,19,15,29,18
9,13,9,7,5,8,6,12,51,205,665,1131,1321,1162,994,865,718,713,587,543,516,452,406,398,376,280,276,296,242,248,204,192,175,169,177,165,158,147,142,140,131,112,123,116,111,122,94,128,96,93,102,92,76,78,70,91,80,66,79,75,53,80,65,70,68,72,72,52,66,53,62,46,63,68,55,40,65,56,64,45,42,59,53,48,39,48,45,40,45,43,48,46,37,34,50,36,35,40,35,30,45,39,29,32,32,38,26,25,27,38,23,32,31,28,34,29,35,24,32,31,29,30,36,24,30,19,28,23,23,24,28,25,22,25,20,19,18,18,21,25,17,23,26,25,17,20,17,16,22,20,16,17,21,14,16,17,24,15,18,22,17,19,24,16,8,11,16,15,11,15,18,11,17,15,16,12,15,13,12,13,11,17,15,17,10,11,9,18,13,12,14,11,16,17,11,9,10,11,13,17
18,16,15,12,13,14,15,16,26,116,337,573,607,582,530,493,433,392,382,358,387,324,330,327,307,273,278,270,256,237,247,253,241,201,194,211,187,176,203,177,202,185,174,134,190,171,145,147,155,141,146,142,115,140,130,133,122,117,102,120,111,113,100,100,100,99,102,91,103,98,91,103,79,70,84,81,100,87,74,81,63,81,82,65,71,72,60,62,67,77,59,52,71,57,49,75,63,43,55,61,65,56,60,39,60,63,49,36,57,54,45,47,38,55,53,39,43,42,45,42,37,33,38,37,34,41,39,45,35,38,32,37,38,35,31,40,38,38,28,27,34,36,40,39,34,26,31,25,18,27,31,31,27,31,20,27,22,26,25,14,22,28,37,21,24,23,23,19,11,25,24,21,23,23,27,23,17,25,13,18,16,21,20,11,12,14,21,19,16,25,13,12,15,14,18,18,14,17,13,16
14,20,10,14,12,12,14,10,33,131,427,629,650,677,571,523,505,459,466,453,406,419,341,339,324,292,286,316,282,266,268,249,235,250,233,226,247,203,191,227,209,198,144,175,164,149,172,134,161,137,143,145,161,140,134,128,137,126,130,119,108,109,108,96,109,108,91,98,91,83,86,100,76,70,71,88,91,88,60,83,75,78,60,77,78,71,68,60,66,55,57,58,56,62,53,53,56,64,65,80,50,60,48,39,44,48,44,51,40,49,41,49,29,43,52,35,33,49,44,45,24,37,36,37,39,38,41,46,35,23,33,38,44,29,31,31,23,33,28,26,38,27,25,23,24,42,25,18,23,21,20,25,22,16,31,12,21,33,16,22,14,23,15,27,15,29,18,27,18,15,20,19,17,19,14,29,16,19,14,13,19,24,21,13,15,18,14,17,16,17,20,10,20,19,19,10,20,18,12,11
18,22,16,33,21,18,27,23,35,78,202,310,329,346,295,271,280,248,260,258,233,237,186,213,210,186,203,181,170,215,183,166,148,137,159,156,139,123,130,145,155,118,133,140,159,101,131,122,124,122,122,136,98,98,89,96,98,112,102,109,96,95,104,91,108,97,80,80,98,77,82,90,92,63,83,89,81,93,63,78,78,82,65,92,79,65,68,73,72,61,57,59,67,63,71,64,70,52,60,61,60,52,49,54,68,63,59,52,62,48,52,49,59,64,62,42,43,40,54,53,56,60,36,44,49,40,47,48,42,48,44,47,47,34,50,45,41,39,30,40,32,35,57,48,38,35,36,48,43,57,51,33,45,31,32,27,27,35,35,31,40,34,37,20,41,44,32,36,27,19,38,30,34,23,28,37,30,28,33,28,23,27,34,23,25,25,25,26,33,33,33,12,22,28,24,33,22,16,26,21
13,13,15,20,16,14,11,19,32,87,296,554,580,530,525,425,448,362,344,375,328,360,304,302,286,312,245,226,209,217,236,202,217,189,184,186,184,176,157,149,161,147,127,140,136,123,127,144,130,124,110,107,91,105,107,102,98,92,101,107,90,76,86,118,95,68,88,100,84,72,69,72,77,70,75,66,76,71,65,75,70,72,67,55,57,65,65,52,44,52,42,56,66,51,41,43,51,48,50,40,53,52,43,48,42,48,46,37,36,35,42,41,44,30,47,39,32,40,48,32,33,37,42,26,30,34,37,35,30,32,30,32,24,24,28,29,23,18,22,29,27,28,30,24,21,27,30,21,27,27,16,25,25,34,23,20,18,19,27,22,24,18,20,19,18,21,27,17,25,28,21,18,16,18,16,21,10,18,19,17,18,13,15,16,16,13,15,11,13,15,7,16,19,12,12,8,11,13,18,19
11,19,12,16,13,22,12,13,25,110,329,490,617,567,519,428,413,373,420,335,357,308,284,278,250,240,242,224,243,226,206,218,173,175,191,138,199,152,137,136,152,131,148,146,145,116,124,112,129,121,114,130,111,101,82,101,109,95,98,81,83,91,79,79,73,81,78,75,85,55,75,81,65,64,58,62,66,63,70,72,73,60,62,76,67,54,61,72,55,64,62,49,67,36,50,40,47,47,58,37,42,40,41,41,48,52,51,51,41,43,35,38,39,46,30,36,32,40,29,31,34,26,43,31,26,28,43,31,27,26,34,37,31,18,32,31,26,27,24,20,30,24,27,22,28,27,21,21,27,18,20,20,27,28,21,19,23,21,14,18,23,15,12,16,13,19,20,21,18,12,16,19,13,23,14,23,20,15,9,10,19,17,16,15,14,19,8,17,14,20,9,6,12,14,15,15,11,13,21,14
15,13,15,9,10,13,17,13,33,108,253,453,488,434,428,378,379,334,325,303,311,270,267,254,246,271,209,229,212,186,196,206,180,174,191,151,164,148,161,154,153,136,151,144,122,133,130,129,120,144,118,114,98,115,101,101,114,115,93,84,87,117,88,76,82,85,66,73,70,78,98,78,74,65,57,74,60,74,58,71,42,52,66,54,68,71,51,50,61,52,46,46,57,50,32,44,55,42,44,42,42,52,48,47,50,37,44,49,33,41,36,42,36,39,39,28,37,32,38,37,25,38,34,31,35,26,35,39,39,27,28,38,32,24,32,27,33,25,22,21,27,38,24,20,15,23,25,21,20,21,26,24,24,30,17,26,17,14,25,25,22,23,13,24,24,16,13,19,16,27,26,16,17,19,14,14,21,14,22,22,22,17,12,16,10,13,12,13,27,19,18,16,9,19,12,17,7,21,17,8
19,13,18,12,15,17,16,14,19,90,318,510,610,550,519,477,420,364,343,340,326,315,331,282,260,296,246,237,239,196,210,210,194,164,202,169,190,144,192,166,148,158,153,148,144,126,140,118,109,107,115,117,112,115,116,127,87,100,101,111,82,91,78,86,74,92,76,80,72,91,73,75,81,61,81,68,65,80,64,76,64,67,71,50,53,52,66,61,66,52,48,42,49,43,66,44,47,59,55,40,58,50,53,54,35,50,34,29,46,44,48,31,36,34,33,39,32,26,35,27,34,38,28,34,33,39,38,31,36,29,26,40,38,31,29,26,31,25,31,35,27,29,28,26,21,31,24,19,17,21,30,18,24,25,25,22,30,24,26,17,24,23,29,16,23,25,19,18,14,16,29,16,13,15,18,16,14,26,19,16,24,21,16,17,10,19,11,17,10,14,15,18,14,13,14,11,9,14,15,10
8,7,13,5,14,8,14,77,520,2062,6164,8252,5602,3271,2154,1513,1153,965,804,701,622,525,444,406,347,313,260,217,238,216,207,185,190,182,140,144,150,167,137,119,148,107,123,126,106,126,124,119,91,89,96,102,82,88,82,71,77,80,71,71,85,65,78,64,69,64,77,57,62,66,44,69,56,61,60,52,50,41,49,48,41,44,40,40,42,39,53,39,41,46,37,32,34,37,42,36,36,40,33,35,31,36,30,34,34,41,33,37,19,40,40,20,26,35,28,30,28,31,17,22,21,21,28,21,23,26,34,24,36,32,29,23,24,22,24,20,22,21,19,22,26,17,27,18,30,27,17,23,15,18,18,24,22,19,20,19,25,14,17,26,15,18,21,11,16,7,17,20,20,8,15,20,16,11,16,16,18,14,17,7,21,8,16,14,12,16,13,22,17,14,23,16,14,15,11,10,16,4,12,10
16,19,12,12,16,7,12,12,33,117,355,622,624,585,485,479,455,395,380,345,326,332,304,286,291,262,231,242,252,221,253,234,219,196,200,155,164,194,165,150,150,164,183,149,146,130,126,117,139,126,118,109,118,111,106,103,127,109,93,87,108,94,120,83,94,91,89,90,79,81,74,84,82,72,75,71,78,68,80,63,58,56,65,70,73,66,60,35,54,55,33,59,54,65,48,60,49,46,48,43,46,53,50,40,50,43,43,47,35,38,30,48,43,42,27,28,40,38,42,32,37,28,37,28,23,32,38,25,32,32,29,32,31,33,31,28,22,24,26,28,28,34,30,32,33,25,20,24,22,19,23,20,22,21,17,26,18,25,19,26,17,22,21,16,26,14,20,23,20,19,19,21,19,19,9,23,14,13,12,11,15,11,22,22,15,12,11,21,14,21,20,17,15,18,19,13,10,8,17,9
6,12,7,8,15,10,9,34,226,962,3205,4698,3180,1836,1134,688,556,454,329,340,335,286,211,187,188,158,147,157,129,130,107,118,134,113,102,93,96,107,88,83,87,86,73,82,82,78,75,77,65,71,66,64,75,58,70,81,74,60,48,65,55,61,60,54,53,51,55,40,45,46,36,44,32,36,36,34,37,34,39,41,45,40,46,49,33,30,41,44,32,23,31,28,22,32,26,33,35,29,35,31,27,26,24,26,25,21,27,24,8,27,31,28,23,22,22,21,13,19,19,22,26,26,20,26,20,23,19,21,18,20,18,25,14,22,20,15,17,22,16,16,12,22,13,10,18,12,19,10,16,21,17,10,15,12,13,7,16,13,10,14,20,10,17,18,18,6,12,15,16,13,10,22,8,8,14,6,11,13,8,11,7,6,8,6,10,17,6,6,14,13,8,5,10,11,6,12,9,5,4,4
23,29,21,20,22,18,29,13,38,111,290,533,557,525,485,460,459,446,391,380,361,359,365,332,306,311,300,289,290,307,283,265,235,260,260,248,221,248,238,222,193,195,175,211,187,186,203,176,199,189,170,148,141,167,148,166,153,137,148,128,136,122,141,139,148,127,135,121,149,111,115,121,124,110,121,117,100,107,101,105,100,119,121,102,97,98,106,96,100,87,100,87,90,84,88,85,81,74,74,95,79,81,68,83,75,63,91,76,60,75,89,62,67,58,57,83,62,62,62,57,72,56,52,61,51,64,61,50,45,44,54,49,62,53,44,51,38,46,54,53,60,46,46,49,38,38,49,39,49,46,55,33,30,48,37,38,26,33,38,37,31,38,35,28,41,33,39,22,35,28,32,30,40,34,30,23,36,37,29,28,30,33,24,31,27,20,21,23,27,27,27,21,22,17,22,29,19,24,29,20
11,15,15,10,11,11,17,9,33,120,438,824,937,823,740,664,623,553,517,495,504,441,400,351,369,332,273,305,290,270,294,268,251,248,239,197,209,210,193,181,178,159,165,177,155,176,150,150,120,137,154,124,131,113,97,110,106,120,127,95,99,107,122,87,112,97,107,97,95,85,83,103,80,97,70,76,82,80,76,85,93,73,51,71,62,66,45,62,54,57,72,53,63,60,61,47,50,51,34,41,55,48,49,39,38,39,43,40,46,38,44,51,41,40,45,31,41,23,30,29,46,38,35,38,31,38,31,34,31,34,32,34,28,24,33,26,26,28,26,30,31,31,32,23,17,15,28,22,17,20,28,23,16,22,22,17,20,28,16,14,22,19,23,22,25,13,18,13,21,17,10,13,17,20,25,12,20,16,18,16,16,17,17,13,12,14,16,15,15,19,8,20,11,14,21,18,17,9,13,7
8,13,12,12,10,15,11,23,88,406,1187,1892,1672,1405,1154,978,878,797,707,670,646,607,541,509,472,480,387,395,379,378,330,308,283,289,266,309,249,244,274,222,227,183,228,188,198,204,180,172,174,154,141,153,142,137,150,133,138,153,126,133,132,94,115,99,110,103,106,92,85,90,99,89,76,70,71,77,94,69,84,71,72,73,78,74,85,65,59,70,49,45,56,62,50,50,47,48,59,50,46,44,44,37,47,48,34,47,50,42,42,38,40,42,46,41,33,36,43,28,35,29,27,32,31,32,27,22,28,29,35,25,26,26,27,23,22,35,31,24,24,22,30,19,28,19,25,22,31,20,14,10,18,21,24,17,19,12,14,11,15,15,15,17,18,17,17,21,10,16,10,15,16,19,18,7,18,14,18,16,17,15,13,15,13,15,12,14,13,14,12,15,14,19,12,14,15,14,3,7,12,9
53,42,54,30,34,59,44,71,222,753,2388,4604,5442,5155,4820,4466,4240,3731,3586,3385,3037,2843,2522,2289,2157,2051,1964,1792,1702,1551,1495,1456,1332,1304,1192,1237,1191,1164,1080,1079,1079,998,916,957,874,918,867,880,873,757,780,759,778,688,703,739,665,680,634,639,634,603,575,553,553,557,513,493,489,511,452,490,418,432,456,403,437,403,389,386,407,372,367,372,344,342,370,349,316,335,293,322,262,305,282,297,314,275,258,278,243,276,232,256,241,252,225,235,199,216,228,213,204,189,184,165,189,197,159,161,183,176,177,178,170,157,155,136,140,159,159,138,142,147,124,139,153,154,143,126,145,136,125,118,104,121,140,105,118,109,114,107,90,120,77,102,100,114,104,103,79,99,91,94,95,82,97,96,81,81,74,65,71,78,75,66,70,87,70,61,66,72,59,71,75,58,55,52,67,71,64,50,59,48,43,49,63,51,43,49
59,61,55,66,69,68,73,92,207,906,2991,5772,6981,6851,6600,6118,5692,5135,4894,4604,4161,3913,3620,3320,3056,2822,2706,2523,2258,2269,1974,1947,1898,1797,1779,1648,1646,1586,1532,1381,1345,1359,1318,1288,1250,1199,1210,1229,1185,1144,1099,1149,1075,993,1025,989,968,979,911,842,936,868,816,787,736,733,742,704,707,685,667,674,659,657,614,604,570,567,539,581,528,550,499,518,534,493,454,449,474,454,445,439,428,408,423,393,430,415,357,355,356,339,358,332,307,367,324,302,305,334,294,269,265,240,276,271,274,249,219,240,219,228,231,235,233,235,218,236,244,215,213,195,186,194,180,185,193,209,177,175,159,168,169,172,159,173,149,175,149,124,137,148,140,139,136,138,140,115,135,129,111,144,131,107,128,108,139,118,132,87,96,120,111,103,98,104,90,102,92,99,81,93,92,82,79,81,80,93,85,73,69,63,81,60,60,51,53,70,63,48
47,44,48,45,48,46,48,63,206,695,2311,4353,5255,5210,4850,4693,4240,3987,3587,3271,3126,2998,2661,2430,2277,2065,1989,1756,1669,1641,1425,1426,1357,1338,1279,1245,1204,1110,1085,1056,1099,988,974,976,912,909,925,871,857,790,851,732,751,762,790,670,706,718,687,624,636,632,568,608,529,546,555,567,539,478,504,469,432,472,445,467,405,475,441,420,357,394,369,354,361,375,325,352,348,348,319,299,294,290,277,301,281,288,260,248,259,252,247,231,276,231,265,236,229,224,220,199,201,240,223,177,213,152,193,183,185,199,195,165,190,173,178,174,151,138,140,158,154,172,138,124,147,155,138,127,135,102,97,108,117,103,103,123,105,102,128,110,84,89,109,86,110,103,87,113,108,86,92,106,95,94,78,76,97,73,81,73,78,85,73,82,54,58,71,75,76,57,64,59,55,55,70,61,59,74,60,64,57,56,56,47,59,58,49,37
44,36,40,28,33,44,43,69,167,631,2081,4082,5147,4907,4643,4301,3933,3726,3414,3055,2763,2577,2420,2156,2025,1828,1671,1562,1465,1400,1273,1248,1168,1065,1135,1023,982,902,956,853,844,795,822,792,778,736,751,695,737,707,731,706,692,640,645,617,563,583,573,540,545,544,502,469,476,470,494,454,456,402,398,360,373,403,364,376,362,385,343,323,328,309,308,309,337,288,264,254,282,287,262,224,238,249,248,258,220,210,240,238,195,214,206,196,219,196,221,182,176,164,166,168,157,178,173,148,153,148,165,155,169,141,130,156,162,133,135,136,127,122,138,137,119,122,117,100,104,109,113,127,110,126,103,108,91,88,100,88,96,81,101,83,90,85,83,90,85,80,91,88,69,74,63,72,68,68,82,95,66,59,60,70,63,58,81,73,65,57,59,61,52,62,66,55,54,54,45,53,56,49,52,45,48,53,45,43,32,33,40,37
27,16,17,26,28,22,20,25,76,221,674,1245,1339,1234,1227,1062,1016,948,885,848,841,713,732,694,658,612,563,528,521,461,483,455,407,412,372,362,359,353,337,356,307,296,280,275,288,279,249,243,245,239,208,238,222,216,214,191,202,210,193,193,182,186,200,171,184,161,154,180,147,172,148,152,148,135,136,145,156,114,115,123,94,112,111,138,117,120,86,104,100,99,109,99,95,102,92,87,89,82,104,79,73,71,91,84,73,94,78,66,72,79,81,64,67,64,63,75,64,45,60,58,55,62,55,67,61,60,50,60,63,53,71,46,59,46,52,40,52,41,48,45,31,46,43,51,29,46,35,51,44,42,35,37,39,36,45,31,39,45,40,40,34,41,50,53,31,41,41,33,41,28,36,32,30,27,29,25,28,33,29,24,27,26,33,35,29,22,26,32,29,34,21,17,27,24,24,24,18,17,17,17
31,33,35,27,32,32,24,38,114,396,1285,2308,2521,2315,2024,1882,1638,1443,1374,1275,1154,1180,1021,965,885,854,772,720,714,687,592,670,585,573,542,506,508,465,468,476,459,447,402,398,416,372,381,349,356,329,341,368,309,310,297,297,308,305,261,273,260,257,275,246,234,232,232,236,244,228,239,211,183,183,195,211,213,191,166,184,172,163,157,186,164,158,166,141,153,115,146,151,117,138,123,138,135,119,121,135,118,118,109,98,129,116,117,117,97,108,106,90,118,108,95,88,115,101,85,94,85,70,76,69,78,95,71,77,85,67,78,58,65,73,78,76,70,60,59,63,51,68,49,66,45,65,58,58,73,46,50,54,66,56,60,51,49,64,43,46,45,42,49,46,46,47,41,52,37,56,42,47,37,43,34,46,49,36,37,39,31,28,47,27,35,25,38,38,31,25,34,39,34,34,27,34,34,23,24,24
25,28,14,15,19,25,24,25,102,452,1498,2701,2944,2760,2510,2143,1940,1686,1532,1391,1255,1120,1053,975,898,771,737,658,646,591,603,569,490,501,492,445,420,442,428,418,424,395,369,354,347,317,316,323,290,319,316,301,264,279,234,254,240,234,217,225,242,217,210,237,206,181,193,181,197,180,184,169,160,163,156,156,154,133,151,133,147,128,138,123,113,127,104,121,110,106,112,108,94,122,98,95,90,81,89,90,89,88,102,78,98,80,67,63,71,76,74,73,68,64,76,69,76,63,78,64,67,43,54,62,46,63,67,57,44,49,45,57,49,57,46,44,60,41,51,41,44,42,36,43,48,30,38,38,38,44,31,42,39,39,36,46,34,48,35,34,37,43,39,32,34,34,34,26,29,39,23,27,25,28,25,34,38,25,26,21,20,33,17,27,27,28,34,28,18,26,23,20,20,27,23,13,14,27,17,25
25,21,21,22,16,24,12,22,80,273,915,1565,1733,1732,1663,1385,1366,1225,1171,1060,989,893,905,761,740,719,666,621,595,580,539,517,482,463,467,479,431,440,419,396,401,331,408,332,332,332,314,327,277,305,289,278,286,284,261,260,274,243,255,213,213,227,212,221,201,185,174,196,196,180,156,165,153,139,153,172,139,153,149,168,154,154,121,123,124,129,149,109,125,117,120,114,131,114,110,93,130,116,106,98,108,106,131,78,64,96,84,84,86,69,73,70,78,78,62,82,76,86,55,69,64,73,59,67,71,64,56,71,70,64,64,48,62,54,76,52,55,58,56,44,45,59,42,39,40,48,49,30,51,41,40,50,42,46,29,41,40,45,40,38,43,33,43,44,29,39,31,35,36,42,18,36,32,38,32,37,26,27,25,31,34,21,15,25,22,29,28,25,20,26,25,24,26,22,21,22,21,30,20,28
13,10,15,13,7,9,8,10,40,115,329,623,610,542,507,471,464,355,345,343,339,326,273,282,299,249,227,210,202,193,184,195,189,183,138,155,156,143,179,161,136,141,126,134,128,129,129,129,110,119,122,105,118,99,89,95,87,82,90,90,87,88,79,82,84,83,67,64,55,65,70,69,63,68,51,69,64,61,58,54,41,66,57,55,48,57,48,53,43,55,53,51,46,51,40,44,48,37,37,40,45,36,48,50,40,49,37,35,34,38,31,42,35,27,25,25,28,28,32,32,24,30,35,28,21,22,30,25,29,27,29,19,20,28,22,19,28,31,23,20,17,15,23,27,16,17,18,23,17,32,22,18,18,19,12,16,14,15,18,10,23,11,24,17,18,15,19,20,18,23,13,11,16,13,18,19,15,12,7,20,12,6,17,13,13,14,12,12,15,10,13,15,8,17,14,9,10,13,10,12
30,26,24,27,17,34,18,22,74,289,932,1723,1924,1866,1644,1500,1412,1326,1188,1130,1014,970,922,822,809,826,751,698,648,629,617,555,543,507,521,488,439,468,417,426,409,399,357,349,354,380,389,313,367,366,328,326,264,282,287,297,284,269,251,244,236,259,235,219,220,205,207,220,188,208,187,201,182,175,176,171,177,171,143,140,147,161,131,152,143,151,140,147,130,141,111,135,128,122,142,111,126,113,99,98,100,95,99,98,97,85,88,88,93,93,80,69,94,80,79,74,76,79,82,76,80,67,75,72,75,67,68,76,70,62,72,65,59,44,63,52,52,49,61,56,49,65,44,50,49,55,49,56,50,55,49,42,41,44,32,35,43,46,38,31,34,47,46,40,31,36,30,40,51,36,33,27,40,46,40,37,33,43,28,45,33,24,23,21,27,25,34,24,37,29,20,35,32,33,22,21,35,19,27,20
28,27,34,25,25,31,30,34,102,397,1301,2278,2420,2164,1948,1765,1660,1464,1347,1298,1120,1119,1034,980,922,859,791,782,714,736,646,654,616,561,565,545,526,526,514,499,437,428,433,406,410,399,383,353,380,354,326,351,355,310,296,297,259,275,248,256,288,256,238,262,245,235,218,234,224,243,220,200,167,205,174,182,198,169,177,160,160,173,164,153,133,138,147,143,143,144,129,135,139,111,116,124,120,117,117,107,128,128,119,104,111,109,110,103,115,105,94,103,85,80,94,99,99,77,75,86,81,84,72,76,73,61,63,77,69,69,62,63,75,76,57,73,77,83,59,57,62,54,54,56,59,65,44,49,50,51,57,42,50,50,57,49,54,43,65,45,50,43,46,58,52,40,39,47,42,40,39,44,41,40,54,37,33,46,31,21,29,39,41,32,36,26,40,23,40,32,32,24,31,31,33,41,36,31,39,27
13,12,13,11,14,10,16,9,36,137,422,742,809,745,652,623,524,496,446,422,425,367,368,333,310,260,304,291,249,216,232,237,197,185,202,201,170,188,178,167,173,172,145,125,143,134,152,114,128,121,123,121,112,123,121,110,97,112,105,98,114,80,103,86,92,97,77,82,72,78,71,70,70,59,73,63,84,64,60,71,61,61,56,67,45,58,46,59,63,51,54,55,53,43,44,51,59,43,54,46,47,41,40,48,43,38,39,42,40,30,46,38,37,44,25,41,33,35,39,29,33,32,27,34,34,25,30,41,18,35,34,27,43,27,30,17,22,21,24,20,18,17,27,20,22,15,23,16,24,19,25,19,15,16,18,17,30,12,26,15,27,14,21,13,20,12,18,20,17,27,20,17,15,11,11,14,17,14,14,9,12,9,11,15,14,12,13,8,12,14,17,14,11,11,6,10,11,11,11,17
21,22,24,16,24,21,28,30,127,438,1491,2639,2900,2632,2325,1981,1854,1558,1483,1249,1243,1137,1054,950,823,803,779,708,655,627,620,586,518,495,485,488,448,432,412,394,385,390,353,358,328,298,325,329,286,317,284,296,293,277,278,242,237,250,240,229,227,218,210,182,219,199,205,193,211,190,184,163,170,130,148,168,186,122,137,155,146,132,126,158,122,117,124,116,133,127,120,102,115,110,131,104,116,103,82,104,109,74,81,89,89,105,75,77,85,83,63,65,81,78,87,76,92,71,75,82,84,79,74,49,69,56,63,58,59,55,64,66,48,56,61,52,65,54,54,51,54,38,45,47,54,51,44,49,41,63,45,32,43,48,51,46,50,40,43,39,37,41,31,46,44,29,43,33,48,46,43,36,27,41,39,24,33,28,29,33,34,29,29,13,22,22,29,28,35,22,27,27,36,19,23,21,18,24,17,24
27,22,18,24,18,22,13,32,73,267,714,1312,1390,1384,1205,1116,1065,915,914,829,748,703,708,593,601,586,524,546,492,479,439,417,390,392,363,360,401,336,360,327,316,305,271,298,280,294,261,276,242,238,253,238,206,220,227,191,197,188,203,206,176,183,186,177,189,153,153,148,165,168,161,143,164,143,138,140,134,123,124,129,116,129,110,105,105,111,118,126,109,105,109,99,104,88,105,75,83,80,99,84,86,86,93,74,82,87,73,65,77,70,62,70,64,66,57,73,51,77,59,56,68,86,65,58,74,56,77,52,60,61,50,51,57,51,56,40,37,53,46,45,40,57,38,48,41,46,22,28,35,26,41,38,36,32,28,31,40,39,48,47,36,32,26,29,33,43,36,38,24,32,28,26,40,20,19,29,35,26,22,22,20,27,33,26,25,25,28,27,26,27,29,27,27,32,17,22,22,24,27,17
72,81,70,94,81,70,76,115,323,1126,3587,6453,7697,7573,7074,6622,6255,5658,5232,4714,4400,3984,3599,3436,3095,2781,2658,2529,2314,2148,2130,1991,1920,1812,1723,1751,1615,1545,1545,1487,1488,1442,1361,1303,1310,1322,1251,1230,1170,1193,1163,1112,1068,1061,975,1082,978,952,933,906,919,841,884,845,778,799,755,749,751,724,676,692,664,683,621,632,599,622,606,583,572,560,567,512,501,493,473,510,462,459,488,431,457,446,429,438,425,358,402,371,374,366,395,381,349,328,347,325,323,342,335,265,292,260,298,283,282,290,276,268,249,262,250,235,260,233,232,256,222,222,216,232,216,229,216,208,202,197,200,169,197,172,192,149,175,177,168,173,161,169,138,170,145,150,136,151,147,170,134,164,162,159,162,129,139,125,124,120,143,124,136,98,110,116,142,128,110,108,117,108,111,107,103,101,111,98,100,93,89,92,84,100,93,74,86,75,82,89,67,54
28,24,31,27,21,27,34,47,82,336,968,1781,1997,1963,1823,1601,1471,1400,1306,1166,1124,1068,1037,936,908,807,707,748,674,637,652,584,574,581,535,503,465,529,469,450,493,455,431,398,389,390,373,312,345,330,320,335,296,315,286,286,315,277,244,312,270,241,242,259,231,248,257,221,213,202,220,203,207,179,192,156,167,163,179,169,186,165,162,170,157,144,152,170,126,140,126,160,124,131,160,127,134,118,131,131,127,125,112,119,120,121,89,100,104,97,121,106,83,105,88,89,81,89,84,107,79,87,82,91,59,78,74,83,76,69,80,64,71,74,66,57,61,59,60,49,72,58,60,70,67,61,68,64,48,69,61,58,61,52,49,39,46,52,34,56,46,63,40,42,55,50,43,50,43,25,45,36,33,39,32,42,45,27,36,38,32,40,39,26,46,31,36,35,26,32,40,27,30,17,31,30,30,33,37,26
17,21,20,21,12,15,14,29,43,181,511,874,922,860,781,724,633,685,555,492,526,474,421,440,438,345,384,338,344,311,306,309,300,248,278,245,227,238,234,204,192,217,205,188,192,178,179,182,166,190,145,161,155,157,166,144,145,145,146,119,129,105,136,124,121,118,122,114,98,94,104,93,104,76,89,102,80,92,89,92,82,85,78,90,57,84,66,67,55,68,65,74,74,70,59,51,66,64,50,56,51,58,52,61,43,48,66,59,52,60,50,58,47,53,54,52,55,49,40,42,43,37,44,52,45,33,30,32,37,32,38,41,42,36,45,30,34,37,37,31,33,34,32,28,31,20,28,33,27,36,25,29,35,20,25,26,18,33,22,22,24,21,12,23,27,26,26,20,17,29,12,22,21,20,20,15,20,20,28,12,24,21,16,14,27,22,26,21,13,17,15,17,16,17,16,12,20,19,21,15
16,19,11,8,14,8,20,23,44,160,512,912,989,926,825,765,721,649,587,538,547,529,461,422,427,375,360,336,315,316,274,311,289,271,278,248,237,223,224,213,197,180,195,195,159,161,177,152,191,167,175,147,150,123,147,146,138,147,131,140,121,112,120,120,110,108,98,97,108,88,96,87,111,90,98,93,90,75,73,94,60,78,92,73,72,78,84,58,73,61,66,58,52,66,77,58,50,60,70,53,65,38,49,49,54,54,41,40,41,43,42,41,35,30,47,39,46,45,37,39,36,37,32,43,36,29,35,40,29,26,38,40,29,38,21,36,29,39,24,35,17,39,32,32,24,31,24,22,27,29,28,30,21,27,25,22,23,26,24,21,18,24,24,26,28,23,15,21,23,16,20,18,22,21,18,25,25,18,13,23,18,26,24,22,13,8,20,12,18,13,15,17,14,12,16,13,17,14,22,8
38,32,26,35,25,28,24,43,113,448,1280,2454,2669,2478,2281,2176,1903,1798,1638,1531,1422,1335,1277,1208,1069,956,973,911,888,838,745,679,719,650,684,581,653,629,592,541,526,540,532,499,432,453,436,413,452,383,389,408,353,374,384,316,362,317,327,329,320,313,291,327,274,315,254,285,238,264,239,238,226,208,228,220,233,221,215,207,189,207,190,178,194,178,175,185,153,171,181,166,150,150,154,161,155,142,137,143,144,136,131,133,121,119,118,136,111,122,108,102,106,95,94,112,99,94,97,100,105,96,88,89,88,89,91,84,76,94,64,77,104,86,90,65,51,67,57,78,61,62,75,79,56,52,55,68,53,63,51,52,61,58,57,53,56,56,50,50,62,44,45,58,39,50,41,54,54,33,46,42,36,39,52,38,39,46,43,37,32,36,43,37,40,26,35,34,31,37,42,33,33,26,29,26,26,22,35,43
22,14,15,16,13,19,19,17,38,140,431,866,871,860,837,705,617,573,584,572,509,469,453,413,425,380,360,320,321,328,297,255,284,285,256,258,258,231,204,205,195,175,185,205,178,180,197,172,158,176,160,158,147,161,148,129,123,144,128,120,112,131,117,129,118,113,123,96,93,105,93,97,101,83,89,92,84,87,93,79,79,75,89,89,78,95,69,79,65,64,66,65,54,63,54,54,52,65,78,50,60,64,66,50,43,56,52,40,65,47,51,55,54,48,54,49,52,51,56,53,37,41,39,36,49,36,39,31,42,42,33,29,30,38,34,47,45,36,36,34,30,31,31,33,29,28,28,26,28,26,35,30,20,34,27,28,31,32,27,24,22,20,28,27,33,21,35,18,18,21,22,24,19,10,12,18,23,21,22,21,10,24,19,26,21,21,16,15,22,19,18,25,10,14,8,11,20,14,24,20
32,24,19,28,30,37,24,47,131,466,1556,2865,3212,2877,2630,2314,2130,1966,1711,1628,1422,1474,1320,1171,1113,985,955,935,839,823,716,792,701,625,599,622,612,533,523,542,488,481,474,472,465,439,443,451,379,380,363,377,372,386,350,380,359,348,338,316,303,321,297,297,277,278,275,273,240,241,228,213,239,220,184,238,211,204,226,201,202,201,194,194,176,177,186,173,158,156,170,162,160,146,143,165,150,131,142,144,132,115,133,117,124,122,126,107,101,107,111,112,108,115,103,90,103,96,109,93,79,85,84,97,87,75,80,81,79,86,99,79,80,71,87,74,90,73,76,70,94,58,67,63,71,67,68,73,75,72,59,66,65,61,59,54,57,49,55,53,46,51,58,54,46,37,52,51,63,46,61,65,49,52,43,35,31,29,37,47,44,37,45,41,47,43,35,38,47,37,43,32,27,44,34,42,34,30,36,31
39,39,38,26,39,31,34,44,123,445,1497,2978,3551,3475,3313,3021,2764,2466,2305,2074,1926,1777,1625,1505,1349,1287,1170,1094,977,936,904,810,776,782,752,673,717,717,605,670,627,588,571,613,601,542,576,522,517,531,472,472,452,434,427,442,411,436,393,389,343,378,347,339,369,399,342,304,324,321,300,311,305,277,279,269,260,275,267,255,239,223,217,209,204,239,247,204,200,202,213,214,192,196,177,180,172,169,173,171,145,167,175,151,155,163,165,144,143,152,146,133,128,146,106,120,116,127,154,133,118,140,116,101,104,101,130,111,102,93,119,113,87,85,88,92,84,102,85,71,82,89,68,92,78,73,60,78,74,61,81,66,86,88,61,64,63,80,66,68,59,46,66,52,55,52,65,55,58,48,53,62,51,46,45,49,38,50,54,52,62,42,40,43,62,46,37,46,52,40,41,39,35,42,43,36,30,29,34,23
18,25,25,19,23,25,19,29,71,243,790,1372,1474,1460,1318,1201,1067,1090,939,928,876,847,759,687,674,648,587,567,540,486,507,494,437,483,441,423,383,364,368,357,368,324,327,330,326,303,296,309,302,248,270,252,241,217,220,232,227,235,227,199,192,202,178,185,212,177,174,153,162,168,142,135,149,145,145,161,124,140,137,148,147,126,123,121,131,122,122,114,106,87,107,121,115,103,106,118,111,100,101,91,88,82,78,83,80,80,89,77,90,76,88,74,85,76,76,65,81,66,68,75,70,60,84,52,65,59,45,68,73,49,54,53,56,62,54,62,48,52,50,61,54,49,38,51,47,45,46,51,45,43,44,39,43,37,38,44,50,41,31,49,47,39,34,50,28,26,29,42,39,31,39,25,43,27,25,34,19,30,28,35,21,33,30,34,18,27,30,28,25,19,19,31,36,31,35,24,29,28,26,20
16,10,17,14,18,17,13,13,39,124,348,689,741,667,581,552,521,457,442,406,367,390,351,324,312,322,281,286,276,250,238,234,234,237,204,203,209,174,173,168,181,181,142,166,140,153,153,121,132,136,120,140,133,131,115,115,102,102,112,109,118,104,90,82,94,92,111,100,92,81,80,83,73,98,84,72,70,79,89,67,65,76,76,62,62,65,60,63,70,70,53,82,65,40,59,60,53,57,57,44,45,38,50,43,60,38,56,43,43,44,41,37,25,32,36,38,38,41,38,39,37,33,31,32,25,41,24,48,36,40,27,38,30,22,40,28,29,28,42,22,35,28,28,28,23,20,24,23,23,29,27,27,22,22,27,24,21,20,23,23,22,23,30,21,25,15,19,27,21,13,19,16,32,21,24,16,18,15,23,19,14,27,17,15,14,11,13,21,11,15,18,17,18,13,15,21,16,14,15,9
13,17,21,24,23,24,21,21,64,223,802,1509,1666,1550,1414,1240,1083,1040,910,819,785,752,711,643,622,574,560,490,505,459,436,418,406,403,362,341,318,289,322,334,264,317,287,271,267,278,236,266,258,232,240,219,225,211,234,217,177,158,192,175,188,154,197,179,165,167,165,136,149,164,162,147,149,124,148,146,115,125,116,123,101,113,104,129,116,96,125,118,101,95,87,119,92,94,78,78,96,80,82,78,71,72,87,77,70,83,73,65,67,68,60,61,52,66,58,62,61,59,57,54,57,60,64,68,55,47,47,49,50,49,61,51,33,39,47,57,40,32,40,39,47,40,53,48,41,46,45,42,42,37,34,32,31,40,35,35,25,30,36,27,35,31,29,29,36,28,31,28,29,24,30,17,21,25,30,32,40,29,29,23,26,16,24,24,31,22,26,26,22,19,25,15,27,20,28,24,16,18,23,18
32,36,33,23,22,32,38,38,91,300,866,1596,1864,1785,1608,1500,1400,1298,1199,1101,1020,984,917,853,785,731,733,689,694,624,595,600,588,557,535,497,470,475,399,432,424,452,386,392,425,369,384,363,335,317,337,315,341,289,276,279,304,276,275,271,258,255,249,256,231,221,240,201,220,211,201,183,185,205,202,194,193,169,183,185,178,187,165,142,152,157,169,145,140,129,134,119,133,130,113,126,120,123,147,106,120,119,107,104,118,112,109,92,90,123,105,114,100,103,93,89,90,83,75,99,86,86,78,91,94,92,91,79,71,83,75,76,86,73,64,56,81,55,60,74,58,75,76,76,80,62,66,61,55,59,50,55,61,76,45,70,61,53,57,36,52,49,40,47,48,48,43,36,44,46,42,49,44,34,41,41,51,28,63,44,49,46,35,33,46,35,40,29,42,38,48,29,28,36,36,35,26,29,47,28
15,12,11,15,10,11,15,16,37,95,353,639,653,611,575,471,455,447,393,357,378,360,347,339,299,286,259,278,254,250,226,214,214,212,220,186,203,147,153,188,219,160,149,141,142,145,129,133,125,123,147,115,120,103,130,122,94,125,111,103,79,104,82,90,94,73,82,78,73,80,107,77,85,96,61,65,88,68,72,77,73,66,77,63,60,52,65,43,54,59,45,61,57,60,44,42,51,51,40,53,49,42,48,50,50,40,39,44,41,36,38,46,36,42,27,30,32,44,34,36,49,30,28,43,18,38,24,31,30,37,25,33,32,23,30,28,41,24,33,29,33,32,20,19,25,28,19,28,31,10,25,34,21,19,26,37,14,13,20,16,21,28,22,15,11,18,24,23,15,23,18,14,15,12,15,15,20,18,21,12,13,16,15,19,19,15,14,19,23,14,14,16,17,18,11,10,13,11,12,13
7,6,13,11,13,6,13,8,42,135,472,861,967,929,787,769,681,677,571,571,535,499,408,455,435,375,338,319,321,313,309,255,235,261,237,250,222,234,210,222,196,188,200,211,169,203,157,166,163,161,157,155,132,128,141,131,128,126,138,114,124,119,119,117,113,98,111,103,104,85,109,107,93,96,104,74,87,77,69,71,79,83,60,65,81,69,68,68,60,67,76,60,70,63,73,64,49,63,56,41,50,49,53,47,38,52,50,41,49,36,50,36,46,37,46,34,47,38,35,43,49,26,27,31,34,24,41,29,37,33,33,31,37,19,32,33,32,24,21,24,23,21,28,21,24,25,24,26,21,24,29,24,19,23,19,20,14,20,22,20,27,16,19,20,11,18,18,18,19,23,19,19,15,9,16,19,19,14,21,18,9,18,14,11,17,6,13,17,13,10,20,17,10,13,12,14,9,12,11,18
28,33,29,19,30,34,21,37,89,277,999,1746,1939,1805,1659,1539,1462,1353,1153,1114,1082,989,893,830,758,751,703,714,622,615,571,595,510,528,521,485,470,459,438,441,374,413,384,399,389,390,358,347,347,313,321,302,300,269,304,316,295,288,304,271,248,262,230,234,251,226,234,218,218,203,225,196,203,181,173,179,187,136,163,185,178,168,157,148,159,146,138,152,151,149,129,140,149,112,143,130,126,117,119,110,120,126,108,114,112,108,108,97,103,107,115,107,91,93,97,77,86,78,94,84,84,75,73,72,61,83,88,68,66,70,69,83,78,80,63,66,74,71,64,61,63,61,58,59,51,59,50,57,57,54,59,57,62,52,44,52,37,36,48,33,59,46,50,37,50,38,44,50,37,34,38,24,46,36,41,40,37,37,31,34,44,39,25,33,39,42,35,31,32,25,27,26,29,34,31,21,27,38,22,23
44,65,50,50,66,58,59,101,262,896,2937,5268,6044,5800,5427,4774,4347,4008,3766,3403,3250,2965,2659,2419,2322,2141,1955,1859,1709,1631,1544,1514,1471,1411,1308,1251,1240,1182,1137,1090,1037,1000,1024,964,936,921,957,898,915,832,786,777,807,762,726,721,747,643,657,658,677,667,604,613,636,542,525,555,543,518,537,490,471,502,490,457,449,438,434,449,424,407,414,381,382,370,366,378,343,327,368,318,314,321,327,300,289,269,301,269,283,258,276,262,281,255,269,245,244,220,203,230,220,220,230,219,199,212,227,176,183,211,212,216,176,168,207,180,180,179,179,155,162,152,157,172,163,141,147,125,141,161,146,145,136,139,123,110,132,120,136,109,125,111,122,106,104,103,110,110,106,93,110,109,95,98,90,88,111,88,90,106,79,85,86,85,94,94,95,81,80,62,80,85,72,77,77,101,77,70,75,77,67,71,57,54,60,47,61,44
18,21,14,10,17,11,14,19,44,132,562,1005,1135,991,944,888,796,705,695,643,606,534,554,527,493,404,408,409,368,407,353,303,342,315,309,316,236,282,276,246,240,248,221,231,208,217,201,196,226,162,193,184,184,190,179,172,172,173,148,165,154,144,142,146,146,153,151,141,122,128,116,107,113,112,115,102,111,107,108,89,95,91,99,92,70,78,81,88,75,88,84,58,66,80,61,68,79,78,54,52,78,45,46,78,58,61,80,59,54,49,58,62,54,55,48,46,38,57,51,43,48,48,45,47,35,44,49,36,48,42,47,45,39,41,39,32,34,29,34,24,37,28,47,47,29,25,34,22,36,30,36,24,21,23,33,26,24,28,26,26,25,25,15,27,29,17,24,19,27,23,23,34,25,17,27,20,28,27,20,18,25,16,23,22,17,20,17,26,22,22,16,11,22,18,18,18,27,20,25,13
38,47,54,57,53,52,60,59,179,626,2030,4019,5105,5124,4999,4756,4406,4268,3942,3576,3298,3165,2749,2559,2313,2174,2077,1849,1719,1697,1567,1572,1456,1323,1227,1236,1199,1162,1238,1089,1070,1115,1008,1049,964,1043,918,946,908,902,843,847,844,819,752,781,769,723,792,727,678,698,654,690,632,607,628,631,582,557,550,557,508,509,514,477,482,480,475,452,446,399,390,435,384,407,398,376,338,357,345,356,339,340,326,313,319,291,313,279,297,284,279,273,290,255,255,235,227,231,242,230,217,215,209,227,204,213,205,209,180,182,180,177,175,206,172,166,193,178,162,167,109,147,156,138,155,134,123,142,147,123,138,122,116,140,106,104,94,100,103,123,108,109,105,122,104,119,112,105,119,108,101,101,94,92,109,99,106,90,90,78,84,78,83,103,68,85,72,85,65,90,73,68,71,75,59,68,75,70,74,52,74,51,47,63,47,49,45,33
39,21,25,20,21,26,26,29,93,404,1184,2224,2482,2282,2008,1817,1552,1506,1396,1240,1194,1057,1028,954,953,758,824,692,723,638,617,581,521,553,484,464,469,478,457,445,467,436,379,373,363,379,384,360,328,324,297,312,280,307,284,261,283,296,282,263,249,246,236,206,225,224,209,195,189,183,187,183,187,184,180,186,160,168,156,153,148,138,130,147,160,135,143,141,117,156,134,123,109,117,108,123,109,89,104,111,110,86,100,109,107,95,99,83,103,74,97,84,88,74,77,93,86,72,73,63,70,63,77,61,66,79,73,67,69,65,71,67,65,57,52,56,53,56,65,57,61,61,52,57,52,52,44,56,48,44,64,48,53,47,45,55,48,51,41,42,34,48,50,37,33,34,36,38,30,36,43,25,29,42,29,29,44,26,36,27,26,31,20,31,34,23,33,29,29,25,24,26,32,25,21,19,18,28,31,18
28,27,33,33,22,42,31,41,134,500,1540,2692,3115,2894,2606,2398,2158,1899,1790,1683,1564,1413,1292,1204,1129,1110,973,917,894,859,800,767,724,725,688,654,650,659,541,566,564,532,509,502,479,469,505,425,420,450,447,428,390,392,416,360,349,372,341,334,352,343,339,303,303,273,279,282,272,281,233,273,202,241,224,241,263,236,207,206,211,176,193,181,205,176,176,170,187,174,185,150,150,159,168,151,153,132,152,160,132,108,147,141,125,144,126,114,118,103,118,115,125,111,105,116,115,104,92,93,89,110,92,98,94,99,84,76,96,97,95,95,80,87,88,72,80,70,63,68,84,60,65,71,74,61,56,59,62,67,49,72,59,53,66,40,63,65,64,54,47,53,49,51,49,58,46,56,44,47,55,64,42,58,48,45,48,47,43,39,39,45,57,38,38,44,52,33,49,35,40,24,43,36,21,41,35,34,32,31
22,24,20,18,19,20,17,36,94,397,1260,2105,2416,2207,1916,1780,1540,1415,1283,1103,1127,938,896,813,770,711,677,586,583,557,515,506,485,448,443,419,404,427,374,403,331,368,329,342,323,336,302,301,262,281,233,279,272,259,223,235,242,219,209,219,206,195,177,195,174,186,182,183,199,153,145,183,169,148,131,134,121,123,145,120,138,131,128,122,126,116,117,111,115,104,112,85,107,112,83,113,85,106,83,98,90,94,82,90,96,81,70,78,72,75,76,68,61,90,71,63,64,59,76,75,70,63,69,50,64,58,42,39,62,59,57,63,52,50,44,46,36,38,41,61,53,36,35,52,57,39,28,41,39,39,33,43,28,45,51,37,44,40,28,46,32,44,39,37,31,30,30,33,23,33,32,27,23,18,38,32,29,23,27,20,29,28,32,25,27,26,22,35,31,26,21,28,19,38,26,26,24,19,17,18
29,19,19,20,21,46,18,36,71,257,774,1527,1684,1628,1396,1379,1228,1147,998,1038,900,880,785,763,720,643,607,575,553,551,476,489,454,412,443,379,410,379,357,366,328,325,314,295,312,284,303,256,251,260,251,268,252,274,231,237,243,225,190,203,213,213,178,201,188,178,177,165,175,157,169,148,169,154,165,135,169,136,132,137,115,142,136,121,126,102,127,95,105,107,108,98,113,98,98,102,101,93,89,89,99,73,87,103,88,85,64,96,81,67,86,89,83,57,63,69,65,79,60,84,77,60,56,79,68,54,60,59,62,59,56,52,52,57,49,53,52,36,44,50,55,39,56,32,40,40,48,41,38,48,39,36,37,44,34,45,31,50,43,39,40,36,50,49,26,30,38,35,37,33,46,36,34,39,32,29,35,30,28,32,29,34,21,19,22,21,19,23,23,23,30,26,29,27,34,24,25,21,28,23
10,18,9,9,11,9,16,17,43,173,460,813,848,782,676,677,505,467,467,413,426,377,345,316,325,317,283,266,278,232,232,233,209,195,199,190,201,163,196,196,165,135,134,160,146,152,125,128,128,122,119,123,121,130,101,124,116,111,117,112,101,91,112,101,90,103,77,82,94,73,71,76,60,75,72,71,79,86,63,52,69,72,65,55,62,58,57,49,51,59,48,56,54,46,52,49,53,49,49,48,52,47,53,36,40,48,56,47,43,38,38,50,44,25,33,30,25,36,29,37,28,40,34,30,28,44,34,30,35,26,25,32,32,28,41,37,20,18,24,34,28,24,16,24,23,32,26,27,27,26,23,32,14,13,21,24,17,16,21,14,24,20,31,32,22,10,17,18,20,24,21,24,15,11,17,25,19,16,25,18,16,19,13,18,17,18,10,14,17,13,17,18,12,18,13,10,12,8,14,8
9,13,16,17,10,15,19,22,44,119,368,660,709,634,560,463,463,417,356,363,309,300,314,288,246,216,251,240,225,209,202,199,204,191,167,160,149,176,156,143,137,146,140,129,130,143,137,114,106,101,116,107,130,96,107,93,80,101,86,87,75,61,75,90,82,84,83,68,68,78,63,70,58,80,73,73,60,65,62,55,66,55,59,57,60,50,53,58,69,66,43,35,50,50,37,57,53,45,46,36,35,45,36,39,37,36,42,34,44,47,38,40,32,32,31,41,32,34,26,26,32,27,35,26,30,36,26,26,21,28,41,32,30,32,21,32,24,24,15,21,26,24,18,17,15,21,17,29,17,21,25,29,21,17,16,26,24,11,20,13,24,19,17,21,18,22,28,20,13,13,21,16,18,14,23,23,10,14,21,12,18,23,21,17,13,10,14,14,12,18,10,13,8,14,17,16,11,7,16,11
56,46,62,62,75,65,66,93,240,781,2461,4778,5478,5476,5184,4823,4513,4323,4048,3784,3469,3304,3009,2740,2598,2401,2353,2107,1882,1780,1726,1668,1622,1548,1421,1452,1401,1361,1263,1281,1210,1213,1227,1085,1142,1156,1068,972,1020,986,932,936,936,940,831,826,915,860,815,775,826,710,732,728,696,665,741,650,607,634,580,581,542,555,514,565,525,539,520,425,448,458,460,457,481,421,414,392,373,367,351,415,397,349,357,382,341,315,337,287,312,303,286,296,265,282,294,271,268,273,262,249,246,236,277,273,233,221,225,223,226,219,222,183,192,210,218,189,195,167,182,191,178,174,179,167,167,182,154,153,160,160,145,143,159,151,110,124,146,132,150,146,134,138,142,125,114,112,109,117,111,114,96,119,124,96,103,105,91,104,85,112,91,94,102,107,95,100,98,90,89,82,93,75,88,79,84,86,68,94,95,74,67,60,78,72,60,50,61,60
17,14,17,16,16,18,16,17,46,175,441,784,845,809,713,634,565,538,515,472,458,424,423,354,372,378,322,331,315,272,267,278,253,249,251,223,208,198,205,208,195,183,186,163,196,163,148,162,152,165,150,136,152,145,125,129,126,112,127,110,105,107,105,111,95,105,108,104,91,89,87,95,92,93,81,83,74,89,78,75,80,67,71,69,72,68,69,70,62,64,65,44,68,59,61,70,70,69,62,58,60,48,44,41,45,47,48,37,41,39,45,50,37,38,50,32,46,39,39,46,38,39,28,20,37,44,26,36,33,47,34,26,31,22,28,34,35,36,31,23,31,34,29,20,41,22,39,26,33,21,23,26,25,28,28,16,24,26,26,25,27,26,16,17,20,22,17,15,28,21,26,22,9,18,15,14,17,10,14,17,14,19,20,15,14,12,12,11,9,25,13,22,17,7,13,10,18,17,18,16
44,32,41,39,35,37,45,57,165,622,2048,3944,4552,4234,3851,3558,3142,2804,2548,2328,2127,1977,1788,1604,1508,1392,1237,1186,1119,1082,936,998,988,904,863,832,792,742,759,674,700,663,669,599,604,642,588,560,546,548,512,508,533,433,478,468,489,465,443,438,444,397,384,361,361,387,319,352,301,309,308,322,318,308,311,281,255,279,275,241,277,231,278,263,245,231,237,244,213,223,226,210,207,198,195,202,186,176,177,193,176,186,171,146,162,154,163,158,169,157,136,168,141,137,129,137,125,124,141,125,125,140,121,90,119,114,120,92,111,110,106,95,113,92,107,89,104,82,92,104,100,72,91,84,85,78,95,81,82,65,63,80,79,58,77,74,77,72,65,88,59,67,59,60,69,81,64,53,59,58,58,65,66,53,57,55,51,44,53,62,58,35,58,42,40,47,55,45,42,51,46,52,42,46,39,39,39,46,43,40
13,18,18,23,14,10,18,20,82,268,939,1527,1491,1554,1279,1213,1080,967,920,836,784,693,654,578,584,527,520,454,464,427,411,397,394,368,355,342,357,311,314,278,290,292,276,249,258,247,244,234,230,226,241,226,215,202,194,186,208,190,174,173,180,165,196,159,155,161,168,158,128,136,134,162,133,138,158,113,111,120,103,98,126,106,117,99,112,102,86,113,88,96,77,105,84,84,93,84,79,85,82,95,59,84,81,76,91,63,82,68,81,67,74,75,67,85,48,67,60,77,49,60,50,67,52,48,60,59,54,56,46,63,44,51,44,66,52,51,55,48,44,46,42,34,48,42,51,46,30,47,48,41,34,40,35,42,41,38,34,42,31,33,34,39,30,23,38,28,23,31,42,28,23,31,28,30,27,27,32,30,21,24,25,28,26,29,24,22,17,17,36,25,23,14,32,22,19,19,26,28,24,23
17,8,13,18,12,13,11,14,42,138,398,639,762,710,641,570,502,486,444,423,436,420,401,362,330,282,276,283,288,256,231,212,257,191,229,205,199,199,193,198,188,176,166,149,163,166,141,167,129,132,127,120,131,113,119,126,132,120,101,107,117,81,92,111,93,93,86,89,82,91,76,80,70,71,88,80,71,70,60,85,63,63,63,62,74,53,64,58,59,52,68,46,62,60,61,53,49,60,41,54,46,49,51,50,47,47,55,35,46,39,55,47,35,49,43,40,44,34,30,39,41,42,26,35,41,41,31,29,29,31,34,28,37,25,25,35,26,22,24,37,25,18,19,29,36,20,28,22,18,22,29,24,24,24,22,25,26,27,24,13,19,21,30,22,16,24,25,23,16,17,30,22,23,22,14,17,22,14,18,13,12,17,19,19,23,16,20,16,19,17,19,18,17,22,16,15,10,12,8,19
39,31,26,36,23,31,35,42,135,475,1416,2596,2867,2784,2441,2303,1942,1787,1581,1517,1405,1289,1169,1059,1056,1013,900,833,818,770,744,724,694,619,621,649,582,535,556,545,528,497,480,450,486,448,425,421,434,403,391,384,344,397,398,360,346,292,347,311,315,285,298,316,281,282,286,261,268,264,286,246,255,232,220,211,218,188,227,183,179,179,209,175,215,191,173,156,166,164,154,162,181,151,171,144,163,145,145,155,110,148,135,116,134,130,111,115,130,128,123,125,91,114,114,106,102,108,101,113,92,95,102,100,85,86,85,90,76,93,93,92,73,78,71,94,66,76,89,65,68,73,62,73,63,63,60,62,67,55,64,53,67,57,61,71,57,55,62,54,54,56,48,50,53,42,49,56,47,51,33,47,38,44,46,49,47,56,47,31,45,40,29,32,34,46,40,41,41,35,30,31,38,33,39,39,34,30,32,29
40,51,46,64,51,48,56,57,163,564,1669,3051,3432,3404,3087,2999,2743,2556,2332,2237,2061,1989,1782,1652,1526,1495,1336,1283,1156,1184,1121,1205,1016,1001,978,974,841,837,837,805,794,738,762,753,693,704,657,706,679,662,664,648,556,567,598,569,543,553,513,541,505,486,486,477,450,435,412,404,450,399,407,398,351,386,344,345,337,338,352,321,338,297,331,295,270,258,287,290,250,265,273,287,254,271,251,252,245,253,235,219,257,235,213,238,219,196,186,182,210,200,198,198,193,178,203,157,167,148,133,157,159,169,165,164,168,144,124,148,155,130,144,129,127,118,120,121,139,133,99,124,113,130,106,116,108,107,105,104,101,104,105,80,119,98,83,97,98,103,83,113,88,95,89,94,91,86,87,79,66,79,88,80,65,71,68,80,59,97,67,65,68,72,57,59,65,74,64,59,69,80,72,53,52,63,61,63,49,53,39,44
18,22,14,11,10,14,28,15,36,171,492,933,973,932,818,730,664,668,569,543,511,478,486,400,438,403,365,378,321,329,350,287,275,259,281,255,239,226,211,227,206,220,185,194,180,200,175,189,191,164,151,153,133,150,138,137,147,136,137,123,123,120,131,116,109,123,115,101,84,95,101,93,102,111,107,83,91,104,77,90,87,88,87,68,65,79,58,67,75,64,63,87,76,70,66,58,62,58,56,55,53,44,55,50,54,49,51,58,49,44,58,47,46,53,51,51,41,61,49,35,44,38,41,34,40,27,34,50,40,50,37,49,39,31,34,26,34,27,36,29,36,36,40,29,27,39,15,28,36,30,26,29,27,22,24,22,22,23,23,32,21,23,27,25,19,28,27,25,22,21,19,19,22,19,17,18,18,25,15,15,14,20,14,17,30,20,18,23,12,19,10,12,18,22,15,11,15,19,14,11
14,13,21,28,12,16,15,18,60,183,576,1080,1136,1179,1033,885,858,793,743,688,661,638,584,555,547,469,474,424,407,412,397,412,384,340,337,328,335,321,300,295,257,270,249,251,236,226,217,226,210,239,190,208,174,224,206,168,180,184,191,186,154,157,143,150,138,144,169,149,135,143,125,123,131,135,139,130,133,121,127,96,117,112,86,94,108,93,97,98,81,87,78,97,95,89,86,66,86,91,77,71,91,77,54,70,64,73,72,72,64,53,61,70,59,64,61,63,62,63,59,77,51,58,48,51,52,42,44,48,52,52,48,52,56,45,28,54,41,47,52,32,38,43,40,31,42,43,39,36,33,32,41,28,32,35,31,32,38,34,25,33,31,15,35,22,32,34,25,25,21,23,29,24,32,27,25,31,21,24,27,26,34,16,30,27,14,23,24,17,27,16,25,16,21,16,23,20,17,19,16,23
71,76,68,53,53,61,72,69,284,925,2975,5636,6743,6645,6266,5870,5471,5034,4701,4335,3941,3665,3495,3003,2786,2714,2502,2242,2184,2107,1835,1866,1793,1683,1586,1550,1549,1436,1430,1296,1295,1280,1281,1236,1183,1181,1111,1090,1103,1041,1049,988,928,1039,964,912,953,866,865,835,844,821,768,776,704,706,746,662,665,682,618,613,612,564,626,577,575,554,493,544,504,477,485,477,460,453,461,452,428,404,442,386,398,371,374,384,355,394,339,365,387,331,331,334,326,311,317,276,272,307,300,249,291,273,246,265,244,225,243,240,203,226,218,242,227,218,188,221,177,223,223,191,181,187,185,184,186,177,170,182,155,151,170,149,157,137,142,151,162,151,145,142,139,137,150,142,129,145,120,128,122,116,148,127,111,124,112,110,113,99,115,133,105,89,91,94,101,91,100,111,87,89,81,83,99,85,96,76,81,72,84,66,76,77,73,78,68,64,63,60
15,13,12,11,14,19,17,24,61,242,636,1180,1353,1226,1065,933,867,779,676,620,556,509,462,408,421,394,356,315,306,293,274,240,243,228,219,219,216,251,199,177,163,189,189,181,161,167,135,169,153,155,148,134,124,121,132,120,126,121,87,122,118,119,115,92,80,77,77,96,89,77,85,89,91,74,73,73,62,76,64,58,75,68,65,66,60,49,64,57,49,57,36,56,58,50,64,58,49,52,45,47,45,49,38,44,48,45,44,41,34,40,50,30,42,41,34,36,39,42,36,31,33,28,25,31,33,28,27,35,30,31,33,27,32,32,27,27,36,46,27,30,21,28,18,27,18,29,19,25,21,27,10,34,24,17,29,20,19,21,24,19,23,23,20,23,23,17,15,19,16,21,13,13,18,18,15,16,12,20,11,14,15,13,7,16,17,15,10,13,14,15,14,19,8,7,11,11,15,13,18,8
47,35,49,41,53,43,48,79,181,714,2156,4083,4681,4630,4244,3875,3531,3389,3010,2720,2497,2301,2177,1921,1889,1699,1621,1588,1438,1346,1316,1248,1207,1127,1101,1064,1031,987,959,888,899,815,803,789,830,751,735,721,726,689,666,651,632,649,648,641,559,593,554,559,525,506,500,489,471,488,468,407,418,463,382,368,359,344,352,342,361,353,351,294,334,328,291,277,310,298,280,266,268,270,253,240,271,253,243,216,256,242,225,225,195,219,233,205,203,200,204,182,200,183,164,163,157,191,170,171,166,183,169,146,157,137,190,166,176,122,124,119,141,120,123,120,106,125,116,111,129,119,105,110,139,102,106,91,78,111,100,113,102,99,102,98,91,105,76,87,73,84,94,88,84,90,88,68,79,73,87,82,63,71,88,62,80,74,85,63,61,73,80,67,51,59,56,63,60,64,71,53,58,51,46,50,56,49,50,46,52,48,34,42
17,9,9,18,12,10,22,23,53,180,465,866,912,874,851,773,666,641,603,559,535,515,471,457,426,422,389,343,302,306,311,294,288,271,255,255,274,241,205,228,218,219,222,201,211,196,172,191,183,174,174,135,167,157,164,146,122,129,139,126,118,122,107,120,102,120,123,116,106,111,106,93,105,81,87,99,91,102,80,74,89,89,79,90,85,82,65,68,67,78,96,61,67,84,61,85,61,71,53,53,60,52,50,62,53,62,53,58,47,43,39,41,55,59,42,35,34,45,37,36,37,31,44,41,40,46,48,36,37,49,32,32,32,31,33,36,38,16,39,27,36,37,34,36,39,38,27,25,24,25,30,28,20,19,24,28,16,30,21,23,31,18,24,30,20,16,16,29,22,23,15,19,12,23,24,15,21,27,19,19,23,17,12,18,21,18,16,13,13,16,19,14,15,13,16,6,12,15,18,11
69,65,66,72,67,86,67,83,193,604,1912,3384,3630,3412,3119,2993,2671,2486,2280,2206,2046,1945,1835,1680,1650,1534,1420,1329,1276,1283,1191,1142,1040,990,969,934,928,873,859,800,832,763,701,812,724,694,685,707,668,603,614,622,623,600,571,577,552,541,479,507,460,496,460,460,467,439,444,463,426,391,378,402,393,404,367,355,370,339,310,323,337,274,294,318,287,313,322,272,272,281,297,291,277,276,269,257,263,237,244,225,257,271,235,243,220,213,213,233,218,200,209,202,199,201,217,184,190,183,173,216,184,192,185,166,178,142,154,161,178,172,157,166,153,142,155,171,157,146,146,151,149,125,143,129,133,142,136,138,144,109,117,129,126,122,133,119,114,114,116,131,113,91,103,121,110,101,106,120,90,96,95,85,101,95,107,101,107,89,101,114,88,89,82,87,95,107,97,85,97,90,75,63,91,87,75,78,65,95,65,55
8,11,11,9,16,10,10,11,35,98,320,574,594,567,534,450,412,431,366,410,307,370,315,301,277,242,240,222,239,222,230,223,195,176,170,174,166,193,148,175,147,141,175,143,140,116,117,100,108,130,114,103,108,93,102,107,104,94,91,73,79,82,85,94,65,88,77,81,71,72,75,58,54,65,64,53,61,65,69,60,57,54,57,54,56,47,55,45,57,52,38,55,46,54,42,45,47,48,49,40,35,49,37,31,47,40,40,38,33,39,28,31,34,43,28,31,33,33,32,35,29,29,24,35,31,29,30,27,34,24,23,23,21,17,22,20,22,31,29,25,21,20,26,28,21,16,16,22,21,10,12,23,16,11,19,18,20,18,25,27,12,21,20,17,18,15,14,10,11,10,20,12,11,18,9,11,19,19,16,18,16,13,8,14,12,16,8,16,8,13,11,16,12,16,9,14,14,12,13,13
23,17,29,16,26,18,22,34,89,303,1135,1994,2147,2022,1723,1612,1328,1279,1095,967,917,916,766,714,628,580,554,516,482,482,460,417,393,369,393,371,359,364,353,347,326,307,269,300,246,285,270,242,234,249,232,235,229,194,204,199,215,201,189,184,208,196,198,188,150,157,165,165,139,151,143,152,141,113,122,127,147,125,124,105,125,121,109,125,119,98,114,110,95,93,113,95,82,92,94,109,103,76,90,87,84,84,95,83,75,79,61,74,86,72,59,63,83,62,64,74,62,69,61,58,59,49,54,47,73,67,52,55,55,55,40,63,60,53,41,54,44,41,49,46,53,45,59,40,49,50,35,36,54,32,46,43,40,46,31,43,28,36,41,34,43,37,34,35,27,46,44,46,36,27,26,30,28,29,21,42,37,23,35,33,28,28,36,30,31,24,28,24,16,15,22,24,27,17,11,23,27,25,26,18
26,22,27,28,23,27,28,31,82,331,995,1782,2028,1852,1686,1548,1433,1379,1264,1144,1100,976,923,922,843,837,743,680,624,670,624,618,567,583,544,514,519,472,418,448,416,370,397,388,379,373,335,336,355,310,314,270,266,286,305,294,263,294,286,254,230,257,247,219,201,200,213,236,209,199,198,184,192,186,163,162,180,147,162,153,174,144,156,147,138,129,122,146,156,135,109,138,131,124,114,115,132,101,127,119,97,103,115,106,108,92,72,96,80,89,78,100,76,67,92,87,75,77,86,83,82,68,81,77,65,64,56,66,68,72,77,70,46,75,65,64,72,69,60,55,56,49,43,55,48,46,62,52,52,65,58,50,48,53,32,51,42,29,49,42,37,49,42,39,47,41,38,31,30,39,33,40,33,45,39,43,31,35,33,26,36,36,38,42,27,37,27,29,21,23,48,30,31,22,17,24,25,31,26,22
11,12,7,17,8,11,10,14,31,132,406,679,706,759,577,601,531,471,469,413,367,381,363,340,289,283,259,288,260,253,233,218,187,189,174,180,202,167,141,158,162,164,146,122,148,133,132,103,138,107,110,96,95,104,88,96,106,94,102,105,88,79,95,78,81,71,92,85,73,67,80,67,72,76,77,63,58,68,49,59,64,71,47,52,48,44,49,58,54,60,46,46,61,48,47,56,39,34,53,49,38,50,44,38,56,37,41,54,40,31,36,44,40,43,26,38,34,34,30,29,51,31,36,32,29,36,25,33,21,31,26,27,33,25,31,28,25,21,31,23,21,29,27,20,29,13,26,35,32,26,18,19,25,21,23,33,18,20,18,21,13,17,18,17,17,19,21,11,18,20,18,14,18,17,19,21,12,14,11,15,26,11,12,13,14,17,16,20,17,12,12,16,15,12,14,7,16,13,13,16
46,53,58,54,45,50,49,79,233,812,2574,4850,5380,5349,4931,4449,4083,3806,3506,3211,2819,2725,2484,2294,2089,1887,1853,1756,1637,1519,1413,1360,1281,1162,1160,1097,1173,1107,1071,1010,981,962,906,917,861,911,787,803,780,761,764,699,701,698,651,685,668,627,618,619,562,574,600,570,508,508,512,458,489,503,464,428,454,460,402,429,415,375,397,375,374,355,333,342,346,349,317,320,313,304,291,294,276,254,240,237,286,254,277,225,239,296,236,234,219,209,226,189,216,200,172,195,198,217,197,186,167,196,169,171,185,162,162,163,171,165,166,147,163,162,170,116,129,172,143,145,143,117,131,131,121,125,106,123,99,134,122,105,91,106,101,114,108,106,88,93,113,101,95,91,89,90,83,88,95,87,100,96,104,84,76,75,83,78,74,93,79,73,85,79,68,62,73,69,62,70,63,66,58,58,50,58,53,61,57,60,52,45,54,43
31,31,24,33,28,37,23,48,91,326,1005,1804,2070,1856,1747,1567,1528,1325,1265,1187,1119,1011,981,1002,859,823,805,747,709,655,614,618,649,560,521,544,537,494,495,460,479,458,454,403,431,396,396,341,337,346,321,339,297,346,319,293,313,291,312,271,287,238,269,242,226,245,220,252,269,229,245,227,202,200,219,205,188,186,176,201,170,175,166,184,147,166,170,160,181,156,152,128,172,155,156,143,131,136,139,130,114,111,106,113,142,106,114,108,103,107,106,100,103,98,103,79,96,105,101,87,81,81,85,81,87,91,76,81,88,66,82,82,88,76,75,60,64,66,50,67,58,70,64,63,59,57,60,44,56,70,64,89,64,47,60,57,55,51,49,46,60,54,48,43,49,40,55,36,62,39,41,41,39,46,31,49,42,48,41,30,20,33,44,43,33,37,49,32,39,40,40,36,43,35,24,19,32,31,32,27
30,23,20,30,22,21,26,24,115,364,1290,2403,2621,2419,2158,1951,1712,1604,1538,1366,1231,1190,1134,1021,933,891,831,791,737,708,674,629,650,567,545,544,521,504,475,451,456,420,438,405,423,403,378,383,315,339,319,361,329,314,324,290,244,262,272,277,247,254,227,234,219,222,223,236,195,208,213,187,190,203,180,183,176,160,149,153,148,146,144,151,138,161,127,147,135,133,142,110,124,123,140,110,113,120,114,114,124,111,93,80,86,84,95,76,87,95,89,81,94,85,87,88,72,70,79,76,81,71,70,63,65,72,71,68,54,58,57,70,71,62,73,54,51,46,52,48,70,56,57,40,59,45,36,37,57,43,53,44,38,40,43,43,51,38,47,37,36,44,25,30,30,43,38,44,40,27,38,26,23,39,31,37,39,27,29,33,30,27,22,32,33,36,31,22,36,24,16,30,30,29,28,25,24,29,21,27
7,10,13,15,17,8,14,16,32,122,335,540,573,485,486,442,420,369,314,309,334,309,257,248,230,235,238,230,230,195,193,190,177,175,141,148,148,149,156,135,157,133,112,132,142,112,128,109,97,111,99,98,84,96,109,92,103,91,90,76,98,79,84,75,79,78,75,61,68,75,59,70,66,61,75,68,65,53,48,48,66,47,52,56,58,59,40,41,49,46,34,52,39,42,42,45,34,44,36,41,39,34,51,43,43,46,35,43,36,29,25,34,33,36,31,35,36,29,34,38,33,25,23,21,40,34,33,29,25,19,30,27,23,20,31,26,27,23,25,23,25,22,24,30,27,21,16,25,19,22,26,17,25,19,21,30,22,14,16,21,16,18,18,26,16,18,13,21,22,18,19,15,13,18,15,12,21,18,18,10,11,19,15,17,13,14,6,13,13,8,14,13,13,19,15,8,13,10,17,10
16,19,17,19,18,15,12,8,38,154,490,937,999,904,889,790,756,629,660,619,578,554,549,451,435,412,413,370,375,387,340,333,320,308,265,292,290,273,251,244,237,231,233,206,235,201,199,206,191,196,182,146,191,163,174,161,171,140,157,155,138,130,126,155,119,115,128,118,116,114,120,120,119,106,116,121,106,96,99,102,99,95,93,89,74,83,87,76,82,78,95,82,82,77,85,75,70,65,65,65,63,77,69,67,72,73,56,50,51,61,59,50,51,52,55,57,46,57,53,40,47,35,40,48,44,31,37,38,40,32,37,39,30,45,45,33,36,38,36,38,29,30,35,30,24,32,34,31,40,28,25,33,39,25,29,33,25,28,25,25,19,39,25,24,23,25,21,25,31,28,24,25,20,21,20,34,17,21,26,29,20,24,22,30,24,20,18,17,17,17,19,17,15,16,9,13,19,12,19,17
22,21,23,23,22,20,20,38,90,280,956,1618,1728,1722,1584,1402,1245,1123,1066,1015,950,859,851,779,792,660,678,661,635,572,558,495,493,499,409,433,433,413,405,418,342,378,360,319,333,312,305,264,298,269,292,259,250,260,238,252,213,235,227,233,184,208,200,192,223,166,187,171,169,154,159,192,182,175,118,164,161,149,159,150,120,107,143,118,140,131,131,107,97,113,107,103,109,116,106,94,83,93,96,95,89,96,89,93,78,76,74,74,68,82,81,65,69,64,74,61,62,61,70,60,57,65,51,53,73,51,60,47,64,47,56,53,62,61,42,50,56,37,41,47,48,62,52,55,51,43,42,47,42,37,32,39,35,49,31,37,29,45,43,50,29,43,36,32,37,29,37,27,32,31,24,32,43,36,41,37,20,22,27,33,30,28,28,26,36,24,29,14,38,34,38,14,20,21,33,26,25,22,29,23
13,20,18,16,24,24,19,23,63,216,609,1104,1153,1179,1038,965,849,804,740,675,651,621,654,512,535,466,433,457,378,378,370,342,356,310,308,332,313,292,308,282,268,263,268,235,213,207,229,217,209,207,196,200,187,157,184,181,175,170,170,163,153,146,167,147,150,133,143,150,133,127,103,118,126,130,106,111,82,102,102,90,109,104,100,111,110,90,82,99,90,87,74,79,89,83,74,88,76,77,92,89,80,77,64,64,70,60,63,61,53,68,62,57,62,45,63,58,61,51,43,59,48,53,47,40,42,48,49,47,45,49,45,50,43,49,43,39,49,43,32,41,38,40,30,45,35,39,27,40,35,29,39,31,34,32,31,32,39,31,36,31,34,23,21,33,27,29,31,18,29,31,23,27,36,29,28,29,35,23,32,35,26,18,13,15,22,30,25,21,20,19,18,28,20,18,24,11,24,27,19,26
10,11,11,8,6,12,8,16,33,118,446,817,858,774,779,664,611,523,477,484,448,381,387,326,346,298,281,258,288,266,210,222,228,224,201,203,161,166,171,155,165,162,187,143,146,129,155,145,134,121,125,114,116,114,124,108,99,95,91,98,95,112,104,94,85,90,91,68,86,85,81,81,68,71,71,73,71,77,74,63,66,61,60,60,54,54,49,50,49,57,58,73,52,52,48,45,41,44,42,47,48,50,40,42,34,37,36,32,35,34,33,37,30,39,31,39,40,34,28,35,35,26,42,20,37,32,34,27,31,28,29,31,24,30,32,29,27,31,30,28,20,16,21,28,25,39,20,24,28,23,17,20,17,16,21,29,19,20,21,22,19,14,23,16,18,18,11,21,17,16,16,16,14,18,19,21,10,18,5,10,13,10,7,16,11,17,11,13,16,13,14,10,15,8,8,4,13,13,9,5
12,17,21,17,19,20,18,29,82,349,1152,2071,2221,2035,1835,1542,1366,1228,1103,977,863,819,794,750,598,596,546,527,530,457,470,460,409,395,428,353,338,361,318,317,310,337,270,278,296,272,279,268,244,236,252,238,199,222,209,207,215,205,174,188,186,179,148,176,158,168,171,148,157,144,148,129,129,163,120,131,123,116,98,100,120,110,111,111,106,105,99,94,105,102,114,99,85,99,97,90,75,77,99,80,85,73,75,70,75,78,56,86,75,62,69,73,59,59,49,63,72,59,64,46,56,72,63,63,53,50,59,58,45,47,52,50,39,52,36,41,41,50,38,40,44,49,40,37,31,26,44,39,47,43,39,42,37,33,46,40,38,23,34,35,34,45,24,31,36,29,34,27,38,23,23,24,36,24,31,26,35,15,23,21,18,33,31,27,16,28,18,36,20,19,18,32,22,28,25,14,20,14,23,18
14,20,17,20,14,13,20,21,86,303,935,1681,1829,1663,1570,1318,1238,1052,952,954,863,843,764,635,614,647,564,515,518,542,459,461,402,395,378,383,368,332,288,307,310,301,267,316,277,283,275,243,252,269,230,223,225,233,228,200,196,204,191,196,161,200,176,161,178,144,168,153,163,152,153,123,118,136,137,127,124,126,109,109,121,127,124,112,111,101,107,101,97,115,106,89,88,87,91,87,80,80,86,89,78,84,83,83,95,69,77,79,71,68,57,71,74,63,64,61,57,71,61,49,62,50,48,46,50,59,44,52,59,59,48,46,50,52,46,51,45,45,35,43,33,48,38,46,40,41,39,34,48,42,50,32,37,31,25,36,30,44,32,33,38,35,34,26,33,31,28,33,25,24,30,29,30,19,28,28,27,25,27,32,18,22,21,22,28,28,31,25,23,26,19,25,22,21,24,24,19,23,13,13
12,6,11,16,13,10,7,16,31,109,371,675,749,653,684,555,474,479,443,396,379,331,322,301,283,295,246,263,232,224,223,245,196,187,204,190,168,158,196,177,157,157,134,167,129,134,123,155,142,126,94,108,122,110,109,87,97,103,87,84,78,75,85,78,88,88,87,72,76,80,73,65,80,76,57,65,70,79,55,67,59,58,65,68,60,36,62,48,45,55,47,54,48,58,41,44,48,44,31,50,37,32,39,34,40,29,37,44,39,33,31,24,33,42,35,28,28,34,33,20,35,27,19,34,29,26,38,30,30,34,28,18,35,24,24,22,23,22,24,19,30,22,28,22,18,26,20,15,21,39,21,20,17,23,19,22,16,18,16,20,23,16,7,25,10,28,12,20,13,15,23,22,15,20,18,14,14,8,10,12,12,16,13,12,9,13,11,8,14,13,6,8,8,14,14,13,16,20,7,12
38,26,24,24,25,27,28,36,99,329,1077,2064,2186,2090,1851,1752,1498,1447,1389,1276,1226,1123,1096,1011,886,910,834,778,760,701,695,669,619,580,605,583,569,547,491,468,467,457,434,421,427,409,400,395,391,379,364,346,356,328,328,293,276,293,286,270,268,244,296,269,252,263,234,242,210,213,221,209,212,208,192,194,225,184,165,200,190,186,175,186,159,190,153,174,174,146,145,131,142,134,139,126,141,141,113,112,126,123,112,107,115,119,118,101,110,119,101,92,93,115,108,92,102,95,89,88,107,86,93,67,68,80,81,64,81,61,71,84,68,60,61,82,58,66,65,78,62,49,61,58,52,50,59,58,44,53,57,46,53,64,45,46,44,59,61,51,40,44,49,49,33,55,36,41,56,48,44,46,39,47,33,45,40,37,45,35,26,45,33,49,37,40,45,36,36,33,31,28,31,28,25,26,28,27,29,21
30,44,40,42,44,38,48,57,173,654,2129,4010,4614,4560,4161,3830,3475,3134,2914,2708,2596,2465,2188,2019,1894,1762,1639,1525,1429,1394,1344,1251,1219,1147,1129,1032,1065,996,953,924,920,868,853,794,803,735,726,741,725,723,686,715,654,646,649,608,559,606,560,562,565,519,485,483,476,455,438,499,437,422,410,406,399,378,402,376,361,354,341,352,369,349,313,313,318,328,288,263,288,262,265,268,260,241,234,245,251,230,250,209,226,225,238,203,207,200,196,205,220,202,163,190,178,191,176,162,195,161,165,166,136,140,116,155,139,153,156,137,154,123,137,141,135,132,132,141,115,120,113,112,108,94,104,88,82,93,110,91,103,85,80,96,87,69,89,88,89,102,82,83,82,73,80,87,77,72,86,64,67,77,79,95,73,59,62,57,64,60,59,65,74,73,58,82,52,66,65,59,55,58,56,44,46,53,55,32,51,37,42,37
21,15,17,17,13,16,12,17,42,161,455,814,871,821,748,658,621,611,567,508,476,443,440,397,398,382,357,334,332,329,293,290,265,243,271,245,246,230,225,211,234,176,179,188,206,180,186,171,191,148,160,150,150,169,131,166,126,129,110,125,141,104,113,130,129,124,109,112,104,88,90,114,97,90,89,95,97,85,77,84,95,67,82,66,75,70,68,58,74,58,82,76,82,64,70,61,60,53,63,64,54,59,50,76,58,52,55,49,58,55,50,56,58,48,44,40,44,41,39,46,41,36,41,40,44,44,43,32,38,34,34,38,30,46,32,39,33,25,34,25,25,23,33,30,28,35,30,36,34,41,27,29,41,27,24,24,24,17,20,29,23,20,21,28,25,23,29,19,14,17,21,18,26,21,24,21,23,10,17,13,20,25,27,20,13,14,21,24,21,15,19,22,11,13,17,18,15,12,18,13
21,17,13,16,24,18,23,18,57,198,552,990,1105,1009,928,859,742,764,675,668,637,582,563,511,513,449,446,440,384,371,379,351,314,325,308,316,280,308,252,288,271,245,265,231,220,230,216,221,186,232,228,156,191,191,185,186,164,166,151,179,146,156,158,153,141,147,163,131,122,115,121,131,113,87,95,105,98,100,97,99,103,90,96,86,94,97,95,75,82,91,88,87,80,90,76,82,74,63,102,69,59,75,74,53,58,60,76,63,62,73,45,74,58,57,52,55,53,61,48,52,45,66,57,57,58,50,50,40,54,44,47,38,42,45,45,47,42,54,41,43,42,42,48,39,32,42,32,30,31,27,43,34,28,40,29,33,34,29,38,29,37,37,32,35,22,25,31,30,37,25,31,38,18,24,29,21,29,18,25,27,20,18,25,22,26,16,23,28,25,23,22,16,13,22,32,21,18,29,18,14
16,18,17,19,21,17,19,29,53,178,535,903,965,871,800,741,667,571,583,525,488,454,436,457,405,406,342,310,359,314,294,290,268,258,238,239,220,212,234,217,217,208,194,201,200,174,204,146,183,164,152,152,143,125,146,130,143,143,135,147,124,110,131,103,123,124,125,88,116,99,91,97,110,95,95,96,85,82,82,97,84,82,84,73,62,80,85,65,79,74,77,72,75,63,96,65,49,69,66,57,58,54,53,57,75,64,68,46,39,65,59,46,54,57,61,54,59,45,46,50,50,53,46,49,41,46,39,35,34,35,44,39,40,48,49,29,39,37,41,31,44,43,37,31,38,40,36,32,20,30,32,17,33,32,25,35,31,24,31,16,31,23,26,27,20,20,26,17,24,23,22,21,28,32,22,23,29,21,27,16,33,27,19,23,25,17,27,18,25,18,20,27,23,28,18,19,19,19,13,26
9,28,10,12,16,14,11,14,61,184,507,970,1021,940,891,755,650,626,569,507,513,449,432,414,401,355,338,333,333,294,275,271,274,240,246,233,224,224,208,216,190,187,187,188,174,168,169,150,162,150,145,157,147,148,138,118,137,122,122,133,124,129,123,113,94,119,108,113,108,96,113,77,86,106,93,89,84,81,85,69,71,75,81,81,59,76,67,73,82,53,83,57,54,63,63,57,53,51,47,45,57,63,50,49,53,47,45,40,44,45,47,50,44,47,48,45,42,47,41,40,33,47,56,33,37,40,34,36,39,37,31,37,35,31,36,38,32,43,33,29,33,38,21,22,28,32,24,29,27,27,33,18,34,25,21,34,29,18,16,21,32,26,16,20,24,19,20,25,26,26,21,25,14,23,16,20,20,16,20,10,24,26,21,15,18,25,13,19,18,13,18,15,17,22,20,15,17,17,18,16
38,56,46,27,48,41,51,80,253,989,3218,5845,7083,7297,6803,6289,5770,5236,4835,4283,3978,3492,3055,2732,2468,2332,2143,1993,1823,1715,1541,1535,1419,1375,1358,1251,1243,1125,1130,1117,1148,1043,1066,957,1051,969,894,931,931,907,919,890,800,830,830,812,753,714,766,702,697,687,702,691,611,595,584,579,536,568,534,487,467,464,501,476,437,460,431,436,445,400,420,364,379,375,339,361,322,318,293,303,335,307,295,295,263,290,276,240,290,262,245,250,237,220,225,212,217,225,219,182,209,197,212,203,237,184,181,170,165,169,169,158,181,163,173,163,160,146,165,166,125,140,161,143,154,121,123,122,94,110,116,100,115,101,124,101,115,92,88,100,91,83,108,107,92,96,95,79,101,101,89,86,81,67,78,70,62,76,70,68,69,64,66,72,55,69,61,62,89,59,56,56,62,59,44,56,59,53,47,44,54,44,49,39,41,36,43,39
22,21,26,17,19,16,18,29,56,233,760,1458,1710,1539,1425,1296,1179,1184,1004,968,874,814,773,687,631,620,576,523,554,507,462,474,422,391,440,397,335,340,358,331,323,329,302,284,288,273,299,238,247,242,260,227,234,231,227,237,199,212,188,179,191,181,201,188,188,178,143,159,144,153,131,144,145,134,141,119,146,105,121,116,127,135,117,128,119,97,102,115,106,93,96,93,89,81,91,91,103,99,76,94,83,75,70,86,68,80,82,84,66,59,66,75,57,59,63,59,64,59,62,61,50,55,59,57,58,59,49,41,44,56,52,52,54,57,55,47,47,40,45,47,53,42,40,40,32,28,28,44,42,43,24,40,29,43,43,38,30,31,35,39,37,40,36,33,26,33,27,39,28,21,23,32,28,27,24,26,20,22,32,24,28,19,27,24,28,19,20,30,16,18,20,21,26,17,28,17,22,26,15,17
20,21,28,23,21,20,16,22,87,279,949,1656,1778,1808,1660,1566,1432,1208,1216,1073,1001,933,871,840,775,677,659,602,594,525,500,490,482,418,455,421,374,397,372,363,331,341,320,356,314,319,294,307,297,283,250,275,274,252,271,229,191,244,231,217,202,211,200,206,214,170,205,167,180,173,159,154,152,153,149,166,145,138,159,99,139,125,143,135,111,135,139,104,117,116,110,119,95,119,102,119,90,114,94,81,96,93,92,72,80,92,82,90,71,60,71,70,77,71,65,63,82,75,61,67,68,58,57,56,63,63,62,69,59,61,49,61,49,53,55,57,58,61,51,57,49,46,41,39,40,44,48,38,41,44,32,39,32,26,51,32,29,42,32,32,35,33,45,31,32,39,38,26,29,36,31,31,37,30,37,26,24,28,37,23,27,28,28,31,24,28,23,14,31,29,20,17,21,22,20,20,18,17,16,18
44,52,47,51,47,55,68,79,341,1180,3643,7241,8464,8500,7931,7232,6682,5872,5395,4807,4382,3868,3356,2942,2722,2423,2161,2014,1879,1738,1646,1550,1500,1393,1341,1349,1256,1245,1192,1082,1184,1118,1103,1064,1057,1051,1004,969,1020,928,961,958,857,858,806,818,803,759,772,782,689,709,691,624,643,630,592,561,556,551,554,527,551,533,478,505,485,483,448,456,427,434,458,375,394,379,345,413,366,338,352,345,306,334,354,299,278,323,308,278,297,274,272,235,251,259,216,229,225,243,238,213,231,216,216,207,200,201,210,189,170,192,174,185,172,185,172,183,172,146,163,175,176,138,126,154,146,152,130,127,142,123,121,114,112,106,109,106,100,110,102,104,94,111,106,102,109,114,95,87,80,102,96,95,87,82,90,93,92,83,81,75,100,85,78,69,76,83,77,78,75,77,68,79,62,65,60,69,73,63,44,49,58,51,48,53,52,48,35,28
23,29,24,19,28,25,24,18,80,264,840,1516,1656,1511,1357,1287,1106,995,983,878,837,743,754,698,668,590,596,604,513,484,505,492,478,440,415,396,372,414,338,357,357,323,325,327,303,300,311,267,250,267,254,255,237,255,208,236,204,203,229,216,195,189,179,193,191,185,191,157,180,189,157,150,158,147,141,125,137,136,149,132,121,140,133,107,129,113,104,97,101,109,97,93,99,97,95,106,102,113,89,81,96,81,82,71,81,65,78,71,77,71,85,80,71,70,60,66,67,62,62,49,60,57,45,57,58,56,58,56,54,53,48,64,49,43,47,63,54,53,45,56,44,54,40,50,49,43,47,29,44,35,27,30,45,43,46,31,40,34,38,33,31,44,34,33,29,30,31,24,26,30,32,39,31,38,33,26,20,32,30,24,28,16,28,16,26,19,23,24,23,20,28,17,31,27,18,19,16,26,17,31
51,48,50,63,72,67,57,96,250,908,3017,5699,6710,6451,6115,5413,5177,4788,4432,4108,3693,3415,3223,2929,2741,2538,2369,2153,2096,1988,1881,1731,1690,1614,1528,1409,1418,1353,1351,1345,1191,1238,1200,1159,1209,1139,1088,1084,1003,1019,947,923,966,883,848,894,832,791,798,812,803,723,727,731,681,642,669,637,601,612,605,591,574,563,544,566,544,519,492,467,507,448,441,440,410,445,408,423,431,400,385,368,377,374,346,330,369,321,307,314,296,300,290,315,298,278,266,268,273,286,257,248,252,250,239,186,241,246,215,226,216,192,220,216,216,212,218,177,172,204,176,190,184,172,182,147,166,161,155,179,156,152,131,124,153,140,127,160,124,145,114,125,141,145,113,138,151,125,104,112,126,102,103,126,90,100,111,105,92,90,106,104,110,88,76,104,85,78,88,81,94,63,81,78,80,82,82,85,78,80,59,63,75,75,72,72,60,56,44,53
7,14,8,10,7,6,10,11,33,123,333,621,694,619,606,525,479,418,383,390,353,330,302,306,280,257,247,228,199,226,213,195,175,180,197,186,171,185,150,141,153,123,126,139,142,136,121,130,130,112,125,106,90,96,104,114,108,103,90,94,76,85,76,82,82,84,75,80,79,62,67,63,73,69,64,60,60,53,55,63,62,56,45,58,58,44,49,43,45,41,43,38,48,41,51,38,47,37,37,44,33,35,32,31,36,38,26,31,26,30,36,24,32,32,22,27,31,28,29,20,26,30,28,40,34,26,31,29,24,26,21,24,21,25,22,26,30,18,22,21,30,21,27,23,15,20,18,20,19,14,18,16,21,17,15,16,15,15,17,16,12,25,18,17,19,11,24,10,11,16,21,22,12,9,16,12,11,14,10,4,11,12,10,11,12,11,11,8,9,8,9,11,14,11,4,8,5,9,4,9
35,21,20,34,26,25,37,32,98,421,1274,2447,2773,2609,2350,2079,1902,1664,1606,1442,1339,1064,1048,996,925,798,815,744,658,671,616,601,594,557,511,476,449,452,434,429,423,401,392,370,384,348,367,339,335,344,307,288,308,281,323,301,300,278,264,247,253,241,226,233,224,217,215,223,198,202,203,178,168,181,166,165,178,168,186,155,137,167,156,167,162,139,163,119,129,137,106,140,113,124,137,129,131,122,109,130,117,107,101,89,88,93,93,80,90,96,92,83,78,90,97,78,79,97,75,75,79,87,84,84,73,71,69,73,74,72,63,86,80,56,59,74,59,64,53,57,56,53,62,56,41,51,58,44,62,39,47,66,42,51,48,51,55,29,42,50,44,32,43,25,45,29,51,36,31,53,34,29,35,36,36,33,36,35,33,43,37,33,37,42,33,33,30,28,27,24,30,28,34,32,19,25,36,34,23,25
9,12,22,18,26,24,32,34,90,387,1333,2290,2467,2382,2153,1882,1658,1508,1423,1239,1188,1148,972,938,875,882,796,736,699,659,639,577,579,511,529,516,472,438,457,440,438,387,415,374,334,357,368,347,328,324,291,287,321,304,265,257,257,245,248,233,249,217,212,235,207,208,206,213,196,184,194,176,154,171,172,166,161,151,150,155,141,153,150,129,151,121,121,140,126,118,110,124,110,123,98,106,117,128,107,104,118,93,95,88,88,83,90,81,90,91,89,79,80,73,89,83,87,77,71,75,72,71,82,69,72,65,73,75,67,61,60,61,64,54,60,61,56,70,42,51,47,45,45,50,42,44,60,39,37,35,45,43,38,46,32,44,39,47,51,49,33,36,42,51,48,36,49,45,41,24,40,33,34,28,48,26,38,32,25,26,35,30,35,30,28,36,28,36,34,34,28,27,20,30,25,24,23,28,22,26
16,17,26,15,13,22,21,19,62,214,602,1171,1224,1205,1123,962,877,824,743,739,675,666,591,614,595,547,470,456,416,401,424,401,378,363,379,329,320,312,304,304,301,262,267,248,253,247,250,231,221,238,214,198,193,204,182,199,191,195,187,203,170,159,170,141,147,145,147,130,161,148,128,148,123,125,111,121,108,127,119,126,109,133,112,103,98,115,93,103,97,106,80,96,90,91,95,76,86,93,74,73,74,72,87,78,73,82,56,84,73,85,64,69,68,62,66,78,67,65,54,56,62,50,48,49,50,44,50,48,52,64,58,47,51,51,52,52,50,27,37,42,53,38,43,44,27,41,45,43,30,46,32,48,35,41,31,44,26,35,31,30,33,28,41,30,34,36,35,34,23,32,37,39,24,37,21,30,28,29,29,23,25,31,25,24,23,24,25,31,17,20,21,23,20,19,20,15,19,24,24,21
11,14,12,10,13,10,6,20,33,94,389,662,741,652,643,497,472,461,433,387,360,338,345,337,334,271,289,236,253,220,232,218,205,215,203,199,157,183,176,171,142,152,148,141,148,153,125,131,132,124,114,122,120,115,122,96,104,119,84,99,90,82,87,78,77,77,77,93,79,82,76,75,73,70,68,79,63,64,60,55,58,61,51,61,46,61,51,56,50,62,51,47,56,51,37,34,43,50,55,54,36,45,60,42,39,34,51,39,38,31,49,37,28,28,38,31,38,34,48,28,29,28,25,26,31,27,22,36,28,23,30,24,20,35,23,30,17,27,23,21,19,21,23,24,26,16,15,19,21,22,18,23,22,19,16,27,8,16,14,16,22,14,11,12,15,12,22,16,13,19,14,17,26,14,8,13,19,21,15,12,12,16,15,20,11,15,15,11,14,12,11,17,15,8,10,13,15,10,15,12
22,19,13,21,17,18,11,29,49,165,518,852,874,828,790,696,671,623,562,553,484,497,457,439,446,375,384,330,368,321,333,304,321,284,270,266,245,228,237,240,236,215,223,191,176,204,180,197,179,185,156,170,156,180,120,141,160,136,134,145,137,127,127,118,101,143,121,106,130,116,90,102,109,109,110,103,94,106,93,94,93,96,78,85,72,82,85,90,70,66,67,61,80,56,72,66,87,72,70,69,72,51,56,67,61,63,64,48,51,45,50,58,62,45,67,48,62,36,52,59,50,46,49,41,41,49,63,51,52,43,40,43,45,41,47,42,43,35,41,40,38,39,55,43,42,46,34,44,41,30,44,33,38,33,31,22,27,32,33,23,25,25,27,30,35,25,31,27,35,27,21,34,32,30,22,24,23,23,25,19,25,27,24,33,24,21,21,17,18,25,19,18,19,16,20,20,15,30,29,19
11,15,16,13,9,15,20,14,39,131,424,776,754,696,620,561,470,453,440,409,368,349,324,313,284,300,255,238,222,240,231,254,206,218,168,179,194,184,162,148,148,145,158,158,148,114,128,158,136,144,139,113,121,117,132,107,113,121,122,109,102,88,77,108,86,83,86,90,76,75,66,68,82,73,77,67,68,56,70,56,57,54,64,51,64,70,49,55,51,52,55,38,55,62,52,38,41,60,48,42,45,35,40,43,41,38,43,41,28,43,45,32,37,33,36,37,42,34,33,33,32,44,26,26,26,25,22,35,33,27,31,31,24,34,23,32,39,24,33,17,26,24,29,26,17,24,22,19,21,19,18,19,22,26,13,27,23,23,14,26,22,11,21,14,10,17,20,21,23,22,19,15,28,12,23,17,12,15,9,16,13,20,16,16,18,13,14,18,10,12,7,17,21,19,15,10,12,8,16,15
17,14,19,16,19,21,19,20,79,321,1195,2058,2325,2100,1881,1652,1532,1362,1218,1008,1061,914,793,751,662,629,595,574,517,505,453,462,452,371,382,335,337,337,299,336,327,303,327,311,250,273,271,253,255,257,234,222,224,207,201,212,221,171,181,185,174,190,179,158,178,178,148,141,142,153,159,152,142,129,120,134,95,126,135,118,115,126,115,128,98,113,102,110,87,92,88,102,77,86,87,89,83,94,86,90,76,85,68,77,73,80,78,77,74,83,61,52,81,59,66,56,48,49,52,68,56,55,65,45,55,73,48,46,50,34,34,42,40,44,53,36,44,42,59,33,35,43,40,38,42,39,39,36,41,38,47,55,35,39,38,40,37,34,36,45,30,33,29,30,33,41,35,35,27,26,35,25,15,26,29,21,17,26,31,26,36,23,30,19,28,14,26,28,29,22,18,15,19,16,18,17,15,19,20,16
22,13,18,24,17,20,20,23,64,256,740,1447,1513,1484,1357,1152,1085,1014,1018,900,865,787,702,748,665,635,628,587,537,533,495,464,452,437,431,390,400,352,390,379,315,316,347,305,299,259,271,276,267,249,236,250,237,244,246,251,227,215,220,217,202,213,187,195,171,199,172,202,184,145,161,172,133,152,128,156,134,124,118,123,114,117,119,113,113,98,120,111,127,95,124,97,98,94,89,110,97,90,93,91,100,99,81,88,102,89,81,84,77,79,60,91,79,70,62,58,63,67,59,77,67,75,65,64,52,59,62,63,47,63,49,51,57,55,57,70,61,39,53,53,48,48,35,45,41,44,46,33,41,32,43,38,46,45,43,45,33,34,34,50,44,36,29,27,37,34,30,31,20,33,42,28,28,29,35,32,27,22,21,44,24,24,29,24,26,29,27,24,18,23,24,28,29,24,16,25,15,22,23,13
21,19,15,26,23,23,17,33,68,293,801,1537,1766,1664,1591,1356,1312,1160,964,1002,861,859,762,706,718,672,597,563,532,514,508,497,439,441,434,431,376,393,372,379,339,316,346,316,306,299,285,285,296,285,266,295,241,228,244,252,235,231,202,230,228,198,182,208,204,180,192,181,180,165,158,151,151,148,137,159,136,151,123,147,140,162,131,140,116,109,133,121,105,113,102,118,119,101,108,105,102,117,106,95,97,95,91,74,88,92,102,83,91,86,78,63,77,92,74,71,75,64,70,53,80,63,71,55,58,71,63,74,54,56,50,50,58,49,50,52,50,59,68,48,46,52,53,52,47,52,44,43,37,35,41,48,35,47,46,47,51,40,43,30,42,29,33,38,32,35,35,26,34,32,37,35,30,29,38,25,32,21,27,34,33,27,27,21,22,30,20,30,25,21,33,25,18,26,22,24,23,22,30,27
41,31,29,32,34,31,27,33,100,372,1185,2232,2389,2267,2162,1977,1848,1690,1499,1448,1371,1238,1131,1065,993,957,900,821,792,763,756,665,696,637,658,604,552,571,548,519,513,500,465,463,459,452,411,398,404,413,364,340,364,368,392,338,325,335,300,293,299,319,295,296,278,273,265,259,254,238,249,230,249,210,199,224,215,210,208,205,204,186,180,184,193,191,175,158,155,165,172,161,158,165,148,127,165,155,146,141,154,165,126,124,133,94,144,129,120,132,117,104,102,115,110,102,103,95,93,94,89,105,85,100,94,88,92,95,97,86,93,86,84,81,74,81,82,82,66,92,63,72,74,85,68,70,68,57,58,67,39,55,70,62,44,60,51,50,54,52,51,48,51,54,57,55,57,53,58,42,47,56,63,54,46,45,46,46,49,51,51,46,36,52,50,45,53,39,38,45,38,29,34,28,38,39,34,26,34,32
52,54,59,59,61,59,54,74,234,768,2479,4520,5326,5328,5018,4696,4457,4064,3924,3467,3312,3079,2845,2686,2496,2223,2217,2035,1854,1759,1729,1678,1505,1479,1438,1336,1372,1230,1224,1240,1166,1149,1076,1088,1030,952,963,961,959,875,925,866,870,881,838,815,740,758,785,695,674,707,698,639,651,636,582,632,574,545,543,547,472,503,517,473,479,440,430,465,422,428,452,411,428,387,378,360,364,360,328,354,322,320,355,343,331,336,281,257,297,298,265,295,290,268,222,241,257,267,249,230,233,227,235,214,239,218,217,191,206,227,202,195,196,204,187,185,176,179,192,162,164,165,151,163,124,159,146,144,148,142,154,118,126,136,141,135,132,136,100,117,116,99,133,112,115,113,112,100,92,115,103,102,114,100,96,99,94,92,95,93,100,90,87,100,76,89,74,85,93,71,82,102,89,69,61,69,62,68,79,62,68,64,55,66,51,62,48,44
17,26,21,20,26,21,17,26,75,328,964,1799,1910,1804,1579,1339,1220,1136,1023,951,885,791,807,715,661,595,623,546,549,521,447,429,462,408,368,341,366,357,322,317,301,338,308,272,250,317,256,245,240,248,250,245,231,237,224,236,209,200,191,190,185,194,200,161,183,179,164,141,166,144,160,169,130,143,143,151,147,135,126,142,131,115,117,110,122,119,105,117,118,109,97,107,94,84,115,95,93,97,72,79,96,72,79,87,94,78,68,79,96,64,73,73,72,70,76,56,64,55,56,58,54,67,57,63,57,59,67,61,57,59,55,43,47,54,42,48,51,47,44,58,48,44,37,44,44,43,46,47,45,48,47,45,46,36,37,37,37,32,39,37,43,39,20,33,29,32,31,32,37,31,33,37,33,34,23,36,24,21,33,33,29,21,31,21,30,26,18,27,27,26,29,27,22,21,28,19,25,23,24,15
14,10,15,16,13,11,11,11,29,114,356,579,612,579,514,511,458,385,419,369,345,320,307,312,273,278,252,238,233,231,246,211,205,191,181,182,196,197,170,152,144,140,149,143,146,125,126,141,129,94,121,129,99,119,94,95,96,94,133,101,87,86,89,106,88,89,82,80,70,73,65,77,66,84,75,67,74,67,59,68,59,59,56,83,42,47,46,49,40,46,48,52,51,44,64,52,50,36,47,38,45,51,41,44,41,43,41,44,35,44,51,46,38,34,39,24,25,33,42,47,38,38,29,23,23,32,36,30,36,28,29,36,24,30,28,31,29,22,27,24,29,29,30,30,22,24,26,24,20,26,16,24,23,19,25,24,21,20,23,28,18,25,22,20,14,18,20,23,11,15,18,16,15,20,19,14,21,19,18,15,23,18,17,16,16,13,13,16,22,19,16,15,16,9,8,11,12,13,7,13
18,23,19,22,20,19,20,18,48,177,483,878,960,861,820,738,705,596,557,575,536,505,483,462,415,411,398,352,353,368,336,325,294,281,308,242,267,248,220,241,193,233,250,219,196,199,205,161,195,182,178,158,164,164,166,166,137,160,144,142,142,125,123,142,114,127,116,114,117,110,112,106,109,107,95,100,117,92,113,90,102,106,95,99,88,112,102,82,73,92,83,81,72,68,68,72,73,73,67,74,75,61,60,61,60,64,74,62,51,46,59,52,55,57,60,50,54,69,43,40,52,52,49,43,35,48,30,46,28,35,37,36,41,32,40,37,42,42,30,34,37,38,41,32,25,24,34,25,36,33,32,37,32,42,18,34,35,29,38,22,36,28,31,21,24,21,18,25,25,26,30,27,31,20,26,23,22,32,20,20,17,23,26,16,23,25,20,27,29,18,22,26,18,16,23,11,19,18,25,22
57,49,68,66,64,66,58,88,293,1236,3645,7103,8484,8492,7926,7381,6608,5967,5413,4852,4205,3773,3409,3033,2727,2520,2250,2088,1983,1866,1641,1554,1492,1432,1346,1335,1255,1269,1211,1216,1181,1078,1110,1120,1052,1010,1055,1034,946,960,923,862,843,884,855,832,806,766,747,802,742,679,660,728,719,654,631,623,628,566,606,543,529,509,535,513,469,489,506,469,428,428,422,428,410,415,411,401,354,393,367,366,358,371,379,329,323,292,350,293,312,320,290,269,309,272,288,246,263,252,259,272,276,235,215,231,212,232,206,188,212,203,209,219,173,204,213,171,212,168,173,180,174,159,179,159,171,175,148,151,170,161,132,135,104,147,136,116,132,131,121,124,125,111,122,119,138,128,101,120,108,106,118,118,97,104,117,124,91,106,104,101,116,96,96,108,103,78,98,83,76,91,67,83,94,81,73,83,65,75,58,74,71,59,49,70,55,48,50,53
19,21,9,19,16,18,17,21,58,209,654,1232,1362,1208,1118,959,840,773,740,621,571,558,492,473,419,410,425,360,332,320,291,303,253,246,259,260,257,221,216,220,219,209,176,231,178,180,188,177,180,169,154,156,152,144,151,147,154,113,141,119,130,122,135,117,122,109,111,104,112,94,115,105,102,80,95,99,91,72,85,86,73,90,82,71,77,68,65,65,57,69,61,73,61,76,68,60,53,60,75,68,52,52,56,59,44,70,49,54,52,45,47,60,43,48,40,51,44,52,41,37,42,48,36,43,46,35,32,50,33,47,15,44,43,33,32,39,36,32,35,32,36,32,27,29,23,33,31,39,25,29,27,27,26,27,21,24,25,21,27,26,23,18,22,19,22,27,17,24,25,19,17,15,28,22,21,23,20,17,26,20,13,28,11,15,18,28,16,13,18,22,11,18,13,15,22,11,13,16,19,13
24,10,20,15,23,22,23,18,51,146,463,958,1020,912,906,815,733,710,661,592,585,517,470,474,457,430,403,376,367,333,351,326,307,272,303,288,279,266,208,228,231,246,177,229,241,184,191,209,205,202,170,174,150,189,149,166,160,161,146,156,127,141,134,134,132,140,122,114,128,98,120,104,108,113,84,115,98,108,85,91,103,94,88,91,87,83,79,58,86,70,74,75,69,65,80,70,91,66,57,63,73,80,63,53,64,75,69,53,63,48,61,62,57,54,44,60,58,45,51,43,41,53,56,39,42,26,42,52,43,37,33,41,44,39,37,38,37,42,34,32,40,29,34,36,32,35,36,38,38,39,29,34,33,39,33,21,27,27,25,26,26,28,22,30,29,36,34,25,29,19,24,24,26,19,32,24,13,17,26,22,24,22,21,17,25,14,22,23,14,18,13,22,17,17,13,20,19,14,13,15
10,11,9,15,14,11,13,12,41,148,482,786,913,740,676,650,567,520,506,427,377,386,364,325,291,298,299,279,257,272,234,228,228,224,205,199,178,195,167,178,160,160,177,161,147,163,137,139,131,148,125,109,114,116,102,119,99,110,107,86,123,90,94,98,103,79,83,78,84,77,82,79,78,86,75,69,72,93,65,81,62,66,57,65,53,64,54,47,68,56,59,50,59,57,50,51,54,48,52,42,46,49,44,49,35,48,40,45,39,54,43,44,43,33,41,44,40,37,48,44,38,38,26,42,34,29,39,26,35,25,33,32,24,36,32,29,47,30,17,23,26,23,31,15,18,29,22,23,23,20,16,16,24,21,29,25,30,22,20,25,27,15,18,18,14,17,17,25,22,15,17,11,14,16,14,12,16,19,15,18,17,19,17,16,11,18,11,15,9,14,13,14,8,18,7,17,11,14,16,14
68,91,62,86,86,72,90,129,304,1037,3274,6438,7730,7887,7519,7237,6642,6308,5801,5535,4960,4425,4260,3763,3623,3342,3068,2899,2748,2552,2433,2337,2177,2112,2030,1900,1945,1733,1668,1688,1681,1590,1598,1548,1476,1463,1441,1307,1423,1324,1281,1271,1205,1262,1227,1182,1120,1232,1107,1102,1025,1012,993,994,993,938,903,891,853,863,829,819,758,747,778,747,718,694,712,709,659,622,648,634,641,582,557,578,601,557,526,515,546,558,494,477,479,455,491,489,438,415,434,399,400,395,389,355,366,366,384,346,350,337,310,292,347,309,296,351,334,278,288,307,259,293,255,263,262,273,253,252,257,262,244,192,251,238,245,237,235,226,201,199,204,210,200,201,201,195,207,161,183,177,181,163,166,169,181,176,129,178,158,162,161,145,147,174,144,123,156,130,139,138,134,132,151,116,126,108,131,116,102,140,118,105,102,122,92,101,101,103,98,91,97,70,89,82,77,96
12,17,13,12,9,13,14,18,43,144,530,878,889,867,802,674,642,617,582,530,512,481,488,425,453,411,390,419,370,317,311,325,274,291,310,266,259,258,263,231,236,214,216,190,183,203,188,200,166,171,164,186,156,175,140,157,158,154,157,125,124,157,135,123,108,110,109,110,117,96,102,108,94,93,112,81,96,92,88,86,109,96,77,79,98,72,81,77,80,72,70,74,62,70,71,57,76,69,51,56,50,64,44,40,53,53,56,55,50,53,40,48,54,35,42,50,41,53,51,46,51,35,37,28,38,29,39,36,45,20,34,27,36,38,31,34,35,34,25,29,44,38,31,24,28,27,20,32,33,34,20,31,30,21,28,28,20,26,21,34,23,18,19,17,24,19,24,15,21,17,26,27,31,14,17,21,20,22,27,20,27,22,20,24,15,22,19,15,22,18,22,11,17,13,15,14,18,16,14,11
26,22,18,22,22,30,23,24,65,281,853,1734,1884,1849,1678,1515,1407,1225,1218,1104,1059,961,909,811,839,761,698,625,649,584,568,521,506,552,485,476,461,446,418,402,424,414,403,380,370,343,310,362,282,318,321,284,288,292,284,275,276,278,236,234,268,255,243,223,214,199,216,248,208,218,170,185,168,193,183,171,175,152,156,175,132,155,138,172,133,126,148,149,134,118,124,126,125,110,116,118,124,104,111,105,92,111,101,109,114,93,91,98,101,77,94,87,90,70,69,79,76,85,60,74,76,77,72,76,73,53,62,67,61,55,79,57,72,67,82,53,77,72,41,53,36,45,55,43,50,50,50,45,41,49,59,46,52,52,47,46,51,43,54,35,35,45,43,42,36,31,42,34,21,40,34,31,43,47,33,34,29,33,26,33,33,31,30,33,34,19,25,34,25,27,22,23,30,21,28,25,22,16,21,32
45,56,43,55,55,37,50,74,190,719,2250,4332,5021,4680,4296,4002,3516,3331,3015,2834,2577,2395,2200,2023,1920,1771,1587,1567,1536,1426,1286,1319,1247,1149,1136,990,1066,1004,970,942,936,921,848,843,780,782,772,781,739,673,646,669,664,656,612,594,575,597,571,583,548,572,515,480,438,471,489,502,427,439,391,419,395,384,375,400,378,361,366,353,402,373,345,287,318,321,299,298,274,286,274,291,259,295,248,262,252,238,223,233,241,227,225,222,182,213,170,196,209,215,228,180,207,187,166,177,180,160,182,171,171,139,136,168,138,123,157,144,166,156,145,143,148,134,127,144,141,128,120,117,133,104,116,122,112,109,118,113,92,107,109,105,97,92,88,84,81,88,100,100,94,83,98,95,90,95,108,94,76,75,90,75,67,67,68,79,82,59,72,70,71,56,73,67,65,74,51,53,58,62,61,59,39,63,60,68,50,34,44,48
20,25,17,19,20,23,22,40,105,427,1277,2508,2608,2493,2148,2020,1765,1587,1398,1297,1208,1052,1008,908,844,824,765,726,656,622,563,566,546,512,460,485,464,398,375,422,373,401,361,383,362,332,341,311,306,286,324,300,283,263,248,265,275,249,241,240,264,251,206,219,221,179,225,199,204,175,175,161,154,171,167,162,148,152,171,162,138,162,131,131,147,141,126,128,128,120,101,123,121,143,116,114,93,104,97,92,102,100,101,116,73,94,83,85,89,88,94,83,82,88,81,82,76,70,82,69,74,64,75,70,66,75,62,63,51,72,52,68,54,56,49,62,53,57,47,63,57,52,52,50,49,59,39,54,50,50,48,53,45,39,48,45,51,41,40,43,41,46,40,45,30,38,43,41,35,40,36,41,33,38,26,27,29,24,29,39,30,27,34,27,25,23,35,20,37,27,18,35,29,26,27,29,23,27,27,26
22,27,24,25,26,29,37,47,150,536,1782,3434,4257,3917,3671,3236,2855,2553,2347,2127,1827,1676,1550,1314,1198,1135,1074,1007,856,824,839,756,722,698,665,643,576,591,632,602,534,515,505,469,484,457,508,462,446,444,411,387,398,358,355,330,345,324,329,325,307,301,298,295,294,295,291,297,247,246,235,245,223,234,249,217,200,220,224,208,189,184,228,207,197,171,186,157,182,169,154,148,154,151,134,150,159,158,142,130,131,131,152,132,132,140,134,119,110,128,101,102,119,94,108,90,114,89,87,100,85,108,94,103,76,89,99,89,88,74,88,80,75,75,64,70,95,71,67,60,79,81,67,67,68,72,70,61,71,79,66,54,48,54,64,47,52,46,55,51,50,56,61,48,42,52,56,49,30,47,51,67,49,47,46,42,42,39,30,39,52,45,36,40,40,44,35,46,41,32,35,37,30,37,27,33,22,25,24,28
23,19,25,23,27,26,25,26,69,238,746,1469,1614,1505,1387,1272,1129,1037,1006,926,859,796,754,677,623,654,605,565,482,502,514,484,468,420,427,392,425,364,372,346,377,310,342,319,300,285,318,252,279,234,263,254,261,243,247,210,217,210,226,192,188,201,192,194,204,187,165,160,154,175,157,148,138,152,153,149,142,138,150,116,142,139,121,86,124,108,118,121,130,107,126,96,124,92,100,91,113,86,91,95,78,95,78,101,100,69,70,74,75,70,87,79,67,80,59,67,66,69,72,64,67,70,66,71,57,65,75,53,68,54,61,68,54,57,53,46,41,44,58,51,54,45,45,50,49,42,38,39,41,43,32,43,45,45,50,51,44,41,37,43,42,37,35,38,32,35,34,33,28,34,32,33,31,28,33,37,36,27,30,19,22,25,27,20,32,25,31,30,31,24,24,28,25,26,20,24,30,25,15,16
11,9,12,15,15,15,21,19,42,100,348,661,743,629,608,576,511,506,422,400,407,396,358,343,321,316,299,266,251,254,234,226,250,242,206,224,197,189,182,178,171,171,185,165,170,152,144,112,125,136,128,135,125,115,107,119,101,107,108,109,107,106,97,100,117,73,98,88,80,98,84,79,86,74,77,79,74,69,87,55,76,62,70,59,76,71,62,67,68,44,47,60,56,46,46,58,50,41,48,46,61,44,45,49,50,60,31,35,36,47,38,33,40,32,38,34,32,38,43,39,34,38,35,36,29,26,35,34,27,27,30,29,36,35,20,25,21,28,15,29,31,33,29,23,21,31,26,26,22,29,27,17,24,28,20,29,22,20,20,23,16,24,15,11,18,18,21,24,20,18,23,21,21,22,20,19,16,10,16,14,18,19,11,15,19,20,18,17,18,15,12,10,13,13,15,18,17,10,11,9
67,69,67,70,72,84,70,95,194,726,1995,4341,5763,6118,5921,5746,5540,5162,4701,4422,4055,3538,3208,2913,2533,2341,2157,2027,1860,1674,1579,1510,1422,1427,1370,1308,1229,1201,1145,1148,1144,1165,1119,1103,1071,1020,1044,1102,1008,1026,1075,1047,989,994,938,923,838,900,883,809,862,859,844,793,785,756,788,761,685,652,644,663,638,605,626,592,642,584,545,547,509,517,520,516,508,488,475,440,426,423,420,410,391,425,414,442,417,386,375,385,352,351,365,375,304,287,323,275,309,314,308,285,279,281,303,268,274,265,275,266,250,274,266,287,248,236,269,233,252,263,239,234,208,229,206,210,221,207,190,167,193,172,177,197,173,161,193,164,178,181,161,158,160,165,132,139,158,142,124,159,134,137,146,133,136,135,136,126,136,110,118,121,142,132,114,121,122,113,100,122,99,111,110,112,79,105,108,107,93,98,95,81,61,92,66,57,71,64,67,64
58,55,46,57,57,59,54,84,244,901,2858,5160,6023,5764,5453,4936,4498,4106,3766,3472,3244,2945,2706,2446,2370,2000,1982,1772,1752,1587,1473,1431,1363,1283,1351,1248,1200,1104,1128,1127,1098,1066,1030,978,946,883,895,881,861,827,860,779,779,766,775,756,758,713,708,643,703,616,670,585,614,509,572,547,551,513,507,503,470,493,485,469,465,427,425,388,406,429,373,372,374,334,373,332,334,325,367,305,348,320,330,289,313,304,313,286,296,257,253,271,256,275,235,231,234,240,230,197,221,236,209,210,224,201,209,211,211,179,191,182,172,174,181,163,180,183,179,179,162,187,145,157,157,143,159,146,122,136,152,110,151,130,138,146,149,116,131,121,114,102,115,125,104,113,100,92,109,116,105,100,116,102,99,107,91,108,97,84,87,83,76,79,85,79,82,80,83,87,76,76,91,90,73,79,60,72,63,78,59,73,55,58,55,66,50,50
21,11,12,13,13,11,10,21,58,176,626,1083,1248,1073,969,870,710,686,604,580,484,502,471,440,387,372,322,313,312,295,297,271,226,257,234,233,211,207,206,204,215,197,183,195,164,200,162,166,168,152,138,140,132,130,126,111,128,124,112,125,105,108,120,113,94,114,92,84,83,86,104,89,91,77,86,67,75,82,71,63,67,80,73,81,72,63,67,66,63,71,66,43,50,52,41,58,64,44,58,49,68,56,54,52,44,50,47,47,32,44,35,52,39,37,33,40,38,47,44,29,31,28,41,33,43,36,31,29,44,28,28,43,25,23,29,35,26,26,26,26,30,21,21,28,17,37,27,28,19,26,26,28,27,25,24,26,28,30,19,18,17,32,15,20,19,26,19,18,21,22,20,28,26,17,17,14,18,13,10,13,18,17,15,21,21,20,17,20,20,12,15,14,9,11,17,15,13,11,14,22
26,27,16,17,20,14,28,22,91,405,1194,2093,2348,2131,1898,1726,1545,1387,1252,1165,1106,965,957,938,771,772,735,708,644,566,614,556,523,539,523,440,456,422,423,427,424,438,394,339,380,324,326,352,311,310,315,309,296,276,283,289,283,257,247,216,261,251,210,212,217,221,210,187,201,205,185,197,186,156,163,196,153,166,159,149,143,144,133,147,128,131,138,127,123,139,122,110,134,137,106,123,113,105,110,103,114,91,97,110,82,97,81,99,89,78,86,82,86,79,81,86,87,75,72,64,65,76,70,74,83,47,59,69,76,51,54,64,64,67,50,52,51,51,52,47,48,56,52,64,53,51,40,40,63,40,49,53,37,45,36,47,34,42,48,37,47,40,39,46,38,25,41,39,41,35,51,37,30,36,28,31,34,32,32,37,36,36,33,26,27,36,30,30,23,36,35,31,17,28,22,26,26,36,33,25
18,23,15,16,9,21,17,20,65,204,762,1399,1434,1386,1164,1100,920,890,812,745,699,652,606,583,519,476,453,436,407,408,352,351,331,303,302,275,280,267,255,250,231,220,257,190,189,173,190,187,191,193,154,176,175,145,152,153,143,158,145,125,125,152,138,101,106,101,100,99,106,85,107,92,88,85,92,84,89,92,77,66,86,87,82,91,75,69,71,73,58,64,64,55,75,55,78,86,44,55,75,54,56,54,54,64,45,59,49,62,52,52,53,55,57,57,51,50,51,60,36,42,40,46,50,47,44,38,40,39,40,39,39,47,32,35,34,36,38,33,38,26,32,43,31,33,37,31,32,23,29,23,27,28,32,33,31,28,30,18,26,19,24,27,20,26,24,18,19,30,28,24,27,24,34,29,25,14,21,27,33,19,29,22,25,22,14,14,14,18,14,12,23,15,26,9,20,19,20,25,13,19
9,13,10,8,10,10,13,20,45,142,354,663,665,602,574,571,527,520,467,411,417,362,341,341,329,338,289,290,279,295,245,265,225,232,177,191,226,206,228,188,164,146,160,153,181,158,150,169,146,139,137,147,110,140,119,103,113,132,102,115,112,115,95,97,109,99,87,77,96,66,105,80,90,91,68,69,65,74,46,88,54,65,77,55,66,85,58,64,61,69,52,60,65,50,53,65,52,57,58,53,45,47,44,50,39,57,40,33,44,34,45,25,37,41,39,38,37,41,36,40,42,40,47,40,34,24,38,37,30,30,31,30,29,27,36,24,24,19,39,29,23,34,33,18,27,38,17,27,28,17,16,27,32,22,26,23,32,31,23,17,27,18,24,27,8,19,20,24,14,15,29,21,21,16,13,24,24,12,14,16,19,21,12,15,17,22,12,15,21,11,11,11,19,20,22,19,10,15,17,10
12,11,8,7,11,13,8,13,30,118,351,591,665,620,500,468,470,411,405,363,359,347,294,294,289,282,249,256,230,212,197,215,194,158,177,194,171,143,154,156,164,148,165,146,149,135,116,113,120,114,119,111,133,113,105,101,103,97,106,120,85,98,96,70,77,81,83,81,104,67,68,66,73,76,77,71,72,62,55,60,67,58,44,58,48,61,63,53,62,64,60,51,51,60,44,47,43,44,44,44,52,52,39,47,45,36,35,35,38,39,50,48,44,34,35,34,36,38,42,29,42,32,29,35,33,29,28,30,38,37,31,27,28,32,25,18,25,22,27,24,31,23,35,23,21,26,22,34,23,23,29,29,18,21,20,30,22,27,18,25,33,26,22,15,18,12,13,16,16,19,15,8,13,22,18,24,14,14,16,21,10,13,20,17,6,12,12,18,12,13,15,21,15,11,17,23,15,9,14,13
5,9,16,12,12,9,10,15,33,119,387,664,731,678,635,554,511,489,482,417,408,392,372,322,336,300,312,266,232,243,254,250,214,188,199,201,175,179,193,167,161,185,162,143,150,143,146,121,140,127,125,121,105,129,107,125,105,97,120,76,102,101,84,79,98,76,116,101,100,82,75,83,70,76,67,73,74,60,75,81,56,77,82,56,60,57,54,53,55,54,72,44,51,54,38,54,54,50,48,43,57,53,54,52,53,47,41,44,46,38,51,52,27,42,41,47,34,33,23,51,31,44,43,28,22,23,29,37,30,32,25,21,30,26,31,33,19,27,24,25,20,29,27,22,22,34,25,23,26,19,24,19,25,25,33,30,16,20,24,23,23,27,27,21,20,21,16,17,20,17,18,9,17,12,9,18,18,11,12,18,19,17,11,11,10,15,18,16,9,9,12,14,12,10,14,10,15,23,15,9
26,31,33,21,15,30,28,39,75,315,849,1726,1955,1853,1750,1592,1427,1338,1277,1151,1124,1060,955,967,852,843,738,711,714,655,667,606,600,556,518,517,485,477,503,448,432,408,417,408,374,395,388,353,368,331,353,343,343,291,326,327,309,272,280,254,274,273,287,234,229,255,212,237,232,225,196,222,222,204,174,189,196,184,157,179,185,176,152,170,151,148,133,159,127,137,138,122,161,138,133,139,127,117,137,110,104,122,117,113,118,108,101,109,98,87,109,94,106,92,96,73,94,87,73,79,81,79,102,76,83,78,73,77,80,77,77,60,74,67,78,75,72,53,62,68,54,69,64,55,68,59,69,49,64,50,53,51,69,45,47,47,56,55,49,35,54,37,42,52,55,43,51,48,42,40,42,44,34,44,36,50,32,42,47,34,38,36,26,30,31,44,33,24,37,30,29,19,32,53,34,27,34,38,39,34
37,34,27,36,40,38,43,64,257,1018,3258,6732,8242,7817,7184,6497,5838,5265,4488,4120,3620,3333,2899,2565,2329,2056,1953,1765,1623,1547,1403,1297,1305,1219,1142,1170,1123,1020,988,963,979,977,904,876,832,851,796,761,753,770,751,704,727,641,693,711,674,568,596,606,556,568,533,501,521,511,496,441,443,475,422,410,406,390,376,394,386,365,353,376,351,337,326,302,358,289,308,317,314,285,254,270,261,270,219,242,248,256,229,212,213,210,250,223,206,217,188,189,183,161,198,174,179,147,193,161,139,134,150,178,156,153,176,148,146,131,120,137,143,140,135,124,127,129,132,131,100,95,101,116,118,119,108,107,111,97,94,82,69,85,101,80,91,76,85,89,87,103,92,86,84,100,87,76,67,72,83,62,74,75,57,74,63,52,61,70,59,58,45,51,79,64,52,57,51,60,58,33,61,52,43,58,49,49,44,42,47,42,38,51
70,67,60,60,63,72,83,76,273,920,2996,5919,6991,7119,6607,6140,5653,5334,4957,4473,4173,3828,3494,3279,3019,2724,2543,2446,2318,2124,2050,1932,1832,1762,1654,1671,1592,1480,1472,1463,1444,1414,1327,1243,1213,1209,1199,1153,1121,1129,1093,1067,1048,988,999,994,977,913,865,922,851,853,828,769,748,749,751,750,682,688,646,644,657,601,610,615,575,561,533,562,526,513,478,482,476,454,524,456,404,439,432,438,387,447,425,366,399,415,347,334,349,326,352,342,323,340,278,309,288,283,292,297,273,298,299,266,268,249,228,240,252,235,238,246,227,239,202,223,202,181,187,224,189,161,190,191,174,235,183,162,188,170,175,151,161,146,147,170,138,126,156,141,134,120,150,139,145,133,124,138,128,131,142,120,114,129,112,115,125,107,90,106,109,113,103,119,91,106,97,101,86,95,93,110,85,92,81,81,90,80,75,81,73,74,65,62,51,70,68,65
10,8,7,7,8,7,13,11,33,106,351,679,721,649,613,552,537,473,404,389,360,406,349,308,275,232,224,226,203,220,210,178,194,163,162,152,134,120,115,118,123,122,113,95,115,94,101,112,91,101,102,86,99,93,81,80,85,76,83,81,88,76,55,67,59,63,67,45,62,49,46,55,51,55,65,57,52,57,51,38,47,41,46,49,39,48,38,38,46,39,44,45,24,31,34,41,30,31,37,41,34,30,34,23,26,24,27,29,45,27,24,32,42,28,25,27,28,26,33,35,30,35,24,23,23,24,21,27,24,32,32,13,22,25,22,22,20,14,23,17,20,19,20,16,26,24,14,17,13,18,27,19,16,14,18,16,17,18,17,22,19,19,14,21,20,21,17,12,16,15,18,16,10,20,13,15,16,10,16,15,15,16,9,8,14,14,7,8,13,12,10,12,18,15,7,8,14,10,7,10
17,20,12,17,17,17,18,29,83,312,1013,1881,2085,1940,1708,1513,1270,1153,1130,911,919,808,781,681,664,576,598,504,521,466,402,428,416,392,364,349,347,350,317,301,295,322,280,284,259,253,210,263,245,229,216,237,202,227,182,189,185,193,184,172,165,156,146,162,169,148,149,135,135,162,144,138,110,119,150,135,114,125,103,121,122,110,94,117,99,98,99,116,87,99,78,91,90,89,73,83,66,67,85,82,73,61,85,71,70,72,69,70,58,64,84,60,63,65,50,48,62,43,50,39,57,45,37,49,43,44,50,41,52,46,41,40,54,46,37,42,43,45,26,38,34,42,48,53,36,42,32,47,36,31,37,41,37,30,41,30,42,35,29,32,23,23,31,23,20,19,25,25,22,24,37,24,26,28,37,28,27,28,18,17,27,24,29,14,34,18,23,21,22,28,25,14,23,18,21,22,19,24,15,18
18,16,18,13,16,16,9,16,44,116,422,760,929,825,720,636,639,552,507,450,490,438,408,349,377,342,311,332,312,291,296,274,253,280,212,226,210,232,196,214,170,199,190,160,180,177,184,150,167,164,131,142,157,146,160,125,130,136,124,111,111,123,106,105,127,97,114,101,100,100,102,95,82,75,91,69,73,92,75,74,83,65,92,83,71,64,76,57,74,74,65,58,53,60,58,61,63,52,50,62,48,64,61,39,67,43,56,47,47,43,49,34,44,44,39,46,45,45,39,39,42,46,46,40,35,51,34,32,30,23,35,43,28,41,23,23,36,36,31,29,30,22,35,31,34,18,36,29,26,20,37,23,29,21,15,21,27,29,24,24,28,23,24,28,22,17,27,27,19,24,27,17,18,23,19,26,22,16,17,16,17,14,17,21,21,26,22,23,16,15,8,19,20,28,9,16,20,14,19,14
19,10,7,10,13,16,11,12,32,131,469,940,1080,955,831,726,687,604,501,511,461,455,382,363,369,346,319,280,269,293,258,268,242,218,245,248,209,182,183,175,173,172,168,156,179,132,169,148,125,126,141,139,118,111,117,133,138,118,136,120,104,131,109,103,88,87,84,75,91,76,87,63,94,74,73,63,57,83,82,68,67,67,70,65,68,60,49,63,71,73,58,63,56,59,59,47,40,46,54,47,35,50,33,41,40,44,42,40,36,54,45,35,40,38,29,39,34,32,40,29,35,32,29,36,33,25,34,25,28,34,32,37,34,30,21,25,22,32,30,28,15,15,28,25,29,26,28,30,16,22,16,23,27,22,17,20,19,19,19,17,19,12,14,14,22,13,17,19,12,17,18,18,22,14,19,17,17,20,11,19,17,14,17,13,14,21,13,12,12,11,12,19,13,16,13,9,8,17,12,13
69,57,44,61,80,66,68,96,268,1119,3710,7558,9353,9303,8912,8074,7243,6587,6068,5336,4774,4209,3742,3204,2990,2699,2383,2248,2051,1930,1778,1725,1602,1596,1489,1437,1419,1392,1289,1202,1194,1203,1121,1175,1187,1074,1070,1123,1092,988,945,972,995,985,956,855,871,830,867,839,778,809,739,712,676,704,658,718,626,623,577,646,576,600,564,522,594,532,500,515,476,471,456,441,455,411,454,450,431,414,403,397,406,393,400,373,316,347,357,346,331,346,323,330,317,331,292,292,274,281,251,268,241,252,250,256,241,252,248,246,238,237,207,213,224,181,215,206,208,215,196,217,195,190,178,155,189,183,174,178,171,148,169,156,167,155,169,136,171,141,159,160,126,130,120,158,139,115,139,125,121,134,125,128,112,109,107,119,103,111,118,104,102,113,111,113,110,121,84,100,89,109,85,77,95,93,65,86,89,85,88,79,72,81,55,61,48,51,68,53
65,80,81,77,76,54,41,76,171,638,2029,3605,4087,3804,3615,3215,3094,3000,2797,2624,2440,2357,2238,2076,1920,1825,1692,1677,1553,1443,1379,1342,1225,1191,1143,1150,1121,1081,1135,980,949,926,899,907,879,821,798,791,829,740,730,718,701,729,708,669,709,675,615,614,545,571,625,586,511,537,513,500,482,471,487,469,456,422,433,429,432,387,370,417,396,372,376,319,338,303,343,323,343,356,341,279,319,329,304,291,285,292,286,273,284,248,241,267,274,226,250,224,205,241,203,198,212,200,205,214,189,199,184,224,193,182,189,171,180,208,163,184,161,186,169,150,179,153,156,159,157,154,157,139,157,136,151,141,130,127,130,109,133,127,130,126,115,138,132,123,128,126,116,111,121,126,101,102,93,99,123,97,111,84,114,111,99,107,109,82,85,84,92,88,86,73,97,68,84,78,75,79,74,71,76,67,63,73,76,70,73,58,61,62
12,10,10,16,12,13,13,18,62,215,659,1172,1324,1222,1036,973,868,756,642,631,524,489,449,468,396,413,364,363,321,280,281,298,300,226,233,229,230,234,197,196,173,192,180,165,195,139,156,171,155,150,138,136,137,144,120,119,132,133,118,101,106,117,101,107,105,105,110,99,84,69,81,83,96,80,79,86,68,100,80,76,71,75,83,58,69,59,46,75,65,56,62,50,70,50,61,43,48,44,74,50,35,45,50,39,50,42,37,60,40,43,51,46,40,39,34,41,30,35,28,44,38,28,35,45,38,35,22,24,37,32,29,27,27,39,24,24,30,33,30,29,31,34,26,27,22,21,29,22,23,24,29,26,25,22,20,23,24,24,22,24,23,21,22,15,20,19,18,10,19,18,12,20,17,13,17,12,14,17,16,24,15,9,14,16,7,17,15,19,12,15,12,11,10,8,14,12,12,12,17,13
14,19,18,12,15,18,16,15,48,165,483,777,830,782,711,692,632,535,559,497,458,455,443,387,383,357,317,339,288,268,265,292,289,292,227,258,202,218,233,206,183,194,172,196,172,179,190,157,167,134,158,163,158,151,139,154,140,139,134,131,138,123,101,107,112,97,118,89,101,107,94,108,104,82,96,86,90,86,87,72,90,88,91,75,74,72,85,70,69,79,53,70,67,65,51,63,61,59,83,74,52,56,57,49,68,57,54,54,60,61,55,38,51,46,41,38,42,38,50,43,49,50,41,36,38,40,39,33,37,45,31,50,36,28,32,45,30,41,40,32,44,31,32,33,39,43,38,27,27,23,39,30,29,20,35,29,27,19,31,27,27,28,22,14,26,26,20,27,30,18,28,21,22,17,29,21,12,11,24,23,19,11,23,21,16,20,21,9,23,20,21,19,18,26,25,12,25,18,23,21
24,26,10,16,17,20,20,27,75,296,921,1809,2108,1999,1790,1540,1425,1326,1156,1107,979,938,848,786,754,717,632,604,573,561,525,498,466,450,481,383,417,390,367,364,323,316,311,308,294,301,261,269,251,266,224,232,246,246,243,224,237,203,192,226,192,214,189,187,188,170,178,154,174,156,145,159,153,154,129,144,132,117,124,131,121,114,123,120,109,97,110,110,82,87,90,94,106,71,86,82,89,76,95,72,91,72,79,62,78,61,68,69,65,56,70,56,66,74,69,65,61,46,64,53,60,49,60,56,52,53,51,41,48,61,43,58,38,42,37,44,46,32,35,33,42,34,32,40,21,40,40,31,24,33,39,41,37,24,38,45,21,39,34,26,26,22,42,31,20,34,35,35,30,19,23,28,26,30,28,30,34,24,25,17,25,23,20,18,20,28,19,28,15,23,30,19,22,15,25,13,18,11,26,11
31,30,29,49,31,43,35,65,187,738,2467,4584,5535,5394,4932,4505,4015,3574,3131,2794,2474,2279,2002,1766,1582,1431,1288,1193,1082,1068,1012,946,831,850,786,783,723,716,734,693,712,682,653,600,596,618,560,552,548,514,531,543,497,482,459,472,467,481,416,447,415,383,372,406,376,383,336,366,338,353,328,303,301,285,271,258,274,263,290,226,235,264,255,244,219,207,229,229,194,231,225,197,220,201,192,174,175,177,194,147,165,158,162,161,144,148,149,171,149,144,137,135,138,130,134,140,112,120,109,129,131,104,127,110,125,109,94,107,91,117,99,102,113,100,87,103,75,77,94,85,81,79,102,73,69,71,52,88,69,70,75,79,65,75,67,84,73,65,69,64,72,63,63,63,69,58,65,50,57,51,57,45,52,56,62,59,63,51,50,50,52,39,55,38,39,40,37,41,47,44,50,43,32,42,32,27,31,29,20,27
63,56,49,45,69,59,77,109,317,1043,3545,6783,8230,8284,7789,7022,6420,5933,5387,4854,4259,3895,3396,3049,2829,2420,2246,2169,1970,1883,1733,1585,1592,1454,1363,1392,1406,1292,1245,1194,1180,1171,1097,1141,1023,1100,1004,971,1041,992,978,952,937,907,934,850,831,815,787,732,750,764,678,688,651,660,643,603,632,581,612,585,607,547,516,499,511,493,483,472,493,476,436,475,429,419,426,400,421,377,388,387,389,366,337,367,341,343,331,303,318,312,328,325,273,284,263,241,292,277,254,253,260,263,238,245,217,197,233,241,209,213,198,194,184,202,213,179,208,205,194,217,197,195,171,163,163,184,173,149,150,157,160,155,148,162,152,165,143,130,161,134,134,133,137,135,151,131,137,138,118,127,132,127,108,108,108,105,113,99,89,115,100,106,110,89,93,120,86,81,70,81,103,94,94,85,86,80,76,87,84,69,74,59,64,68,58,64,64,63
15,13,14,22,17,14,14,13,52,152,458,847,897,793,751,670,680,508,542,505,466,448,386,405,363,325,310,282,307,285,266,255,254,227,247,216,224,225,192,214,170,202,198,197,153,178,174,160,149,169,148,142,150,164,132,122,112,132,137,117,115,110,116,123,114,99,96,101,91,88,107,85,70,83,79,85,81,82,88,66,67,65,58,70,76,64,57,69,70,61,77,67,56,67,52,53,62,55,62,60,40,56,52,60,51,49,67,62,46,54,53,48,47,48,47,39,49,42,48,45,53,55,41,39,38,42,26,43,33,49,41,45,32,31,36,33,42,39,25,42,24,22,32,28,25,34,35,17,28,29,32,30,28,26,17,28,25,23,12,26,26,30,22,24,24,23,30,23,25,20,24,20,26,24,27,26,22,13,26,19,22,25,19,22,19,25,18,12,13,18,12,16,11,19,16,18,8,16,19,17
10,13,12,11,14,8,14,12,63,226,659,1238,1437,1271,1079,995,886,822,730,675,585,593,554,519,469,436,434,420,370,338,296,293,284,321,298,257,234,247,276,235,235,231,243,182,205,189,210,210,211,163,174,152,169,154,143,137,160,137,155,147,137,117,114,130,130,126,109,86,94,119,116,117,101,99,83,97,102,92,81,102,76,98,82,91,81,82,86,75,82,73,88,74,63,48,64,62,60,75,51,71,57,45,58,61,52,62,61,54,48,56,44,45,61,51,36,58,35,43,46,35,41,36,52,42,42,53,25,31,38,42,30,42,45,36,50,41,24,41,30,38,31,39,31,35,32,36,24,23,26,29,38,17,32,26,25,20,26,23,25,29,27,17,25,21,26,19,24,16,28,21,24,16,27,15,19,22,17,16,18,22,18,33,20,13,21,10,22,25,25,17,20,17,19,14,16,13,15,24,15,12
24,29,32,36,25,24,38,32,65,202,639,1150,1209,1127,1050,962,918,843,850,742,691,694,658,579,538,550,536,501,432,498,443,429,384,378,387,362,336,321,316,310,299,310,286,278,271,277,260,270,258,210,202,222,225,207,211,195,204,197,200,193,166,172,179,170,165,144,147,164,152,158,155,153,128,161,110,150,119,137,108,111,109,122,106,107,92,115,114,89,97,99,104,94,96,110,100,85,88,90,95,87,68,90,77,80,91,83,92,82,75,81,65,75,68,79,62,61,57,70,59,71,72,70,78,54,57,70,66,57,53,60,47,61,60,60,53,60,52,44,46,51,49,44,47,45,56,55,43,43,45,43,54,45,42,41,50,38,40,46,42,43,45,35,41,36,39,41,33,28,26,43,40,33,26,30,32,33,32,23,46,27,36,27,28,34,37,27,25,29,27,32,37,27,41,25,29,37,23,33,33,24
21,21,32,37,29,29,20,27,68,225,765,1392,1496,1403,1250,1146,1081,998,893,865,855,828,782,714,717,670,641,576,573,528,540,478,488,487,440,413,459,368,387,373,400,358,356,356,294,361,311,288,278,263,268,252,236,263,270,237,231,247,230,246,227,212,228,230,193,199,177,224,194,170,186,172,178,160,139,141,146,169,130,154,144,138,123,147,138,133,120,121,114,138,130,104,108,113,107,140,105,108,114,88,93,95,86,110,106,90,70,86,77,96,80,81,91,83,85,93,83,78,68,72,77,68,62,66,68,71,60,53,75,72,66,64,73,58,59,73,61,64,46,58,54,49,41,47,43,45,34,51,43,40,44,52,51,54,53,48,42,43,51,56,39,51,50,51,40,43,48,33,37,41,34,39,52,40,37,40,40,48,30,29,35,31,38,38,43,41,37,30,29,30,38,34,22,24,28,37,28,28,24,27
19,22,18,18,23,9,23,17,82,303,963,1780,1988,1929,1662,1453,1378,1166,1079,998,885,860,801,767,742,636,606,615,543,528,516,471,458,454,444,433,385,401,370,367,351,370,328,325,300,304,276,293,280,260,281,290,247,247,237,246,207,210,221,199,208,202,184,183,193,182,193,161,156,169,170,161,141,170,165,144,159,126,128,104,140,130,117,116,114,111,119,127,112,105,117,107,81,102,108,107,88,79,84,109,95,96,74,92,70,84,68,74,75,72,78,65,60,66,64,53,64,83,68,64,57,65,65,53,63,61,72,47,52,44,45,41,51,51,43,47,43,50,36,55,38,41,46,44,46,31,39,36,44,35,43,37,42,45,37,37,34,30,32,29,37,44,44,26,36,43,30,30,36,24,19,18,30,29,29,27,36,27,25,16,34,28,21,31,24,22,18,12,22,18,24,23,17,22,28,20,13,16,15,12
10,13,6,10,5,8,7,18,35,124,399,748,879,750,704,608,557,493,437,443,378,368,325,318,272,291,245,210,218,212,182,191,183,187,166,153,172,161,137,156,134,123,137,147,118,123,120,113,116,118,109,108,107,79,101,81,94,90,109,97,88,83,76,72,71,80,69,78,57,54,67,74,49,59,58,51,59,60,55,54,62,63,60,54,43,60,55,50,52,44,46,36,36,53,46,43,51,48,36,51,31,42,32,38,29,50,32,39,36,33,26,35,24,29,26,41,24,34,36,27,19,21,19,38,32,28,30,34,30,24,20,31,18,21,15,22,22,18,17,26,25,23,10,20,22,22,23,21,17,22,24,20,23,21,25,26,14,16,19,21,20,20,15,10,23,17,12,13,17,11,13,10,17,9,8,7,12,16,17,13,8,8,17,11,16,11,13,3,19,6,21,9,19,9,9,9,6,11,8,9
37,39,52,46,43,43,48,76,188,739,2353,4272,4782,4641,4251,3964,3580,3411,3165,2950,2666,2551,2317,2181,2131,2003,1827,1660,1543,1525,1457,1372,1317,1252,1180,1208,1117,1082,1071,1025,987,920,965,945,850,848,831,862,794,768,806,763,686,650,716,698,649,653,614,608,606,633,553,556,493,517,494,513,487,452,441,456,387,448,420,386,351,372,381,369,388,380,323,325,335,333,335,326,310,308,307,262,265,326,283,260,281,247,219,245,257,239,196,220,226,219,202,209,205,203,184,214,190,176,183,197,205,180,158,173,180,140,141,159,139,154,165,146,134,158,138,133,130,156,151,147,138,122,118,124,117,133,111,129,107,111,111,96,110,123,84,96,97,94,88,108,96,85,79,86,97,85,93,81,102,83,69,77,73,66,68,76,86,78,74,51,67,81,60,75,77,62,71,61,73,58,57,69,57,62,61,58,61,63,57,43,47,44,48,45
49,39,44,39,43,40,61,80,271,877,2813,5662,6960,7267,6965,6427,5909,5506,5085,4489,3990,3257,2932,2625,2332,2109,1942,1677,1552,1432,1417,1288,1184,1147,1084,1116,1065,986,990,995,944,942,921,931,808,839,953,857,817,850,812,815,775,760,767,741,737,707,755,658,657,642,659,623,603,567,527,560,493,509,520,492,460,442,446,432,431,438,431,414,414,426,368,371,421,382,357,354,317,344,333,316,335,293,306,284,315,278,263,297,281,255,266,264,214,227,249,233,222,246,205,209,188,245,199,206,191,202,177,184,201,183,200,194,178,174,152,171,135,177,172,124,148,149,155,147,141,135,157,138,147,134,102,112,117,124,128,135,114,111,122,102,113,116,91,81,108,96,105,86,99,101,98,98,103,103,82,86,72,83,87,85,101,75,80,90,93,76,77,89,77,69,77,70,72,71,54,76,76,49,67,59,59,48,52,39,53,36,53,42
22,16,24,22,16,19,19,27,71,228,758,1409,1574,1536,1354,1231,1142,1030,984,840,860,788,777,716,686,662,649,589,538,521,528,458,460,443,422,374,380,363,389,379,327,318,302,297,305,320,285,263,280,272,236,203,230,251,230,265,218,217,186,184,216,186,190,219,195,170,187,179,159,165,179,166,144,158,125,120,131,123,122,126,141,147,133,126,118,104,103,122,111,129,95,97,97,91,105,93,92,75,103,88,90,60,76,74,79,67,93,85,74,83,99,75,64,81,76,69,72,59,69,52,56,71,59,64,59,55,47,47,66,50,59,45,56,46,40,59,48,46,43,54,47,51,50,47,44,48,50,36,38,34,46,39,37,28,32,40,32,25,38,35,35,38,34,35,33,41,24,26,36,21,20,22,33,31,35,28,22,25,27,37,26,22,34,25,29,24,25,27,22,28,25,19,35,17,23,21,21,30,25,26
41,38,47,49,52,51,47,57,156,519,1622,2936,3288,3079,3000,2731,2416,2264,2209,2061,1803,1781,1667,1568,1450,1347,1312,1289,1180,1115,1020,1045,1036,1012,894,879,865,847,763,793,759,752,707,709,641,642,660,620,657,582,574,573,553,526,530,545,486,452,452,479,457,493,445,410,469,425,370,364,415,402,389,374,377,337,324,362,356,344,304,348,318,307,308,287,296,271,280,265,249,242,246,215,238,259,221,213,212,224,190,196,231,207,181,194,181,189,187,178,183,165,172,178,175,155,154,158,156,144,123,144,163,153,159,155,140,137,121,135,110,129,107,134,122,108,127,119,102,108,118,123,80,108,111,95,101,101,106,96,103,90,96,92,76,83,84,72,82,93,80,94,70,80,63,73,78,65,84,74,83,56,78,82,69,72,79,54,73,69,79,56,63,63,67,59,70,57,69,62,63,60,57,43,52,53,65,38,37,51,42,46
56,44,42,34,42,43,62,60,203,703,2375,4534,5408,5346,4880,4488,4051,3726,3486,3160,2849,2653,2330,2213,2019,1731,1654,1603,1504,1423,1332,1211,1138,1166,1018,1073,1023,1012,951,912,874,822,816,850,785,805,731,745,738,672,681,709,690,614,606,596,584,567,570,574,486,516,576,509,476,449,487,460,446,407,394,435,433,367,374,372,373,338,368,350,347,311,296,338,296,291,321,277,300,271,259,319,283,258,253,264,234,258,234,229,234,220,209,212,189,197,203,198,188,206,184,191,215,150,196,161,146,181,140,165,145,146,163,160,163,128,139,139,158,131,153,124,133,140,130,115,107,139,127,127,121,96,110,100,100,106,102,102,106,104,108,75,94,72,112,86,85,104,76,81,93,78,87,71,83,85,78,81,74,99,53,91,81,77,87,47,75,75,66,63,60,64,58,60,70,59,64,63,54,52,58,54,57,56,46,53,35,50,36,41
16,15,12,14,17,10,13,11,39,156,481,847,841,812,742,660,584,501,467,438,410,372,380,366,304,290,297,252,243,243,245,205,219,209,178,181,161,166,171,158,190,148,124,154,139,157,153,135,123,117,135,116,103,114,100,114,109,116,88,80,95,87,93,74,85,70,83,77,81,86,88,63,70,62,65,86,61,65,66,73,63,69,46,74,60,54,67,58,50,50,51,52,55,68,39,56,46,49,43,44,44,54,50,40,52,38,45,28,35,47,35,50,38,40,36,37,44,36,37,35,35,33,37,32,29,35,22,36,34,34,38,31,29,25,27,38,29,28,23,17,29,37,36,23,27,22,23,26,19,24,20,21,25,16,30,17,22,22,19,12,11,25,24,16,20,20,14,16,19,27,18,10,19,14,21,20,15,10,11,24,20,15,22,20,16,17,22,13,12,17,17,9,11,15,14,14,8,18,11,9
9,9,10,9,6,14,12,16,32,116,301,588,616,573,512,419,416,384,328,310,334,311,275,289,252,239,240,202,182,220,178,163,164,166,148,175,147,134,172,150,133,151,93,136,120,125,92,122,103,116,101,112,85,107,98,97,87,93,80,97,79,85,79,70,70,74,77,65,59,74,77,72,51,71,53,59,68,56,43,56,53,42,58,59,42,41,45,58,45,56,44,52,47,48,46,44,40,45,47,19,34,33,41,32,35,26,29,34,34,40,38,39,35,36,26,17,31,32,24,36,29,26,32,26,23,18,29,35,24,32,28,21,31,17,17,27,25,19,22,29,26,21,16,18,22,25,17,19,16,18,22,24,27,19,25,21,10,16,20,18,13,17,14,13,16,13,15,16,10,14,13,17,12,15,13,19,15,17,13,12,13,14,16,13,13,9,12,14,7,12,19,10,14,8,5,13,8,6,11,8
17,15,18,9,21,18,17,18,58,234,791,1564,1749,1650,1397,1262,1085,956,829,720,720,667,581,555,519,493,459,410,390,373,351,327,322,297,270,277,235,255,235,216,225,241,241,214,230,204,194,193,206,166,171,155,172,155,149,147,160,167,130,151,127,143,157,128,96,126,139,108,111,122,103,96,123,106,108,87,98,95,84,75,91,93,88,84,76,82,81,75,75,82,85,68,72,73,64,58,75,63,73,61,64,59,54,69,53,50,59,46,48,48,64,46,68,47,53,56,43,57,46,41,48,39,59,54,35,54,46,39,25,41,44,41,47,46,42,43,28,39,39,26,40,32,47,27,40,27,34,27,36,36,27,31,27,27,20,32,23,18,26,21,31,31,21,28,29,21,23,20,24,24,23,26,26,21,24,25,19,31,23,21,26,17,17,15,16,12,13,23,18,13,22,22,22,18,15,11,12,11,12,25
22,36,40,36,22,29,21,40,89,315,1069,2181,2694,2386,2246,2089,2016,1824,1680,1479,1363,1372,1180,1122,1051,1004,913,842,796,735,689,690,650,629,625,569,577,599,532,524,516,514,463,471,417,484,438,465,431,423,388,386,366,393,355,358,324,299,321,337,318,275,289,274,262,283,269,239,233,222,260,230,250,240,249,223,227,187,191,192,190,227,183,206,171,183,162,186,170,169,166,176,156,151,144,146,134,140,127,136,132,156,117,132,116,137,115,126,116,121,133,114,127,107,114,102,107,98,95,109,91,92,87,94,83,73,83,82,77,87,70,87,81,77,77,78,78,78,67,85,62,64,75,60,59,79,76,54,60,45,64,56,54,67,55,55,56,49,55,48,51,61,45,42,48,47,52,40,37,44,53,48,51,38,49,35,34,37,38,38,42,36,29,35,38,36,34,47,48,43,30,26,29,33,32,28,39,36,30,18
14,22,24,20,15,20,21,23,56,172,558,954,1032,1002,937,825,714,712,653,614,616,549,494,502,433,412,419,387,448,381,373,316,353,341,308,285,304,273,283,252,248,272,241,232,229,214,214,201,210,187,186,176,194,162,162,180,163,156,158,149,156,144,136,121,153,120,129,138,127,120,126,117,110,125,107,118,122,87,96,109,99,92,83,85,89,88,99,82,90,87,77,80,78,81,92,57,84,69,66,60,69,65,66,67,70,80,59,67,64,75,40,64,61,58,48,61,58,49,56,56,55,47,49,32,44,50,56,47,42,46,44,42,54,43,45,37,42,50,35,41,44,32,34,42,42,28,40,41,35,35,48,30,40,39,35,20,21,26,25,25,31,26,25,28,28,28,28,34,25,35,32,28,35,23,36,16,21,23,22,25,21,26,20,31,16,23,26,23,19,17,29,30,22,16,16,15,23,19,22,15
30,48,42,39,37,46,47,55,219,713,2206,3945,4686,4565,4243,3937,3591,3331,3045,2914,2625,2445,2321,2110,2010,1801,1688,1635,1566,1418,1390,1296,1252,1174,1126,1133,1127,1011,981,1005,953,910,829,940,868,827,830,804,751,729,725,670,664,661,686,644,619,591,620,576,625,586,555,501,504,515,474,485,472,470,437,416,465,434,400,430,391,379,388,360,380,349,385,353,333,335,312,324,300,284,292,298,274,286,250,250,272,286,245,248,239,214,213,231,213,194,212,229,229,187,202,219,198,199,187,165,174,183,166,171,171,157,162,160,177,155,156,134,153,138,147,162,126,147,158,138,123,135,137,122,124,115,112,115,117,95,110,108,109,107,130,116,87,111,85,102,89,114,101,106,96,102,92,68,69,80,78,72,85,71,80,81,65,70,60,71,68,61,67,73,59,63,62,86,65,59,59,60,50,69,55,63,58,47,59,49,54,41,51,43
16,17,15,14,19,12,13,16,55,162,429,757,832,774,729,645,560,542,565,474,453,435,396,365,343,336,328,321,257,287,278,280,279,215,251,210,201,206,192,190,210,178,176,161,157,168,163,166,146,148,150,157,136,138,137,123,135,129,123,129,110,115,110,107,96,112,121,118,90,105,111,73,76,75,107,82,79,63,83,84,79,85,63,66,62,77,60,74,53,55,73,56,57,55,68,62,59,58,73,54,58,57,45,39,53,56,68,56,44,43,46,49,39,55,35,49,48,43,39,41,24,36,45,38,35,31,45,34,28,27,39,32,28,42,37,32,35,30,25,21,27,34,38,30,30,31,18,27,35,27,26,38,29,20,25,25,33,28,20,24,27,24,23,23,16,14,19,19,19,17,20,24,23,11,15,15,19,17,21,14,26,15,21,20,19,20,15,13,22,13,17,11,22,16,10,20,21,14,17,12
