79,56,60,58,44,54,63,69,164,507,1678,3057,3493,3362,3019,2924,2735,2500,2431,2215,2116,2052,1816,1751,1747,1595,1447,1450,1338,1319,1241,1149,1125,1071,1024,1010,965,927,926,918,896,904,784,780,823,787,769,716,713,767,713.1,689,679,616,602,626,616.1,573,563,557,533,497,514,545,509,482,469,460,427,448,427.1,413,419,403,392,418,375,401,358,362,346,351,351.1,352,309,350,325,323,310,324,262,289,276,262.1,276.1,304,275,276.2,231,245,248,249,254,250,238,227,223,236,222,216,190,213,196,215,203,206,204,202,176,171,178,192,201,180,164.1,159,181,140,137,148,174,171.1,164.2,157,120,148.1,120.1,123,139,138,155,137.1,124,128,123.1,120.2,103,107,115,124.1,120.3,108,127,119,127.1,125,98,110,87,111,108.1,94,81,106,104,98.1,97,106.1,85,85.1,89,71,82,92,96,66,75,97.1,79.1,88,77,87.1,59,79.2,72,92.1,82.1,76,74,83,56.1,73,58.1,68,71.1,57,67,49,47,58.2
44,51,54,46,59,46,45,43,100,362,1157,2196,2436,2331,2153,1992,1833,1768,1685,1568,1450,1395,1342,1273,1147,1200,1017,1023,999,964,919,878,853,784,788,805,827,760,720,702,725,619,646,623,612,575,564,514,526,509,545,508,505,495,482,443,518,446,421,432,405,437,400,420,393,379,398,373,369,375,350,309,324,355,309,324,272,313,303,317,246,305,252,269,266,235,284,246,248,231,262,224,237,253,211,247,181,197,225,214,210,208,228,216,180,199,176,205,179,150,165,152,167,149,143,164,161,176,149,158,140,121,125,153,142,146,146,123,133,138,112,123,132,110,121,141,111,110,98,101,110,99,111,112,103,114,99,100,90,96,101,92,90,84,89,81,103,88,90,79,75,75,73,83,88,62,74,76,92,92,90,67,67,73,57,88,71,62,75,74,56,64,74,67,61,61,48,45,57,58,66,59,55,58,56,44,57,45,60,46
40,27,26,28,28,26,28,33,66,197,527,943,1056,1048,928,856,818,791,697,691,646,626,637,611,603,623,534,529,513,489,451,445,429,407,422,431,432,378,372,400,372,365,347,312,334,332,343,302,286,274,312,309,251,263,256,280,255,255,259,235,230,231,247,230,218,222,193,188,190,207,235,191,207,191,165,167,170,156,185,154,151,156,149,162,152,152,133,125,139,130,134,140,138,119,138,127,127,145,116,102,108,121,106,126,111,114,118,100,110,104,91,95,115,91,112,93,93,94,88,98,108,94,75,102,83,79,98,89,77,72,74,86,82,57,77,69,68,77,67,65,74,61,53,76,63,55,59,54,47,62,59,69,56,60,50,67,50,50,68,43,43,47,39,46,50,50,62,45,48,40,50,45,45,33,48,49,50,34,39,42,38,29,42,41,48,27,49,54,29,42,27,30,37,33,29,34,34,31,35,39
44,46,50,42,43,49,45,52,74,292,867,1547,1669,1555,1486,1343,1342,1207,1201,1130,1117,1000,1023,970,931,894,869,846,806,758,676,688,679,712,641,611,643,623,540,558,528,520,510,506,504,476,480,494,485,446,443,440,419,414,415,378,396,362,364,377,379,327,355,352,315,299,313,302,309,288,327,291,276,280,276,258,275,250,254,274,218,242,262,241,246,223,224,228,238,223,211,194,185,194,223,190,213,187,175,197,179,148,168,167,179,185,184,166,143,154,151,137,139,154,148,146,155,130,149,120,133,138,99,116,128,137,117,117,102,131,117,109,97,134,111,111,113,117,95,82,77,105,88,107,101,90,97,73,77,84,90,87,63,76,76,78,65,85,66,97,73,72,79,86,65,85,53,71,68,49,54,61,78,63,74,56,64,52,55,67,59,73,51,53,36,63,65,57,52,55,48,57,56,56,48,50,43,43,40,41
54,40,44,32,51,50,43,62,98,310,955,1667,1882,1798,1671,1609,1493,1478,1338,1324,1200,1174,1095,1049,1052,960,933,904,866,769,809,748,790,680,696,687,671,629,622,569,601,563,585,526,525,523,541,496,459,482,472,415,464,420,434,458,403,392,365,382,405,363,392,336,352,364,349,346,344,321,289,309,279,296,278,278,266,284,282,266,266,254,237,233,233,235,223,243,217,229,208,210,226,218,192,188,212,183,209,178,179,178,190,190,177,160,152,190,150,144,156,142,149,156,145,142,131,165,145,134,134,145,126,142,135,123,126,106,139,123,131,129,106,118,117,118,110,112,109,113,109,102,102,100,107,96,81,81,84,86,79,101,84,85,97,90,81,96,78,80,75,74,74,69,73,53,71,79,77,68,84,66,57,73,68,50,58,58,72,62,63,63,55,61,46,68,48,59,53,50,53,50,50,51,48,48,43,58,50,58
56,72,55,59,68,45,58,65,130,503,1546,2622,3175,3012,2707,2577,2405,2241,2121,1972,1828,1759,1706,1615,1519,1422,1382,1286,1250,1176,1186,1075,1050,1009,997,965,972,915,895,850,868,809,815,748,726,707,752,733,652,667,673,637,643,592,594,566,540,540,551,513,513,524,468,457,466,453,454,456,467,403,423,405,416,376,402,367,349,336,353,374,333,338,323,324,324,344,314,287,314,307,319,303,290,292,274,273,254,233,227,255,266,242,218,218,248,229,215,219,223,243,198,202,176,196,217,198,194,192,190,184,200,184,178,185,167,174,157,187,148,121,140,164,150,153,155,140,128,143,133,141,117,138,154,130,116,109,131,125,130,116,114,122,118,87,115,104,103,122,126,95,104,98,119,97,96,96,95,91,91,99,81,88,80,90,86,83,81,90,84,82,68,78,73,80,75,73,97,69,87,68,68,69,68,58,73,68,61,73,59,59
42,49,58,50,38,53,50,66,107,354,1086,2132,2385,2349,2224,2066,1867,1747,1644,1704,1584,1540,1380,1274,1223,1165,1156,1069,1113,1057,1002,959,938,901,812,827,758,772,770,738,711,669,675,649,638,627,630,586,570,551,556,508,512,511,529,495,486,459,433,471,451,416,408,426,398,427,402,377,420,375,381,363,361,314,336,279,310,323,326,289,307,280,300,310,272,263,257,285,254,265,266,271,274,228,253,230,237,241,217,213,199,198,210,196,183,230,202,172,190,169,167,156,180,164,177,166,199,159,165,159,156,168,146,148,168,180,144,128,136,139,118,132,117,121,139,120,110,127,106,136,114,126,100,108,98,97,104,93,95,94,105,97,101,79,103,108,96,87,84,79,78,86,82,89,85,72,94,58,76,75,70,76,74,56,72,77,83,75,57,80,60,54,59,68,67,68,62,61,66,59,56,67,58,56,53,50,55,59,62,55
43,46,41,43,46,45,39,55,84,299,802,1586,1546,1551,1372,1316,1222,1213,1203,1115,1109,1039,960,928,865,884,827,799,756,749,742,665,643,612,611,610,589,578,580,567,522,515,515,507,503,439,471,449,427,439,441,403,413,385,381,380,378,366,381,337,343,342,323,327,277,328,309,289,297,312,245,267,261,296,273,260,242,239,227,252,234,249,210,210,248,210,217,207,190,171,191,223,178,210,185,186,198,178,169,183,158,175,167,169,122,167,148,131,147,147,125,133,151,114,120,130,149,117,134,131,140,125,131,115,133,126,99,106,98,94,118,122,85,107,109,85,111,126,116,87,91,122,102,83,90,89,100,79,78,91,82,80,73,76,88,81,77,75,75,72,66,67,64,76,70,69,77,78,70,82,78,73,56,38,65,48,44,62,58,59,62,63,73,55,48,54,50,51,52,54,35,60,55,37,42,57,44,47,45,42
52,59,55,48,45,60,47,66,101,329,1062,1833,2129,1934,1761,1772,1615,1502,1427,1387,1343,1333,1197,1148,1177,1056,1042,957,908,904,812,846,848,824,771,717,752,754,717,635,673,574,642,598,637,556,579,576,527,510,527,483,488,491,459,435,449,418,403,413,412,425,387,432,394,351,376,396,331,339,350,311,345,309,329,301,264,293,336,250,267,288,276,263,284,255,276,261,231,268,222,228,239,224,220,216,212,206,208,191,193,194,191,178,184,182,197,165,164,177,182,168,159,173,149,140,145,155,153,155,145,142,132,139,159,131,160,116,114,135,129,132,137,118,124,119,115,117,106,100,105,96,104,116,105,104,79,106,106,114,101,96,97,99,96,86,95,89,81,98,86,70,81,82,68,80,72,72,87,83,80,75,71,81,62,74,83,64,77,74,72,74,62,55,66,72,72,70,67,63,51,63,49,45,59,51,47,48,55,40
49,47,48,47,54,43,52,72,102,384,1111,2192,2389,2249,2095,2038,1817,1683,1622,1549,1455,1392,1279,1254,1163,1119,1003,1021,988,999,892,838,774,803,779,745,762,693,670,662,666,657,634,617,604,561,561,584,568,555,484,507,501,465,447,468,466,415,452,434,404,400,397,377,407,378,340,329,341,351,338,321,299,308,317,333,272,295,266,303,287,294,263,278,275,272,256,242,264,215,213,232,230,259,208,232,183,213,207,178,206,189,200,214,177,202,195,203,196,173,177,179,202,173,163,165,151,176,148,133,131,147,134,135,145,145,142,140,126,131,133,132,123,108,111,103,116,97,100,111,112,112,109,123,107,92,104,88,83,101,85,102,80,81,103,94,72,86,117,80,91,67,98,92,76,76,89,81,76,72,81,82,66,62,67,70,82,52,69,73,89,68,72,70,60,61,64,70,64,57,51,51,47,39,52,47,53,52,44,64
38,31,34,47,30,42,46,51,94,327,1136,1955,2135,1912,1918,1687,1580,1514,1385,1357,1277,1252,1173,1010,1077,953,919,863,916,844,788,785,735,780,728,674,645,643,671,608,612,572,527,571,549,542,532,500,499,489,485,443,471,437,471,411,425,406,362,393,391,355,370,349,365,387,357,337,310,284,274,294,297,298,292,281,298,256,287,246,282,244,270,231,232,252,211,240,225,214,210,233,175,184,191,205,204,196,195,165,164,174,171,188,182,171,174,189,164,181,138,112,150,147,126,167,145,148,153,122,123,132,134,138,115,110,110,135,121,118,115,113,119,121,104,99,115,84,94,79,112,95,89,109,96,76,90,90,86,99,73,79,102,104,95,90,78,80,88,91,78,71,85,72,63,77,75,60,72,72,61,59,65,58,81,73,65,77,60,61,70,72,71,56,53,57,60,49,55,57,55,49,65,46,49,49,58,43,56,50
38,55,58,57,37,63,44,54,120,371,1309,2261,2584,2389,2247,2132,1911,1860,1741,1637,1558,1481,1342,1290,1208,1142,1081,1083,1010,974,961,901,837,861,825,846,787,688,696,699,670,635,634,642,635,594,608,587,601,603,510,531,550,496,512,473,505,460,476,456,422,447,386,407,392,409,404,381,307,385,314,342,317,307,308,295,292,319,260,320,274,284,291,288,298,277,249,239,254,243,252,246,242,245,215,237,206,201,223,215,211,198,192,199,175,171,200,192,217,215,183,184,159,173,169,176,166,158,161,136,137,125,156,150,139,163,150,132,118,106,125,151,129,139,124,132,118,126,117,113,100,143,108,121,108,119,96,123,94,100,110,85,102,95,89,94,89,79,74,70,71,86,80,75,81,85,79,101,71,68,81,66,70,75,76,79,79,73,67,62,68,68,64,62,63,76,71,61,65,68,59,54,59,58,59,60,55,33,52,55
55,41,46,42,45,40,46,41,96,237,748,1376,1424,1372,1317,1208,1261,1125,1072,995,979,920,938,899,824,867,824,732,694,708,664,710,651,632,641,612,576,524,549,545,538,524,478,503,468,455,462,434,419,408,436,400,390,392,405,385,390,373,361,352,361,299,312,325,314,315,303,293,280,266,298,291,265,232,281,247,241,234,240,244,227,207,194,222,224,206,204,216,216,198,202,187,191,170,198,206,177,157,172,163,171,174,164,170,176,153,162,146,165,146,127,146,145,155,148,111,114,136,125,125,107,135,137,137,144,128,115,116,123,104,113,136,102,109,101,104,106,104,98,92,103,102,103,101,86,78,85,86,88,76,91,81,77,76,60,74,79,71,92,79,71,85,64,66,67,68,76,72,74,70,74,64,73,69,63,55,69,58,62,58,59,48,58,51,69,50,51,60,54,54,65,38,50,44,52,50,47,44,46,36
44,63,50,49,51,37,39,46,96,263,779,1308,1428,1355,1335,1311,1162,1123,1023,1015,1035,985,933,886,888,796,775,731,719,724,699,677,628,658,604,591,554,586,536,541,539,506,519,470,507,465,448,472,444,465,419,384,420,367,413,361,350,381,377,330,336,327,297,310,346,338,294,309,282,300,286,265,295,282,267,252,247,242,247,252,233,247,207,223,235,194,216,190,219,197,190,218,177,205,205,202,182,208,189,157,176,163,156,137,146,178,147,138,145,140,176,148,138,129,140,127,144,120,128,109,150,143,114,110,122,113,117,89,110,117,100,116,100,126,113,118,91,81,108,95,80,98,93,88,102,93,92,74,93,91,78,90,83,70,80,72,96,68,56,78,67,89,77,73,66,71,62,78,66,70,66,54,56,60,71,56,58,52,54,68,67,65,48,49,59,66,54,47,54,53,61,44,43,43,44,39,39,43,52,40
50,40,46,49,42,43,48,47,90,265,802,1449,1518,1469,1321,1300,1264,1151,1157,989,1028,1004,984,893,900,834,828,765,798,773,729,690,651,680,632,530,545,552,609,518,515,562,500,483,498,447,512,461,422,427,428,419,423,417,366,368,368,366,373,337,324,377,337,331,336,279,302,312,292,307,268,273,273,285,258,240,271,268,220,243,245,234,264,207,217,220,211,204,216,215,202,181,199,201,197,194,193,176,161,183,202,166,194,191,155,177,152,161,162,136,138,137,148,153,139,113,133,132,139,129,120,135,115,125,121,123,131,111,102,108,115,107,124,116,116,99,112,112,104,106,99,80,87,80,93,90,86,83,96,87,82,97,90,77,79,78,78,90,81,69,72,78,63,66,75,67,83,61,75,57,74,61,70,64,63,56,73,64,64,51,57,53,51,58,51,46,57,43,56,48,45,51,61,51,43,45,38,40,55,39
53,61,67,59,63,52,61,63,162,467,1491,2708,2985,2875,2678,2486,2297,2104,1986,1948,1868,1770,1648,1556,1507,1453,1294,1298,1256,1199,1101,1070,1057,994,985,990,929,919,872,874,826,781,805,813,764,743,685,692,676,689,643,640,662,620,583,578,571,557,552,565,553,512,525,563,500,478,462,477,480,403,439,426,381,392,386,405,408,348,375,352,316,344,363,296,325,334,366,303,323,322,315,293,271,306,258,244,255,265,278,248,258,243,256,253,217,219,222,222,246,245,203,228,204,219,204,207,174,177,170,207,182,195,186,171,157,166,158,195,167,173,157,165,175,142,157,153,137,135,143,123,118,115,149,121,145,146,110,127,114,119,112,122,135,132,116,126,124,102,95,107,98,87,88,112,96,89,110,92,120,105,98,92,97,70,100,67,81,93,76,75,78,81,80,77,82,85,68,77,80,85,65,67,57,76,65,62,59,59,73,73
50,35,38,46,43,55,42,55,89,286,770,1375,1534,1436,1399,1354,1192,1162,1135,1123,1065,969,951,937,879,800,831,756,702,715,705,693,624,631,599,601,556,592,607,556,550,540,485,520,474,469,449,449,406,458,396,437,401,382,364,402,364,365,398,338,333,339,314,330,311,315,312,332,250,284,267,250,264,264,278,267,291,283,258,223,226,239,251,217,218,222,196,226,224,219,209,165,181,197,186,185,179,192,201,179,191,147,147,201,150,182,138,150,151,129,146,148,124,111,126,156,132,148,122,129,128,108,114,108,145,116,111,124,122,118,113,103,94,130,120,98,101,113,107,77,98,96,82,100,96,100,89,81,81,81,87,91,77,69,75,61,91,86,79,81,84,82,60,82,67,89,63,73,67,70,76,66,55,72,60,73,58,63,69,66,59,46,47,44,60,63,64,45,58,52,60,51,50,52,52,63,49,48,47,48
63,43,51,47,43,48,62,60,81,249,814,1399,1568,1470,1367,1242,1207,1149,1142,1084,1011,981,964,938,929,851,829,825,778,721,707,711,664,613,638,598,619,609,559,519,531,501,496,523,539,446,474,458,437,432,439,401,392,380,406,379,352,394,376,397,361,357,333,311,317,321,316,252,323,282,263,284,275,246,265,257,218,254,243,215,241,231,220,215,265,207,246,184,212,194,194,185,174,170,206,175,207,190,195,165,160,170,191,166,156,124,165,161,149,157,135,141,160,163,141,144,122,150,124,132,130,116,136,124,124,131,127,109,111,131,118,103,115,114,85,116,102,113,98,101,95,114,82,97,85,103,81,82,91,75,93,74,90,61,84,86,78,82,77,78,70,85,82,78,85,64,83,72,78,84,56,72,74,72,75,63,55,63,63,62,50,34,74,53,51,71,54,45,51,57,50,61,52,43,54,47,54,48,53,40
52,45,37,46,41,43,50,49,98,283,768,1407,1492,1442,1392,1254,1252,1152,1114,1018,1019,972,990,903,867,890,812,764,749,686,710,700,677,643,628,590,607,572,544,544,521,558,520,513,469,523,479,494,463,437,463,447,436,399,378,375,364,355,357,351,344,393,324,314,332,309,305,301,305,282,273,287,290,288,285,267,246,259,226,237,239,244,228,208,240,194,213,184,209,197,195,201,205,189,193,145,181,191,201,179,187,188,152,190,169,160,185,162,148,137,131,157,119,154,137,136,119,129,127,131,118,112,132,124,127,113,121,116,103,116,124,109,118,117,126,94,102,118,94,111,87,94,90,99,118,95,88,95,92,84,91,102,88,74,105,76,88,86,82,84,88,67,68,84,55,70,79,82,58,57,68,63,70,78,70,51,50,57,57,65,48,58,68,55,55,55,48,53,55,63,46,57,52,47,47,46,45,54,55,43
53,55,64,45,56,57,46,53,95,294,857,1576,1771,1526,1439,1390,1368,1287,1132,1153,1113,1056,1069,972,984,962,872,885,842,819,786,774,734,727,733,669,634,674,603,598,592,588,553,559,539,553,506,482,543,462,474,467,490,439,466,434,396,391,412,374,408,374,354,350,354,366,349,335,321,325,322,286,288,286,296,276,267,254,257,273,244,268,222,244,269,267,248,221,209,202,241,236,220,217,200,215,199,196,193,209,174,189,195,187,165,172,182,168,177,165,168,137,168,150,160,160,146,163,151,132,141,139,141,158,131,114,141,108,120,134,129,131,135,119,116,134,112,115,108,117,103,108,89,94,100,86,92,94,103,103,125,79,81,92,91,90,101,78,91,92,80,88,85,87,78,82,102,87,77,84,85,68,76,69,64,73,85,69,60,85,62,60,68,69,70,60,71,65,73,54,61,59,62,53,50,56,46,63,54,55
53,57,60,35,42,36,47,45,100,261,773,1346,1507,1427,1352,1293,1183,1214,1159,1047,1047,960,962,910,951,873,812,826,721,726,716,731,669,622,605,619,625,550,567,564,566,493,502,507,498,484,497,416,445,431,415,428,380,397,395,399,401,415,322,393,355,348,335,330,314,306,327,296,265,298,283,291,268,285,274,268,246,272,257,230,246,237,230,255,222,235,221,236,247,221,206,190,202,199,189,185,168,172,198,168,152,157,184,170,198,145,154,155,153,148,140,148,142,174,137,139,133,134,154,140,116,129,142,112,118,99,110,112,104,120,106,99,89,109,93,106,109,96,97,97,93,119,95,108,95,92,95,84,91,69,73,82,94,82,98,74,75,91,86,88,86,79,83,72,64,78,67,79,56,63,62,62,60,71,52,73,78,69,52,48,63,52,70,49,65,59,51,49,59,53,56,62,48,42,57,43,45,62,45,49
39,48,51,53,46,33,58,56,88,262,793,1389,1578,1470,1322,1303,1227,1154,1138,1077,1051,994,969,965,887,811,850,804,765,727,731,686,713,622,634,622,620,594,568,551,505,509,501,497,511,479,427,480,476,436,421,451,374,425,390,399,379,386,361,339,325,366,335,315,306,296,298,286,288,283,304,272,255,285,290,253,234,273,225,272,229,225,230,224,220,222,234,233,208,180,215,195,190,213,191,179,199,185,177,203,168,174,166,154,186,163,161,165,139,152,147,148,130,128,139,119,156,145,121,119,146,130,111,136,115,110,100,109,100,113,109,98,103,99,118,120,100,101,90,101,92,86,89,87,77,80,111,95,94,90,95,76,80,90,71,71,84,66,91,77,57,75,78,63,74,73,71,62,57,63,61,71,55,60,73,65,78,73,63,63,55,53,52,60,59,75,51,57,50,56,48,64,45,63,44,43,53,49,43,41
37,44,39,57,46,44,45,49,83,286,829,1371,1540,1481,1402,1268,1212,1177,1117,1090,1044,1062,968,954,907,836,805,781,772,709,765,685,679,663,629,659,593,597,569,584,556,524,507,518,464,511,450,442,479,472,470,457,392,401,404,373,381,346,375,358,367,347,355,376,320,318,348,309,303,319,306,282,244,291,270,263,265,239,254,248,259,227,234,205,236,212,205,227,216,198,211,199,215,171,212,165,196,168,182,187,163,174,143,172,158,155,169,165,164,134,144,152,126,172,145,145,153,114,128,149,121,130,127,110,126,124,144,120,109,134,93,114,108,98,89,93,98,111,106,125,110,92,106,99,94,71,83,96,87,79,87,78,89,75,77,101,85,76,69,73,76,81,60,62,83,63,62,61,79,61,72,62,71,67,67,67,65,59,66,47,73,78,68,43,75,52,62,63,59,60,59,54,65,60,38,55,57,40,44,39
44,44,54,45,45,43,39,50,97,289,765,1406,1492,1507,1370,1294,1262,1183,1160,1062,1014,1046,925,966,833,842,827,818,773,753,716,695,662,647,612,632,607,595,555,514,542,505,535,501,452,463,462,463,461,419,414,440,405,427,394,382,380,340,338,402,378,344,327,330,331,318,313,313,345,278,281,281,264,261,306,260,257,254,263,227,239,239,229,249,221,225,216,240,184,217,176,212,179,181,213,212,202,183,161,194,164,180,187,166,176,156,137,151,155,135,171,136,162,151,148,115,131,128,128,139,135,114,126,121,119,107,100,108,128,110,95,130,109,129,109,112,114,107,111,110,93,91,89,88,76,93,86,72,91,95,93,77,81,85,72,93,69,77,69,87,59,80,76,97,75,76,69,80,59,66,62,72,72,55,72,67,50,60,57,64,68,71,59,49,63,54,46,54,36,52,50,57,60,59,49,51,40,51,42,48
60,63,49,60,45,70,58,79,125,469,1469,2478,2788,2654,2495,2384,2254,2011,2009,1813,1717,1794,1594,1506,1443,1417,1338,1290,1196,1184,1111,1032,1057,1038,987,932,955,890,867,857,798,842,800,785,765,750,729,678,695,681,627,611,621,636,606,559,582,519,548,548,511,464,485,473,455,477,479,438,458,433,419,390,412,423,387,399,386,374,343,349,302,388,375,330,328,321,308,330,331,294,296,298,302,266,303,273,253,272,246,242,269,265,257,243,242,242,239,225,214,187,197,189,184,203,211,194,205,206,194,172,198,217,178,180,171,149,146,169,157,152,157,152,155,125,145,137,158,140,133,123,129,133,147,135,135,131,122,123,116,116,120,119,128,112,119,118,93,114,90,105,109,99,89,112,106,100,105,104,90,104,95,104,77,87,92,87,88,70,91,87,95,82,91,75,65,71,67,83,73,76,73,63,75,69,65,68,55,69,55,53
56,62,59,61,47,62,58,55,175,470,1578,2927,3261,3154,3037,2845,2762,2420,2289,2282,2084,1921,1894,1807,1700,1648,1593,1465,1396,1368,1243,1262,1175,1161,1095,1045,980,997,930,938,881,891,870,877,804,787,759,777,759,739,728,694,639,662,671,620,672,617,626,573,562,528,510,531,537,498,469,528,448,483,463,450,409,423,401,366,365,385,358,360,362,348,339,330,371,338,344,310,319,290,302,296,262,276,308,278,279,255,280,250,269,262,253,239,247,244,269,218,228,210,223,203,198,228,190,205,182,218,165,195,176,185,193,172,188,160,152,174,184,167,169,159,158,161,113,160,127,163,152,125,136,136,128,139,128,117,121,138,122,115,137,117,122,111,122,113,116,118,94,100,127,108,100,106,96,92,84,94,100,87,89,89,84,87,97,74,80,85,80,79,79,72,55,75,71,68,62,72,74,75,67,61,68,63,61,68,52,48,58,60
48,50,48,41,39,41,42,53,89,254,840,1430,1561,1482,1332,1274,1208,1241,1120,1044,1056,1009,960,934,854,868,829,801,720,754,682,700,634,650,648,617,629,574,559,543,528,510,531,470,498,485,516,486,433,392,489,400,429,402,358,383,380,388,350,365,350,350,336,348,320,307,314,272,264,273,266,269,299,264,290,268,278,251,264,259,239,256,229,239,235,239,216,205,237,191,225,201,190,202,206,209,199,169,161,175,168,169,174,167,169,164,142,169,140,144,156,157,138,138,155,125,139,128,129,138,136,118,125,120,108,119,107,128,109,123,118,104,110,97,120,91,89,100,98,99,121,86,97,94,94,118,105,93,86,85,88,82,96,81,89,82,80,68,80,70,74,71,71,71,53,71,65,66,64,63,76,77,55,71,64,58,59,49,61,70,65,58,60,35,55,46,67,44,57,60,51,57,56,50,51,54,45,40,50,34
50,58,57,45,48,49,39,47,98,278,790,1434,1538,1499,1317,1255,1272,1173,1092,1094,1003,1025,969,949,884,809,856,832,736,743,704,690,678,651,634,630,584,587,556,546,520,504,509,494,478,470,486,471,447,459,464,415,390,436,362,376,383,384,354,403,346,349,372,312,318,358,288,305,287,267,265,302,286,290,266,266,264,274,257,222,249,244,245,230,235,243,219,204,203,200,225,228,185,184,184,181,177,176,184,183,177,188,183,173,139,164,150,160,156,147,147,132,121,125,116,154,145,146,151,137,131,145,120,121,120,122,113,140,124,95,124,115,103,127,117,103,89,86,97,106,100,103,86,91,90,88,93,84,90,109,71,89,90,68,110,84,64,78,74,92,78,76,88,79,69,64,70,68,66,65,56,68,77,63,56,60,56,71,64,47,46,55,54,59,52,62,51,56,61,47,55,51,38,63,54,52,39,46,42,44
43,40,50,29,39,47,45,43,75,272,812,1442,1513,1374,1358,1266,1210,1212,1112,1088,1064,996,982,897,903,862,798,835,744,704,711,698,696,651,664,626,596,554,536,502,543,496,521,490,491,481,490,490,451,437,474,412,435,435,404,406,375,370,388,363,367,379,299,307,312,317,310,344,273,306,289,295,240,294,295,238,274,245,294,260,252,234,229,211,233,239,238,204,200,209,195,206,206,194,188,201,189,195,175,195,190,204,191,152,151,144,180,138,150,141,148,171,141,151,138,119,141,138,145,123,125,134,105,133,128,106,121,124,111,121,104,94,102,116,121,110,103,120,82,91,114,91,101,81,109,107,92,83,84,85,83,75,78,93,96,74,84,79,78,72,84,68,82,83,85,72,80,88,77,76,62,69,62,54,64,49,57,61,60,65,58,54,75,66,49,61,69,52,58,44,67,51,52,46,52,52,50,51,47,54
42,45,50,45,46,46,40,51,94,299,775,1486,1548,1427,1383,1239,1235,1167,1062,1036,974,998,932,942,876,880,786,796,747,729,655,742,649,631,638,620,574,626,562,565,536,527,485,510,474,490,442,475,469,446,439,403,369,377,381,388,392,370,357,348,348,335,354,292,309,296,339,315,306,286,276,301,306,284,271,256,266,278,261,256,254,266,222,230,245,243,193,215,202,186,172,204,190,164,193,193,182,158,170,186,160,169,163,183,177,156,182,142,150,152,152,142,161,136,138,160,127,144,125,114,121,137,125,134,125,129,91,116,112,127,100,105,126,114,111,109,103,119,106,96,81,90,88,79,88,73,102,82,95,80,97,76,93,86,79,74,81,76,84,70,74,78,78,75,77,69,65,63,68,58,58,47,66,64,49,64,70,61,63,58,62,62,46,49,47,52,67,54,58,51,55,51,51,50,47,72,47,53,39,39
48,43,45,43,42,44,46,44,87,271,820,1488,1613,1453,1404,1312,1229,1195,1171,1099,1019,1031,947,931,909,853,847,831,818,735,710,741,661,664,624,628,584,570,582,536,555,538,520,562,471,499,488,455,477,382,452,435,417,382,365,399,356,396,349,364,325,367,344,334,341,302,318,283,314,277,292,290,274,289,287,285,282,250,248,268,257,209,186,231,258,224,229,261,211,210,189,205,189,200,208,197,219,190,182,191,181,183,179,157,167,163,182,135,150,169,166,146,139,152,146,149,167,162,138,151,132,132,129,125,117,130,108,111,105,116,105,116,120,104,101,113,110,84,106,122,94,88,99,91,107,86,108,90,98,68,91,95,69,80,94,84,86,84,92,77,80,93,67,76,57,76,74,72,89,87,66,62,60,58,66,52,55,57,55,56,69,48,57,54,59,49,55,70,60,56,53,41,62,57,46,50,52,44,36,41
44,49,38,57,43,42,49,52,105,280,853,1486,1527,1464,1413,1360,1217,1214,1137,1086,1048,993,991,957,871,863,809,725,778,766,703,708,676,617,649,623,613,603,589,511,531,482,515,486,505,463,448,426,422,450,409,434,397,422,366,405,396,385,353,389,299,318,330,326,315,303,333,332,287,290,284,249,297,284,270,254,245,261,240,245,254,227,209,226,240,223,221,237,234,233,204,209,227,209,212,171,192,182,204,153,190,186,172,161,170,166,181,163,158,161,164,143,151,157,130,135,147,139,145,127,147,138,126,132,136,134,123,131,129,130,121,116,99,109,109,109,101,88,96,103,110,83,100,89,92,90,79,98,86,72,98,83,99,106,90,78,79,81,69,72,79,75,70,86,78,80,83,69,72,65,63,68,81,68,74,57,75,64,65,50,72,60,57,57,65,52,40,48,48,58,48,44,50,48,46,49,53,39,46,41
51,43,41,46,51,46,36,34,89,245,813,1403,1513,1503,1421,1273,1210,1227,1154,1084,993,1038,926,924,843,877,829,825,814,700,750,712,624,643,652,615,585,590,530,550,504,486,508,529,523,479,439,464,469,423,424,426,444,394,387,363,351,347,340,364,358,355,340,316,324,305,305,296,357,280,273,269,234,297,266,251,277,224,258,228,238,231,242,223,252,222,224,236,192,210,216,216,186,204,170,179,191,196,172,167,159,175,168,140,174,161,165,132,148,141,165,157,161,131,114,129,124,168,121,135,126,143,110,125,116,109,116,114,124,110,109,102,100,91,97,82,90,89,119,96,94,103,94,86,93,86,81,73,92,90,80,80,81,85,79,101,74,71,84,65,69,82,71,76,69,76,71,62,69,63,64,54,80,70,61,58,67,60,68,51,63,60,53,45,58,40,60,75,48,60,51,59,52,36,46,43,46,46,39,41
45,56,44,36,52,35,43,44,85,257,775,1412,1477,1474,1336,1276,1266,1177,1134,1118,985,1003,914,926,877,856,826,778,768,688,738,707,647,639,609,613,626,603,576,568,553,539,517,499,485,495,499,478,425,427,425,423,426,413,397,403,370,376,381,386,338,335,346,359,340,289,309,306,275,295,277,266,280,292,254,259,239,234,256,237,219,250,210,231,237,244,207,193,204,202,222,202,202,204,223,175,190,178,166,173,150,179,169,172,174,146,143,156,151,166,158,172,150,134,141,138,146,134,125,142,134,111,120,133,112,109,113,103,110,100,95,122,114,85,105,92,85,95,93,102,93,85,92,94,95,92,88,87,89,75,85,84,94,91,77,90,76,70,77,92,83,63,81,62,73,58,68,63,52,62,75,73,69,61,71,60,62,76,83,74,59,56,56,65,64,51,52,57,62,58,53,54,67,53,45,50,45,53,50,46
35,44,34,43,51,44,44,41,85,276,797,1338,1484,1465,1423,1207,1225,1145,1095,1103,996,930,937,966,893,862,784,778,754,749,719,652,680,628,675,595,601,618,573,595,552,488,525,505,482,476,473,442,443,439,370,410,419,406,365,397,379,358,328,344,341,369,349,326,316,350,332,315,317,305,282,275,275,266,258,256,245,245,270,282,231,224,240,227,229,212,225,206,225,233,218,191,193,191,170,173,197,191,183,184,199,159,177,176,159,160,156,153,168,166,152,131,123,143,149,149,128,131,143,121,116,102,130,127,124,134,126,106,114,112,104,118,97,118,113,102,95,96,105,101,101,91,79,97,116,82,83,80,94,79,96,89,87,81,84,64,79,81,83,72,81,69,72,83,68,71,70,64,59,62,76,71,56,62,69,51,82,60,70,58,51,50,61,54,65,39,58,52,62,46,61,45,44,48,44,61,41,45,40,47
46,45,49,49,41,60,56,50,86,289,772,1399,1465,1399,1320,1265,1195,1167,1152,1044,1107,1030,980,964,899,825,839,716,704,713,706,644,614,644,643,625,570,554,586,587,533,525,478,512,506,444,460,494,430,432,456,444,450,381,363,389,371,377,364,346,323,322,353,334,332,304,333,299,293,289,283,293,289,291,255,242,265,236,253,238,216,234,192,231,209,206,217,206,226,205,177,184,195,215,204,171,207,188,174,199,167,169,182,159,166,142,170,153,148,159,148,147,157,122,161,147,157,154,126,127,122,121,121,118,110,126,117,130,122,121,100,83,126,107,108,113,112,100,93,128,99,110,86,94,96,101,79,89,89,89,93,84,79,71,84,82,78,90,90,98,75,76,56,75,82,79,91,59,64,66,66,56,81,71,63,56,54,62,61,61,69,58,55,49,65,64,60,61,58,57,43,58,69,55,58,53,44,55,50,58
16,11,24,15,15,23,12,25,40,105,353,602,650,579,541,527,505,470,466,447,433,415,404,391,355,372,365,300,307,296,293,296,301,243,275,250,242,231,240,219,242,225,219,200,238,199,195,218,197,161,164,178,176,184,156,162,164,126,132,182,146,147,156,156,117,136,130,120,136,115,86,135,118,123,99,92,99,115,92,108,92,116,89,91,91,111,94,90,73,80,92,74,69,81,88,86,85,90,79,75,64,75,76,83,73,75,59,58,57,64,67,59,68,69,54,56,62,67,65,51,58,51,55,52,51,47,49,42,58,53,47,54,46,48,43,38,36,53,31,41,45,42,35,40,40,34,37,35,20,42,32,33,27,29,37,34,39,32,34,30,34,30,26,28,27,30,24,34,32,39,18,23,33,30,33,22,27,28,33,23,21,24,26,18,26,33,17,27,30,22,22,21,21,19,29,24,22,28,13,21
36,51,49,51,40,40,45,48,110,295,730,1404,1551,1445,1277,1270,1244,1128,1111,1080,1029,937,938,904,856,811,828,796,698,714,633,695,673,639,623,604,587,568,588,492,562,503,468,498,460,426,484,439,416,412,426,428,429,380,365,369,382,367,354,354,356,308,327,301,291,299,314,281,281,293,284,292,273,288,275,247,248,252,237,248,214,247,241,222,177,227,210,222,213,204,196,181,213,191,211,200,206,152,158,177,180,167,174,164,132,161,168,166,160,144,157,154,161,141,139,140,132,146,148,132,133,122,120,110,131,119,121,113,120,114,109,111,115,116,107,110,99,109,116,99,106,94,95,85,91,105,83,76,86,81,90,76,76,92,80,94,72,77,75,67,73,72,73,89,66,64,63,71,61,86,58,70,62,60,66,71,55,67,58,50,60,47,63,32,52,56,50,64,59,53,46,49,52,54,49,57,54,47,42,37
35,42,41,46,46,53,35,47,93,266,761,1462,1585,1458,1384,1274,1198,1139,1113,1022,1062,1009,934,936,895,838,797,741,791,731,721,739,651,628,648,630,603,565,580,514,537,525,512,478,456,474,470,436,380,448,418,421,380,412,398,379,381,380,375,364,338,294,292,316,350,312,298,318,283,303,270,255,286,292,295,254,264,267,261,239,268,232,222,231,219,200,206,221,214,224,215,174,183,185,192,185,173,191,182,186,178,177,166,143,150,167,184,157,156,142,150,155,152,128,125,153,127,145,104,136,109,138,104,118,120,120,139,134,108,110,130,108,106,119,94,112,123,108,85,114,91,103,86,87,91,89,90,86,82,85,78,87,83,82,83,66,77,85,78,77,54,75,69,61,76,78,81,70,59,59,74,66,56,64,69,67,79,61,70,68,58,60,62,71,49,54,58,62,64,57,54,55,51,66,43,47,51,43,58,29
34,55,57,47,47,36,53,44,94,245,735,1423,1490,1361,1336,1223,1196,1203,991,1005,1000,953,962,883,850,861,784,822,755,694,739,693,683,658,605,622,622,584,542,532,480,520,498,478,478,454,471,433,417,420,444,454,399,400,368,362,345,363,339,362,352,319,320,344,345,301,313,302,302,286,314,329,257,271,255,273,247,250,220,217,243,228,265,244,237,179,225,189,196,201,217,205,163,194,170,181,187,184,192,184,192,196,156,178,174,167,157,158,145,147,154,147,165,138,135,151,128,131,148,125,121,118,122,120,124,118,134,121,109,114,110,117,122,120,111,85,100,98,99,95,100,84,86,105,88,102,86,82,99,77,105,86,85,81,74,93,75,81,77,84,87,61,83,77,75,62,56,92,70,77,82,69,47,62,55,72,59,48,65,68,53,60,65,61,56,65,50,49,56,49,54,50,46,56,39,48,47,46,46,49
72,43,46,41,52,60,46,45,89,267,793,1370,1502,1460,1442,1257,1210,1150,1139,1130,1013,985,952,903,898,820,750,807,741,723,724,707,672,694,640,596,590,555,572,541,561,543,564,506,497,457,472,443,442,424,413,393,406,380,394,352,375,368,337,353,319,351,347,312,314,327,298,281,270,277,298,281,281,253,270,284,271,221,241,245,223,213,205,236,228,214,235,221,224,198,182,185,189,213,201,192,170,208,175,181,175,156,192,154,139,192,131,160,139,153,129,142,138,139,143,129,148,139,150,117,132,119,162,117,115,114,119,101,121,117,94,99,105,130,103,132,103,106,97,91,95,89,105,90,62,99,89,95,78,98,88,81,94,87,101,71,87,67,65,88,68,79,87,78,79,68,68,66,55,62,84,61,64,59,65,55,71,51,52,51,50,69,68,54,56,62,52,53,49,64,40,53,45,58,42,56,44,53,54,44
53,31,36,43,50,55,47,48,106,246,807,1323,1472,1403,1342,1291,1177,1179,1140,1081,1000,1005,957,915,886,799,739,742,699,691,672,699,632,665,587,608,607,570,555,587,491,498,520,543,460,445,448,488,399,408,424,391,394,416,412,355,379,347,364,340,338,331,323,337,363,305,313,288,300,321,278,305,230,267,271,267,223,244,228,230,237,264,222,202,213,230,212,244,214,198,208,203,200,192,195,206,174,184,177,143,192,149,187,156,154,183,148,160,163,150,123,150,136,127,149,143,157,136,137,136,125,118,113,125,125,120,121,108,118,105,120,114,114,111,98,134,94,97,91,87,111,106,101,71,99,86,76,102,79,81,76,69,77,59,73,56,75,86,87,76,68,81,74,74,72,73,66,68,56,70,60,66,66,62,72,73,68,54,63,53,45,56,43,50,67,65,49,46,52,56,61,57,50,54,46,33,47,43,45,44
44,43,59,41,47,58,43,69,94,258,760,1372,1486,1431,1316,1298,1194,1142,1126,1054,1060,1004,960,916,894,801,821,768,753,688,683,668,674,647,604,560,580,597,539,539,547,520,503,490,473,476,466,460,441,421,426,445,406,399,351,374,346,379,373,330,325,351,332,323,322,320,340,294,289,281,262,300,318,263,272,262,270,234,260,210,258,233,218,223,211,204,186,181,171,231,204,178,220,177,207,210,181,164,174,154,193,176,142,166,160,143,171,161,144,134,129,148,150,163,144,137,128,133,117,124,127,117,114,124,119,123,116,120,100,124,94,108,93,104,98,113,115,105,93,102,86,103,88,115,111,86,120,90,68,98,88,75,76,74,78,92,83,68,75,66,85,83,65,65,76,63,79,66,73,56,68,59,57,56,60,55,55,71,77,82,50,61,48,44,52,63,57,56,49,62,47,57,52,46,56,56,42,59,62,49
55,45,52,43,33,30,41,35,97,251,768,1338,1468,1344,1348,1210,1212,1105,1102,1078,1003,981,879,921,798,882,786,770,786,762,699,661,659,653,638,624,552,548,601,519,505,530,568,529,465,451,471,448,416,452,386,408,379,396,367,380,356,382,359,383,372,332,336,309,340,307,303,288,272,295,296,300,283,264,240,233,229,238,256,251,260,254,233,248,211,248,203,216,221,178,188,181,202,187,184,192,170,166,166,168,178,183,169,136,173,171,149,167,149,149,160,155,161,134,126,131,140,129,141,127,138,128,108,123,121,133,121,100,113,125,112,111,122,132,112,105,96,105,104,105,98,105,123,95,100,82,88,96,103,92,94,92,86,87,75,90,85,80,71,71,70,75,80,73,71,68,86,65,60,57,70,57,66,64,84,58,49,56,76,60,59,50,59,72,58,54,47,59,63,51,48,43,51,43,56,67,47,58,51,40
42,36,56,51,61,44,40,54,80,255,816,1439,1561,1445,1341,1288,1163,1147,1116,1118,1044,1010,962,917,904,811,771,820,721,740,711,678,690,671,567,607,562,558,595,568,543,526,477,492,488,504,469,449,421,470,434,408,411,425,422,374,345,392,350,375,351,338,335,348,312,297,330,297,293,276,309,271,280,275,265,266,224,240,251,254,226,231,216,211,248,208,222,230,217,222,228,208,184,183,201,196,186,177,188,155,171,173,154,165,153,160,159,155,171,143,165,146,144,146,128,134,136,139,127,134,136,108,131,132,113,115,103,140,120,98,100,119,98,109,119,103,108,82,105,101,75,94,91,69,108,78,88,83,98,77,97,67,83,84,91,67,80,74,70,85,67,74,85,69,74,74,66,72,72,67,56,61,74,75,66,65,76,81,67,47,76,61,63,50,45,61,52,64,53,55,53,64,62,51,48,65,51,33,38,59
53,61,42,30,57,39,46,45,89,274,786,1304,1572,1446,1323,1317,1215,1194,1113,1080,1008,1014,910,884,878,785,827,761,777,756,722,672,682,626,613,620,606,528,537,542,538,512,521,463,469,475,493,455,411,437,423,426,399,367,385,368,371,356,386,346,358,327,328,310,306,291,318,305,309,299,295,278,273,275,273,238,240,215,251,223,240,219,196,236,211,241,205,205,239,194,235,208,177,191,199,193,186,165,173,196,170,185,163,191,149,153,159,183,143,160,141,161,144,134,129,152,134,126,139,129,138,139,125,127,91,129,123,111,102,107,111,137,111,112,120,112,101,82,96,108,99,92,101,71,92,86,95,96,85,72,92,94,72,80,91,63,83,86,76,68,81,82,67,76,75,78,67,75,59,68,69,60,57,74,64,65,68,59,52,70,66,68,40,54,50,50,56,51,46,53,81,55,39,48,40,45,47,47,40,43
40,49,51,44,47,35,40,50,103,265,751,1397,1540,1394,1355,1267,1183,1223,1155,1058,1007,992,933,849,862,853,805,828,755,743,716,678,673,663,605,627,605,631,583,519,565,529,477,537,464,489,484,444,471,437,468,392,426,388,379,428,390,363,357,354,353,324,342,361,312,305,304,299,300,317,278,256,279,253,281,254,240,262,240,231,228,241,248,233,228,227,242,207,210,200,209,228,203,210,221,176,174,170,165,170,183,166,167,174,182,162,174,154,150,159,154,140,151,149,132,129,158,155,139,152,122,154,141,144,118,127,126,113,121,115,114,118,109,108,115,86,112,89,120,101,93,96,109,89,74,94,103,94,75,73,75,85,75,80,98,86,83,74,83,84,73,74,65,66,74,86,62,73,91,76,75,67,63,58,60,53,54,56,56,55,59,52,64,60,60,68,56,47,52,59,52,61,41,47,43,52,46,28,57,40
42,55,47,55,44,46,48,41,77,257,800,1305,1434,1440,1310,1224,1153,1125,1148,1038,987,970,978,884,872,807,786,781,742,736,698,705,646,603,663,608,560,542,535,563,526,520,519,448,479,455,471,449,455,440,419,439,420,369,375,373,355,336,332,357,315,295,345,327,315,277,268,324,301,311,284,297,278,256,291,229,235,235,238,232,225,242,221,211,202,232,214,212,213,226,213,173,214,207,185,184,168,213,179,204,173,174,154,139,172,175,171,148,164,127,160,146,132,111,141,135,126,139,125,142,138,116,134,131,105,125,113,113,128,106,113,101,104,96,117,96,131,110,98,83,93,105,102,89,100,75,103,78,92,86,81,82,85,78,88,82,92,59,61,73,65,74,76,67,59,87,81,73,47,74,41,67,63,76,63,46,55,57,54,44,63,58,57,64,52,58,61,54,56,45,57,38,56,52,45,51,52,45,35,55
42,40,48,42,42,59,50,51,86,263,787,1449,1485,1491,1348,1247,1169,1158,1095,1030,1021,946,956,900,858,841,826,745,715,726,700,738,644,640,619,641,602,571,574,551,506,478,516,484,461,432,447,416,442,449,416,426,436,418,395,349,357,372,350,355,344,315,309,343,331,281,335,254,275,283,298,280,267,254,282,230,269,260,256,231,232,254,238,239,234,204,209,216,206,199,211,195,184,192,185,211,188,183,154,173,185,164,170,181,159,166,150,153,142,143,156,132,154,149,121,132,126,154,127,116,127,124,122,127,123,107,103,106,109,129,115,105,91,113,96,105,90,91,108,75,99,114,95,95,75,76,81,83,95,95,76,92,81,84,84,75,82,76,73,73,67,77,83,71,76,63,77,67,68,72,75,69,45,64,69,57,53,57,45,53,52,67,55,72,53,59,62,51,59,48,54,56,43,48,49,51,56,48,35,39
45,49,46,45,53,40,50,45,85,257,794,1409,1518,1394,1302,1300,1103,1078,1084,1049,1017,983,936,923,892,829,760,800,741,677,739,654,671,651,618,572,598,566,524,522,527,523,522,450,503,474,435,432,392,401,419,425,400,380,414,372,370,371,368,379,362,344,327,334,285,359,305,297,284,275,276,269,282,263,284,252,287,229,257,261,220,226,222,235,246,210,197,202,195,191,206,198,202,184,186,190,180,167,196,164,156,161,166,149,169,151,167,146,144,146,116,145,131,122,126,143,121,119,130,123,131,95,133,132,130,136,113,103,99,106,118,112,108,99,124,81,100,84,122,81,120,101,87,105,94,93,89,85,102,86,101,81,75,82,87,77,77,77,67,79,80,80,78,88,79,80,71,73,60,72,61,67,70,53,70,59,59,69,54,68,48,66,58,58,54,55,57,54,53,56,54,45,53,44,45,47,40,49,58,40
44,39,42,50,40,34,34,45,84,275,751,1345,1486,1439,1355,1213,1229,1224,1087,1071,1034,974,1006,900,838,826,804,746,724,760,692,685,672,671,611,582,622,584,535,513,546,537,493,464,500,484,435,458,476,433,430,387,368,376,391,394,390,397,334,333,335,322,351,324,296,286,302,297,266,277,297,277,267,254,267,211,266,268,261,258,246,204,231,228,239,218,209,233,203,189,203,198,182,194,170,173,184,176,176,190,165,163,178,140,172,142,196,169,156,162,145,138,132,149,158,140,147,123,120,159,142,132,128,143,127,117,123,107,111,116,113,114,114,120,97,96,101,103,90,100,93,92,103,92,84,96,92,87,84,82,74,82,95,80,87,69,76,85,73,97,84,86,75,87,88,70,68,70,61,52,73,83,66,74,59,55,44,67,65,65,58,57,46,71,59,63,30,49,46,43,53,43,49,54,45,56,40,40,56,48
42,43,46,33,46,43,50,52,93,273,790,1388,1539,1402,1215,1315,1207,1139,1061,1068,1080,1006,974,950,879,847,783,765,755,758,654,661,687,625,603,612,589,564,554,581,535,493,485,454,474,493,460,489,447,375,443,435,381,423,422,369,378,387,372,355,360,338,342,323,337,316,337,307,301,325,284,294,292,259,255,226,268,260,256,235,241,205,230,242,215,213,225,222,219,186,194,231,183,166,201,183,202,169,191,171,184,171,177,146,148,141,175,159,137,135,167,144,144,142,137,111,118,133,118,125,130,123,99,114,126,131,121,120,143,120,99,109,120,113,115,98,106,106,100,108,117,102,100,104,80,81,94,82,72,103,83,76,74,74,80,76,71,76,96,78,63,92,85,89,75,72,79,63,74,66,70,72,70,59,67,67,69,60,70,66,65,63,57,52,48,54,53,48,49,49,48,50,54,44,45,48,54,50,56,32
46,35,50,50,59,37,48,41,90,263,789,1319,1517,1399,1416,1331,1191,1153,1080,1051,1011,1008,907,948,866,898,781,825,741,722,700,615,689,681,596,576,590,545,550,560,524,524,536,510,516,497,479,465,445,419,427,424,410,367,414,379,398,409,394,318,329,320,341,300,316,336,297,318,300,283,284,287,240,272,279,247,249,260,262,227,243,216,246,234,237,212,201,189,217,183,187,218,194,206,178,205,202,151,174,160,172,190,168,165,151,159,163,146,151,130,157,145,144,167,138,135,121,135,146,144,124,126,111,120,133,121,122,101,104,133,104,112,115,111,94,106,100,103,98,110,115,91,106,114,91,103,86,102,90,80,88,77,84,73,92,88,83,72,87,88,66,77,74,71,66,69,73,78,83,63,75,63,64,56,75,71,58,70,57,54,52,48,54,53,72,73,50,50,51,63,52,52,42,52,53,46,48,43,46,46
51,54,46,52,55,50,47,53,110,335,989,1802,2014,1933,1793,1680,1504,1509,1376,1323,1309,1280,1140,1129,1103,1015,979,931,870,849,859,829,829,752,763,740,641,708,648,655,628,622,612,576,593,564,512,498,531,517,514,493,473,483,453,471,459,446,423,421,423,405,358,409,360,392,373,344,338,324,331,346,337,290,294,301,310,266,270,286,306,287,284,264,291,257,261,254,221,267,225,224,221,265,207,213,200,212,203,195,212,178,176,181,176,178,170,166,174,166,167,168,151,175,152,149,169,148,148,152,159,133,151,138,139,128,138,113,139,142,121,121,117,114,127,114,101,102,103,121,115,87,84,104,88,109,96,87,98,107,94,93,103,106,106,101,78,91,84,96,91,75,90,84,90,83,81,99,77,76,67,72,73,68,77,64,68,72,67,75,69,59,59,55,65,68,51,61,57,68,38,69,59,49,63,47,57,56,46,60
38,43,39,42,48,49,42,45,99,266,776,1410,1543,1418,1340,1265,1225,1139,1066,1014,1015,1015,936,926,884,841,796,775,790,745,661,701,604,621,635,636,583,580,554,520,505,489,511,482,458,511,439,407,414,435,437,435,433,390,385,424,388,358,372,396,352,336,348,339,303,299,295,298,308,263,276,271,293,259,267,237,236,239,260,266,228,219,239,213,219,222,208,195,203,190,195,217,204,201,181,189,164,153,162,166,163,168,170,178,176,163,137,149,150,163,146,143,126,137,169,128,150,127,122,119,113,135,137,130,145,109,129,111,122,107,108,103,111,80,113,91,97,87,89,108,99,89,85,88,85,84,81,84,87,86,77,90,82,83,76,69,65,78,79,68,92,64,72,59,74,66,79,74,68,62,45,65,68,67,76,59,79,61,72,59,54,58,57,56,59,46,72,58,49,61,44,58,51,43,55,48,56,49,52,34
47,32,52,39,59,35,35,43,88,256,722,1416,1500,1399,1336,1266,1191,1093,1067,1039,1004,992,989,856,846,850,772,743,794,716,696,705,660,684,641,580,592,538,541,535,519,522,487,485,504,477,457,441,432,439,446,419,375,360,400,367,377,372,367,378,341,383,321,343,331,281,270,295,292,307,259,259,263,257,265,214,253,236,214,256,220,212,234,248,201,226,239,222,231,214,211,176,205,198,208,187,170,218,183,159,183,153,170,161,156,143,147,172,162,144,126,157,137,127,139,134,131,145,129,129,138,129,118,112,114,140,115,117,100,94,104,121,109,113,104,106,98,89,102,99,110,92,101,99,80,94,73,103,85,75,83,101,71,78,88,84,80,84,63,67,71,74,68,68,76,72,79,60,61,72,55,73,59,68,57,45,64,67,70,57,49,61,42,48,45,44,51,57,57,55,46,54,41,54,58,46,48,47,34,42
46,47,43,43,41,40,47,36,96,303,841,1421,1412,1464,1343,1272,1207,1096,1127,1058,1049,987,936,898,930,850,810,750,766,796,690,703,690,694,650,610,602,559,517,562,576,493,554,494,524,497,468,476,410,427,432,441,432,377,384,388,373,351,345,329,321,352,362,332,313,326,297,282,277,298,264,278,312,270,264,277,258,255,271,251,232,216,230,206,206,205,219,216,225,198,204,183,200,189,158,168,183,190,166,192,172,174,143,165,151,147,166,145,145,157,136,146,130,162,144,160,133,120,139,118,107,124,128,118,111,110,128,126,119,92,106,107,100,107,111,111,106,107,100,106,113,99,104,106,94,92,107,99,69,91,88,80,83,69,81,68,70,79,63,78,74,62,55,83,68,62,82,61,59,76,68,62,58,62,54,69,53,75,56,58,66,62,58,58,46,75,58,48,51,54,57,51,47,49,50,44,64,62,39,63
40,73,49,44,43,52,39,64,85,299,874,1511,1648,1526,1485,1412,1329,1303,1171,1160,1172,1039,1050,986,926,931,879,882,817,833,763,747,720,711,685,621,617,622,622,605,573,577,595,511,590,516,518,524,526,488,499,491,510,461,433,422,421,407,384,374,369,335,351,344,326,348,352,353,323,312,314,296,306,324,278,272,278,272,262,281,267,213,278,247,254,258,239,226,242,236,220,226,199,215,195,192,206,211,178,156,180,193,191,178,172,169,171,184,170,159,165,172,141,146,177,158,138,132,137,135,154,158,134,141,142,122,113,122,118,136,128,121,116,130,136,106,118,123,111,113,96,113,109,104,96,106,92,108,122,100,102,94,101,96,90,99,99,87,83,89,96,84,82,94,82,78,68,81,84,55,73,70,68,71,57,56,63,74,66,74,69,58,52,53,62,51,62,71,62,53,62,53,62,51,47,41,48,59,50,58
53,57,55,48,59,52,67,72,134,564,1664,3001,3594,3514,3199,2962,2724,2550,2437,2206,2152,1959,1855,1714,1630,1542,1483,1439,1367,1277,1162,1159,1174,1012,1076,986,930,932,917,891,848,882,834,767,762,732,721,725,687,697,652,687,661,675,592,609,573,606,594,568,570,511,499,488,480,451,512,483,486,436,459,411,443,431,404,416,392,367,362,376,332,357,398,329,338,339,308,311,306,272,278,298,271,296,250,297,279,280,271,267,276,233,214,244,250,243,223,205,203,238,213,220,205,219,188,179,180,161,208,198,190,178,162,156,210,165,158,158,172,177,168,148,144,144,140,143,151,141,138,155,136,141,137,120,116,118,136,125,110,116,103,117,99,97,109,116,115,111,124,117,112,75,103,89,89,91,105,98,74,87,98,90,93,82,95,72,86,102,108,86,77,85,76,83,71,78,74,64,89,63,70,54,68,78,54,69,59,65,65,59
35,25,40,24,36,35,36,52,79,193,616,1141,1129,1170,1038,916,964,884,853,860,840,749,717,726,721,643,629,596,575,569,557,552,508,485,479,478,460,423,448,422,438,393,383,387,377,341,392,333,346,323,351,282,307,329,311,299,259,268,255,272,267,251,290,243,244,237,234,222,239,205,219,204,222,220,169,221,188,197,194,225,179,184,179,188,181,164,156,169,158,130,141,183,163,157,141,162,139,131,141,132,132,120,124,134,118,107,104,133,122,108,98,110,123,120,119,115,104,90,88,106,108,105,109,98,95,76,106,87,93,83,100,75,91,76,80,81,85,82,76,66,78,81,63,67,61,65,69,57,62,61,59,60,63,78,61,68,52,66,64,77,56,60,55,71,49,48,50,55,45,53,50,43,49,43,50,59,42,53,46,41,47,62,45,35,48,36,36,38,43,28,47,47,35,43,31,42,30,43,27,40
38,34,49,29,39,47,34,43,75,241,728,1199,1312,1297,1220,1131,1040,1044,996,934,931,881,827,799,741,763,743,689,650,646,622,594,599,525,540,529,484,516,507,464,500,475,481,468,438,401,395,395,364,400,399,360,396,318,393,342,336,301,360,318,292,308,302,300,259,294,270,301,271,266,255,224,207,237,233,213,244,220,203,243,191,186,200,204,185,198,168,180,191,198,176,177,151,206,172,167,184,129,156,167,165,143,154,164,149,139,156,136,129,135,147,118,138,142,121,120,132,112,116,120,121,121,113,121,107,105,119,101,101,68,111,101,92,93,98,113,103,95,88,87,86,74,90,71,76,71,75,80,78,80,79,75,81,67,68,70,62,68,55,60,73,59,63,56,66,61,51,61,55,69,50,66,59,63,57,42,55,49,53,56,59,57,45,47,70,52,42,51,57,51,40,50,51,46,38,41,41,38,49,31
42,49,58,37,58,60,63,59,141,451,1406,2546,2753,2611,2267,2188,2032,1976,1761,1737,1653,1576,1446,1284,1303,1291,1157,1153,1057,1017,990,957,953,904,840,809,815,758,713,707,722,707,662,619,670,656,618,593,568,541,528,562,540,493,513,533,505,499,508,440,457,431,434,396,449,410,386,381,382,366,364,380,334,323,320,337,317,307,272,297,316,296,285,289,281,273,267,281,276,287,275,251,227,215,257,222,238,250,211,212,215,189,194,222,193,182,192,200,186,186,160,146,164,160,160,167,172,156,149,156,170,167,133,150,141,149,145,154,125,155,147,140,135,119,112,131,115,115,123,115,108,120,139,117,81,96,100,111,109,108,99,97,96,92,88,96,94,106,86,87,98,100,84,78,89,82,86,83,71,71,83,67,64,87,62,81,80,65,63,80,63,75,66,59,79,53,58,65,57,56,54,69,56,58,63,52,47,56,76,58
26,37,24,33,35,30,30,27,74,230,759,1353,1479,1330,1238,1146,1073,1035,950,977,905,860,784,757,755,712,619,649,590,583,560,520,542,494,513,477,460,476,457,441,425,384,434,404,373,368,380,366,325,328,353,328,312,309,306,341,280,276,308,271,277,269,276,206,267,247,261,255,218,223,218,229,224,201,215,176,196,175,197,211,168,166,173,164,195,145,164,187,150,176,147,180,153,151,154,146,135,177,148,127,148,132,138,122,134,131,104,125,113,114,134,117,100,104,92,99,116,114,93,90,130,83,84,78,94,92,70,92,90,82,82,81,94,86,85,66,82,90,82,66,74,92,73,72,73,71,62,58,63,62,67,66,54,69,57,58,59,57,77,66,60,38,51,56,58,49,49,44,45,55,45,53,41,52,53,39,47,58,49,42,37,54,49,41,46,44,34,39,42,45,37,47,36,23,36,36,29,34,30,37
53,38,49,50,35,41,45,59,115,311,1035,1814,2007,1920,1742,1635,1569,1426,1468,1298,1236,1232,1098,1055,1039,964,942,899,893,801,774,785,803,693,725,683,638,697,640,626,577,550,577,563,551,547,532,506,518,488,449,462,431,438,443,399,420,423,402,409,386,345,379,385,353,332,357,346,336,296,305,301,313,286,281,276,231,281,278,281,254,259,272,264,242,226,213,216,225,244,205,228,196,213,197,198,210,199,195,208,180,177,178,188,184,156,167,164,162,151,169,156,149,171,137,161,132,133,167,139,128,118,175,147,131,121,131,116,106,126,117,119,94,116,106,125,101,97,100,101,101,110,87,96,80,88,98,89,76,93,84,93,82,88,80,74,100,76,82,79,80,71,63,75,90,82,71,63,70,76,80,75,64,68,57,59,60,62,66,70,62,79,64,63,53,60,50,51,40,50,55,55,53,56,51,47,44,50,50,55
22,20,24,21,12,21,15,18,46,110,371,612,679,611,604,551,584,510,516,485,453,436,401,385,368,387,336,375,333,318,333,300,270,311,269,299,270,270,249,231,233,231,222,204,202,218,204,199,205,185,183,229,179,180,173,176,159,183,162,157,164,151,152,122,137,134,132,140,141,118,129,108,128,121,127,108,101,117,102,106,99,95,105,93,103,103,84,98,81,91,85,95,85,82,77,82,93,67,84,82,74,52,72,82,81,76,87,60,72,60,67,76,78,71,76,61,71,51,57,49,57,49,61,68,54,40,67,54,53,52,49,44,46,41,54,49,43,46,37,30,46,37,35,39,38,54,52,47,41,36,38,34,31,40,48,47,43,39,28,24,41,34,34,26,32,30,41,34,26,41,34,23,27,29,31,30,21,25,27,26,22,23,14,23,14,27,18,30,36,23,24,21,22,20,16,29,23,22,20,19
19,14,12,15,17,14,16,11,25,91,273,452,520,508,474,421,365,389,349,349,365,301,318,286,297,267,298,284,236,243,235,229,217,214,198,206,190,196,181,185,171,189,165,200,158,155,155,163,143,158,126,138,136,120,138,119,137,132,119,125,124,129,108,90,96,102,91,93,100,107,104,97,96,91,107,73,80,97,79,85,91,78,88,72,60,72,72,73,61,75,74,54,70,51,55,52,52,71,50,54,53,50,56,47,60,51,47,52,50,55,49,50,46,54,49,53,53,39,46,36,40,42,38,41,37,49,53,30,38,36,42,38,41,37,38,38,30,26,41,31,30,33,33,22,38,38,41,32,25,25,25,30,30,27,24,30,28,23,34,28,23,24,17,19,26,18,22,24,21,21,19,24,13,20,16,22,20,22,19,21,20,20,18,22,16,13,21,18,25,18,22,17,13,17,17,17,13,18,18,13
32,42,49,34,47,34,39,35,87,230,706,1256,1359,1282,1194,1122,1114,1022,975,1024,960,899,889,808,744,774,709,709,666,658,615,584,582,541,542,560,516,514,493,475,469,496,469,431,420,392,409,418,384,376,381,377,355,389,323,316,332,344,316,306,301,288,279,286,290,265,299,263,261,260,277,252,223,245,248,230,219,226,200,188,214,196,219,218,203,189,166,196,187,177,166,189,167,171,183,174,172,169,161,157,164,132,154,157,161,134,121,124,160,153,121,147,118,129,139,146,126,128,106,115,128,112,111,107,117,114,88,118,91,119,92,87,85,101,105,84,86,91,77,88,85,83,78,77,75,83,82,75,84,80,98,61,85,77,69,63,76,69,46,78,76,67,58,78,59,68,66,62,50,56,54,58,64,56,66,59,65,44,63,59,44,49,46,55,49,57,47,51,52,52,41,54,43,40,51,41,39,48,47,37
30,28,31,33,29,32,36,31,63,191,517,956,956,970,959,852,814,815,752,753,712,641,663,659,578,550,539,528,496,508,469,451,464,459,438,413,399,414,384,354,363,325,321,351,356,350,308,289,292,296,282,273,265,292,271,266,244,249,211,222,222,217,216,207,224,196,177,217,200,162,155,194,174,179,179,200,165,177,175,178,167,136,160,169,144,159,147,159,130,135,133,133,127,141,110,119,154,122,123,114,113,116,104,98,103,97,105,106,104,88,90,102,86,94,98,78,93,86,90,75,73,95,85,72,76,78,81,82,72,72,73,68,78,81,78,66,81,60,66,66,64,70,69,75,62,46,59,61,45,39,61,63,54,50,60,54,52,52,57,53,46,62,42,45,51,54,47,49,46,37,46,42,35,42,49,35,41,33,44,41,46,36,38,26,38,33,33,35,43,32,35,37,39,31,44,31,36,22,36,36
36,42,33,32,31,33,31,33,80,198,642,1063,1180,1100,994,999,909,943,851,799,817,765,792,689,736,635,604,585,567,576,543,572,537,511,455,459,460,453,424,462,435,400,387,411,342,350,328,363,338,379,334,319,311,339,298,271,301,272,293,268,261,289,266,256,218,234,235,230,247,229,206,235,202,230,219,195,206,179,200,189,173,190,184,168,182,173,144,153,179,169,155,147,146,170,161,141,156,130,137,156,123,143,139,126,130,137,134,136,117,114,127,107,117,99,100,87,104,94,119,92,92,90,109,93,93,97,103,98,106,102,81,82,90,84,82,82,74,88,82,80,84,70,73,70,69,52,57,61,67,63,51,78,73,66,67,53,61,51,52,61,58,56,66,61,60,60,50,57,54,62,51,62,53,54,49,48,41,45,49,41,53,49,45,46,33,48,39,37,39,42,46,39,41,43,41,25,31,32,42,35
36,48,48,44,40,48,44,59,109,272,834,1401,1551,1469,1354,1293,1225,1092,1115,1082,1057,1055,989,908,913,821,839,768,770,755,785,679,730,642,564,616,635,603,550,579,537,545,537,524,531,485,493,474,447,429,455,417,371,438,378,399,378,358,363,357,323,356,342,339,328,317,284,291,307,301,302,289,287,272,301,243,266,246,247,236,252,222,247,241,224,219,214,221,204,197,189,223,177,198,198,172,194,167,206,203,173,154,169,162,157,160,146,138,172,157,135,137,162,157,160,143,135,152,111,139,144,120,129,116,113,126,101,103,126,104,103,121,129,112,101,110,104,117,117,115,87,87,89,97,79,88,83,93,91,76,74,87,93,74,83,83,86,81,103,70,95,64,81,60,65,86,68,67,70,67,63,58,73,70,70,52,66,59,62,61,69,52,60,45,41,70,52,59,67,42,57,46,49,43,55,47,61,47,48,46
37,26,33,26,45,27,31,40,65,209,649,1121,1155,1108,1024,1005,870,916,831,847,803,798,752,699,650,676,615,683,591,537,546,523,523,552,522,491,484,415,452,439,446,406,385,376,367,358,390,377,340,341,361,379,319,306,300,304,303,289,287,280,256,267,260,233,254,244,260,244,221,213,240,229,250,206,175,168,205,181,200,214,180,192,191,184,182,176,175,138,155,159,146,162,145,150,158,162,149,134,132,131,149,149,122,123,152,121,137,125,114,100,139,105,116,104,94,90,106,110,84,85,94,90,112,108,87,125,109,71,80,97,98,86,111,71,95,92,93,82,71,93,71,82,77,72,77,79,52,76,68,79,71,64,55,63,63,50,58,51,67,53,62,61,56,58,54,52,52,54,39,39,61,53,51,57,60,46,43,42,37,51,42,50,37,42,48,48,53,36,38,38,45,52,37,39,42,38,51,32,34,29
41,26,38,24,31,38,26,38,69,219,637,1102,1174,1097,1071,983,893,871,858,879,796,815,752,718,652,665,641,601,563,570,524,546,520,518,505,495,493,458,432,414,435,402,384,404,402,373,337,366,333,313,342,339,314,310,296,283,319,321,270,269,284,254,229,265,268,245,244,246,221,222,199,207,235,214,231,229,227,208,206,185,202,182,192,202,190,157,158,195,171,140,152,161,150,165,149,142,163,150,140,138,144,121,135,119,138,111,130,119,110,119,104,134,87,109,99,98,101,105,92,111,90,99,93,92,102,90,84,70,89,106,83,77,69,92,82,49,85,84,75,83,61,73,99,82,81,99,96,59,60,67,80,71,69,59,67,49,79,59,77,49,56,46,69,56,55,68,57,56,46,45,61,31,35,42,56,37,54,50,43,45,38,37,58,45,40,49,54,43,36,42,43,36,32,46,43,42,37,34,28,42
35,40,34,33,28,44,29,40,58,207,580,1086,1199,1186,1113,972,973,927,896,868,819,826,753,708,670,616,605,596,599,579,529,549,500,526,488,496,510,453,446,402,426,416,411,380,354,368,370,359,332,322,344,341,308,359,308,316,280,282,267,322,276,276,250,260,242,236,260,209,230,224,228,218,227,212,188,197,175,200,195,210,180,172,174,158,162,188,157,154,146,163,140,157,152,142,164,155,135,174,151,125,140,126,124,143,116,132,127,125,97,105,110,122,112,104,102,113,105,99,100,86,109,95,77,109,88,87,95,92,78,100,86,76,90,61,87,82,79,80,77,83,68,82,67,70,69,66,82,75,77,64,60,75,67,76,57,57,50,65,79,72,56,50,51,67,49,60,66,67,51,47,67,55,60,56,47,50,43,47,54,52,45,49,55,53,46,27,42,40,36,53,39,44,37,40,47,30,39,31,37,31
53,37,37,40,40,27,24,40,60,206,640,1069,1187,1184,1084,1033,958,902,896,875,831,819,733,737,691,683,621,633,594,592,569,526,509,512,521,437,452,468,444,444,410,412,361,405,396,349,393,347,332,354,349,316,289,311,309,306,286,257,252,277,274,262,265,236,237,253,234,225,223,222,205,225,205,189,201,187,198,199,168,182,179,162,181,193,166,175,167,141,174,159,160,142,153,148,131,154,153,149,154,146,134,129,133,117,121,134,105,123,92,110,112,117,98,124,104,110,111,93,90,108,103,90,89,94,96,97,95,97,79,89,99,86,101,81,87,72,84,64,75,88,70,79,85,66,63,62,69,63,73,63,75,68,73,56,57,53,61,61,61,60,51,58,58,47,58,62,52,49,58,39,52,50,50,59,57,49,53,41,48,51,44,36,39,49,53,40,53,36,47,50,34,35,34,47,27,38,38,34,37,40
57,55,47,53,57,55,45,77,123,344,1258,2247,2446,2311,2203,2084,1961,1805,1680,1652,1507,1519,1436,1389,1270,1241,1186,1128,1098,1038,1010,988,934,898,803,844,862,768,732,742,777,751,700,684,711,617,652,619,591,574,553,596,526,531,513,507,456,473,513,501,466,456,431,426,422,432,429,399,409,410,378,393,373,350,334,350,351,319,326,336,349,276,274,330,305,298,302,291,289,281,261,298,252,274,244,262,226,237,238,225,212,227,213,185,202,204,209,215,175,192,198,199,152,166,177,183,179,170,175,189,171,173,166,162,157,151,145,154,154,168,143,133,134,138,129,127,135,127,148,141,139,138,124,142,130,115,103,103,113,117,110,123,106,113,112,93,97,93,87,100,105,86,85,105,93,82,79,85,89,98,80,85,83,80,71,67,80,98,84,71,73,55,94,72,73,66,71,69,51,71,79,53,73,65,59,59,59,54,51,74
22,26,17,31,30,18,26,37,56,162,459,806,861,829,761,742,646,657,625,612,614,510,549,512,494,472,466,413,414,402,364,380,365,352,317,356,319,336,291,300,283,295,286,273,293,252,243,272,237,228,240,228,246,231,226,216,210,198,177,189,191,176,182,195,190,169,174,168,166,164,152,150,172,160,153,147,139,153,144,150,140,130,111,152,121,126,130,121,139,117,115,111,115,107,119,92,108,93,102,99,111,90,95,95,89,85,84,91,88,67,106,86,74,66,80,79,80,65,68,79,67,71,63,60,85,74,66,60,66,71,52,59,54,60,54,64,73,51,43,56,48,57,49,47,47,44,47,44,52,43,41,60,48,43,54,37,40,42,44,44,54,40,33,43,28,33,39,44,45,45,33,35,26,25,32,35,30,34,31,35,43,27,36,26,30,26,26,32,37,27,22,33,25,19,32,33,31,29,20,26
33,36,26,23,27,39,41,45,73,199,647,1123,1207,1125,1067,1005,908,898,882,835,821,784,712,712,710,675,590,633,577,576,583,559,556,466,511,472,453,437,430,391,448,408,435,415,387,381,374,358,345,356,277,312,339,323,329,311,317,308,287,275,258,282,265,256,237,205,242,223,217,224,220,226,229,213,213,248,225,181,196,177,202,161,188,200,168,181,167,159,169,161,160,159,153,163,169,150,134,145,149,150,133,145,126,118,127,121,110,97,107,120,104,111,119,93,111,101,106,96,107,110,119,94,107,93,100,112,76,95,83,87,85,97,82,74,89,98,94,101,83,79,77,81,84,77,60,78,85,71,87,80,76,58,64,63,75,68,59,78,58,63,45,52,47,54,52,44,64,59,65,58,60,49,45,57,48,72,54,50,37,59,52,37,46,34,36,39,51,51,49,37,36,46,40,37,38,43,45,37,34,38
22,33,20,25,19,26,27,26,45,127,367,614,659,633,603,624,573,516,499,463,458,450,434,427,393,338,376,354,315,313,287,304,299,305,305,283,261,267,223,218,244,249,229,224,211,214,175,181,196,190,172,217,197,177,179,177,177,173,162,166,149,167,168,122,145,140,129,121,111,152,145,126,119,102,116,118,119,110,130,94,114,101,105,114,94,125,100,92,93,79,98,77,83,89,71,74,82,91,92,89,76,68,94,85,59,59,61,67,62,64,58,58,74,60,70,57,64,61,58,50,43,66,49,58,59,55,50,50,45,50,54,53,48,44,47,49,59,49,51,39,38,41,40,50,41,43,37,50,34,44,37,39,28,43,46,42,32,37,46,29,30,37,38,34,26,18,32,30,29,31,28,27,27,34,27,30,25,27,19,20,24,25,24,25,23,25,18,33,29,23,21,24,27,16,30,21,19,14,24,30
45,39,37,51,45,39,32,47,76,253,708,1333,1399,1259,1180,1138,1112,1062,987,987,955,952,854,784,811,777,671,658,703,648,672,576,595,605,546,562,532,521,496,484,543,476,443,462,431,424,426,378,452,365,352,374,398,347,318,343,351,360,333,331,306,311,298,293,274,289,289,245,285,261,245,255,216,245,217,216,231,250,204,245,205,203,218,216,181,215,173,189,194,183,181,192,165,176,182,164,151,163,173,169,154,126,156,136,137,141,131,151,148,153,131,125,143,118,116,132,111,132,126,106,110,125,125,121,87,115,111,110,95,95,100,102,89,84,96,101,110,94,93,84,80,79,90,88,103,81,73,76,71,86,72,83,67,72,60,61,67,82,55,66,70,68,57,48,57,58,86,79,60,59,60,72,60,54,56,74,53,61,57,54,54,57,48,39,60,60,53,56,42,59,50,38,38,43,46,42,40,42,41,43
40,56,35,36,33,38,38,42,101,267,709,1236,1377,1369,1187,1135,1076,1039,1011,966,893,852,870,829,800,792,736,713,680,642,650,630,609,606,546,591,537,506,474,488,509,498,437,421,439,403,425,408,377,403,406,386,375,336,369,369,334,326,302,279,328,334,303,280,282,283,273,243,247,269,275,233,282,259,217,226,236,216,249,250,233,204,198,214,198,189,188,198,188,200,154,183,171,159,168,176,176,153,160,149,173,149,152,149,139,162,139,136,152,145,132,132,127,134,128,130,137,114,142,110,127,124,105,112,105,112,90,85,112,109,93,87,91,94,82,90,89,104,95,89,81,89,86,80,87,78,76,86,77,64,80,68,88,88,61,61,72,80,72,61,73,67,64,64,61,56,62,69,55,63,47,57,59,66,51,56,54,57,47,48,63,63,49,56,45,60,58,44,56,61,55,51,52,37,37,46,33,40,38,32
29,28,25,22,30,18,40,36,50,204,557,947,1016,945,915,846,850,749,697,775,710,678,654,638,570,534,578,503,511,458,498,427,453,447,405,440,381,412,374,356,348,327,345,313,299,319,298,304,304,278,281,289,264,276,252,261,249,234,243,247,237,234,204,222,222,202,215,187,174,177,170,173,218,167,194,175,148,158,159,175,168,158,144,158,138,141,149,126,146,132,154,135,137,128,133,119,123,114,115,136,126,111,132,109,138,114,102,104,108,108,102,108,85,98,96,101,94,88,98,82,84,94,87,92,84,112,87,92,76,57,58,73,82,69,76,88,84,73,79,62,57,61,61,63,64,58,62,62,62,68,63,40,59,57,56,44,61,61,47,41,60,60,43,50,59,46,49,35,33,47,58,48,50,41,40,46,39,37,39,39,33,39,42,39,32,34,31,28,23,34,40,36,40,30,34,27,30,28,33,21
38,33,31,40,33,35,37,32,59,198,641,1065,1170,1132,1060,999,975,861,894,817,814,813,762,741,713,668,639,588,627,559,561,551,484,482,533,498,498,456,421,445,392,405,410,366,371,378,352,314,325,347,311,312,305,300,296,299,306,280,248,285,277,248,275,253,268,250,231,255,216,239,209,210,239,251,174,215,182,204,179,199,182,178,162,169,186,166,175,164,162,145,183,171,165,121,139,155,120,141,139,113,148,137,148,126,122,131,128,142,113,118,108,114,119,119,89,104,106,104,102,98,89,93,85,72,99,81,88,87,91,81,87,81,103,83,74,83,76,82,76,84,64,66,86,65,75,85,85,67,77,73,74,67,57,65,55,51,78,56,63,49,47,54,50,51,41,45,64,55,47,54,56,52,46,47,58,45,49,43,54,46,49,43,52,39,39,42,41,43,47,42,45,45,37,32,49,45,44,27,37,32
43,48,50,44,53,39,48,60,146,378,1216,2293,2436,2395,2160,2143,1922,1836,1736,1661,1572,1447,1405,1391,1294,1233,1136,1092,1008,1067,975,961,940,841,859,847,792,817,705,734,733,682,708,712,659,630,641,584,593,613,591,522,552,574,527,517,479,472,496,462,455,416,452,406,436,407,419,408,402,401,406,365,387,356,321,340,306,331,318,323,315,285,310,286,281,267,219,263,269,292,216,276,239,255,249,196,254,234,215,198,228,207,218,215,205,198,213,211,190,173,200,182,180,176,195,142,137,157,164,161,145,178,153,174,127,145,154,160,135,135,139,146,154,137,138,93,123,114,127,127,113,120,118,127,101,103,93,105,128,108,113,83,89,92,86,99,110,110,89,93,87,93,80,95,83,73,90,81,93,84,67,79,76,86,67,87,70,76,54,66,59,78,73,81,71,54,68,65,67,59,69,50,65,56,48,57,48,54,42,60
40,39,28,34,38,34,37,38,64,228,630,1225,1305,1277,1229,1108,1017,986,993,981,891,801,825,781,756,699,709,647,657,645,620,553,549,563,562,522,498,480,481,426,420,469,438,396,378,407,392,361,343,346,370,364,326,339,318,317,330,309,294,313,300,279,289,247,276,228,259,256,238,246,259,275,215,220,203,204,210,174,189,216,195,201,190,209,179,170,171,181,163,146,170,183,166,163,144,154,158,136,141,148,150,145,115,145,128,131,120,142,141,127,112,119,122,118,126,109,103,120,140,101,119,92,115,105,123,118,93,84,77,78,96,91,85,87,89,85,65,89,80,76,85,76,78,89,78,66,61,77,76,69,74,84,57,72,73,65,65,78,52,64,51,56,59,56,53,47,43,51,45,50,46,61,44,50,59,47,50,45,50,39,48,47,42,46,43,50,54,43,42,47,38,40,36,36,39,34,51,36,34,36
58,79,74,84,89,78,81,101,244,830,2841,5307,6033,6047,5529,5253,4927,4641,4293,4080,3712,3437,3141,3026,2833,2521,2420,2098,2081,1914,1961,1723,1852,1650,1649,1549,1571,1405,1443,1400,1305,1277,1287,1271,1192,1143,1117,1155,1103,1085,1052,999,982,960,949,906,910,937,849,893,850,809,804,776,757,733,753,664,682,724,653,674,671,619,611,599,594,580,547,525,521,548,524,537,490,462,448,437,447,447,415,467,421,478,408,450,424,397,387,364,378,385,332,335,323,344,358,337,335,318,321,317,272,307,297,290,269,255,266,253,278,272,221,265,261,250,255,249,234,230,221,229,236,215,180,200,216,197,185,186,201,163,205,170,171,159,170,152,179,168,160,159,149,170,148,146,163,138,147,144,140,141,142,127,166,144,123,153,127,125,113,129,123,128,136,134,112,111,109,90,106,114,115,106,98,103,106,97,80,123,89,80,96,96,81,87,71,81,72,62
64,70,66,72,56,69,67,96,213,641,2189,4426,5006,4963,4518,4222,3918,3687,3396,3227,2992,2782,2626,2529,2315,2145,1934,1915,1861,1711,1587,1573,1575,1423,1322,1342,1311,1262,1225,1177,1173,1176,1108,1068,1057,1031,1047,966,955,957,880,931,900,874,821,819,796,774,756,757,751,710,732,738,690,658,659,669,611,618,605,550,548,578,551,559,539,525,544,463,498,489,474,464,460,423,479,441,446,453,421,408,402,368,382,365,413,381,339,385,320,337,302,321,291,290,329,294,271,304,266,283,266,288,249,260,272,244,225,269,258,236,265,253,258,227,211,212,247,205,219,194,215,219,206,194,188,173,181,197,161,165,204,175,166,172,163,151,158,164,147,125,143,126,157,151,134,136,127,137,134,141,129,152,136,105,120,104,105,109,114,117,110,107,113,96,103,102,110,117,104,90,110,90,93,92,90,90,89,89,82,96,79,75,77,83,65,73,77,63
44,47,36,63,48,42,46,77,214,825,2580,3863,3361,2590,2112,1817,1638,1515,1444,1346,1251,1145,1092,1057,1004,939,850,812,819,740,724,700,716,669,677,658,561,580,594,576,550,493,527,516,523,479,483,478,487,444,403,411,403,380,401,413,419,397,371,347,376,337,326,323,337,333,284,300,301,312,298,292,286,290,278,236,313,257,240,230,250,262,255,259,213,214,207,229,217,195,193,206,173,182,183,187,205,185,175,217,200,169,166,151,156,167,148,143,143,159,155,141,143,151,136,133,151,132,116,147,122,132,125,132,104,131,120,118,96,116,127,128,109,107,97,104,87,97,85,114,99,115,83,99,118,97,87,83,95,86,91,89,69,85,84,80,72,87,63,68,71,66,71,54,87,62,67,52,72,78,74,60,60,62,68,51,74,46,65,73,67,47,54,50,56,51,60,60,41,52,50,42,61,47,59,58,39,47,39,42
64,66,77,70,61,75,73,81,165,639,2053,3907,4505,4452,4109,3829,3666,3313,3225,3089,2800,2725,2617,2338,2186,2076,1928,1766,1726,1666,1636,1535,1474,1469,1391,1305,1249,1219,1201,1198,1118,1128,1036,1028,1060,976,990,977,963,970,882,874,855,868,796,769,740,750,779,685,718,665,667,630,663,588,628,566,608,575,550,538,558,538,519,502,500,533,465,495,462,431,455,456,405,421,423,392,404,384,373,375,376,338,339,322,332,339,343,362,302,286,276,287,289,297,314,290,283,269,273,244,225,258,245,241,233,221,220,222,253,229,190,214,228,208,238,199,200,215,157,175,185,199,194,171,165,185,148,169,151,154,152,179,158,143,156,158,155,144,161,150,121,145,144,124,139,121,120,118,135,118,125,119,115,128,125,109,109,97,108,101,114,110,105,74,103,104,104,120,90,98,95,76,87,104,93,77,97,83,85,64,88,60,85,78,71,91,71,66
79,77,88,76,78,89,91,98,206,757,2492,4697,5344,5445,4992,4694,4397,4181,3814,3621,3445,3255,3025,2728,2689,2409,2286,2159,2013,1914,1842,1725,1672,1651,1680,1448,1546,1400,1415,1367,1259,1223,1215,1197,1195,1153,1160,1124,1126,1081,1039,1017,1009,964,920,931,891,869,898,798,839,780,767,714,735,726,708,700,708,616,639,610,595,598,652,582,562,490,564,496,542,514,524,503,485,506,463,451,443,427,451,408,451,436,437,418,410,395,370,379,379,394,372,358,330,327,326,307,313,303,291,299,291,303,287,275,241,299,290,263,269,262,226,273,264,227,242,219,247,213,228,205,217,206,217,211,220,215,198,172,199,175,184,170,183,177,172,155,162,174,158,157,149,184,163,125,142,159,138,149,156,144,148,146,144,146,135,134,131,129,124,128,123,114,121,156,122,102,116,106,112,100,98,97,99,110,100,74,97,101,80,83,104,76,81,82,71,94,77,75
71,59,67,73,67,62,91,79,215,734,2393,4408,5155,4935,4561,4300,4115,3801,3581,3383,3122,3048,2701,2552,2470,2271,2134,2008,1922,1775,1633,1702,1555,1532,1475,1418,1413,1312,1281,1211,1217,1148,1104,1119,1111,1054,1108,996,1032,981,969,949,936,873,864,844,839,814,774,792,813,793,731,718,690,613,734,683,610,631,574,595,587,559,579,518,548,502,529,517,500,468,453,469,445,467,450,427,415,424,403,376,397,349,339,382,331,395,340,340,365,315,352,315,286,296,321,315,312,292,258,269,299,271,257,253,265,240,268,248,253,225,260,243,211,226,241,243,219,189,208,170,197,209,214,207,178,190,199,192,194,170,171,171,171,153,161,146,143,156,144,138,142,120,145,138,139,139,148,149,124,124,142,125,130,126,90,131,125,133,121,122,125,106,103,109,115,119,95,80,83,100,94,111,93,89,95,92,87,78,100,80,85,66,76,71,78,91,80,77
57,59,48,53,49,63,65,79,168,645,2058,3642,3991,3920,3580,3273,3106,2862,2737,2450,2399,2202,2081,1990,1921,1792,1593,1510,1444,1412,1381,1212,1198,1200,1166,1100,1054,1070,984,986,931,926,899,906,808,850,865,751,755,758,732,747,752,661,694,658,658,615,631,583,583,528,576,516,523,496,488,484,472,485,489,467,458,437,453,415,435,425,384,348,394,383,383,367,318,323,330,329,305,326,307,294,303,293,291,285,292,273,248,299,272,256,250,234,219,239,233,217,240,204,242,221,208,205,186,182,190,197,201,197,214,188,175,188,168,173,155,167,158,175,151,158,158,135,153,153,172,139,136,129,145,117,137,120,144,118,101,116,120,106,133,113,125,124,106,116,121,123,103,118,97,102,98,97,109,96,92,110,96,78,91,87,75,92,84,81,80,74,65,82,89,74,71,90,77,88,68,80,75,66,73,70,63,54,52,66,58,37,64,56
56,57,51,54,55,65,51,67,175,629,2026,3747,4245,3903,3719,3514,3342,3015,2852,2716,2542,2347,2163,2163,1962,1876,1843,1672,1639,1435,1428,1363,1365,1299,1282,1245,1140,1065,1123,1073,1063,1025,972,933,902,944,884,890,821,847,832,784,751,769,764,720,669,696,719,648,677,635,631,610,562,552,566,552,510,515,493,492,482,491,467,455,486,378,419,429,433,407,407,381,396,364,369,353,356,311,330,332,318,338,311,341,329,322,316,281,282,296,248,268,278,215,264,262,227,249,227,213,229,218,207,201,204,212,206,191,185,193,195,185,186,208,192,189,192,162,176,178,169,151,159,137,128,141,163,171,147,145,148,142,140,149,143,131,131,110,123,128,137,114,104,104,121,115,115,108,92,89,108,95,85,104,99,97,113,97,98,94,93,84,82,85,85,92,80,90,76,79,59,82,66,77,75,77,86,70,91,71,55,51,62,57,46,61,60,61
68,68,67,68,76,59,55,93,198,708,2430,4241,4955,4612,4410,4078,3713,3402,3280,3012,2831,2670,2475,2307,2117,1944,1948,1773,1676,1592,1539,1510,1405,1296,1251,1256,1208,1230,1126,1185,1092,1014,1063,978,956,947,944,868,855,834,820,832,835,844,801,786,716,717,746,672,647,640,683,644,625,612,551,599,541,563,546,490,520,479,552,524,481,444,490,444,416,427,408,414,425,393,365,372,336,354,386,378,342,348,326,302,322,330,288,287,274,305,261,273,284,216,255,244,271,247,250,226,261,214,233,204,244,214,234,210,204,224,200,202,191,191,166,223,190,177,200,169,165,165,168,183,177,150,145,172,164,151,143,131,139,142,156,145,126,127,126,117,101,99,132,136,119,119,105,109,125,115,131,105,111,99,109,96,112,101,95,97,103,101,96,83,81,75,84,94,83,99,102,84,60,63,85,91,91,88,88,70,73,71,68,70,49,63,58,56
86,84,90,89,88,106,92,113,246,908,2611,5074,5709,5573,5413,5054,4888,4639,4296,4123,3763,3554,3266,3015,2875,2804,2548,2428,2265,2262,2010,2014,1933,1803,1842,1646,1679,1590,1604,1606,1470,1466,1460,1378,1248,1221,1291,1292,1209,1152,1199,1110,1070,1071,1096,1038,1059,1078,986,924,941,860,896,883,888,857,835,779,784,779,689,732,749,652,683,679,676,627,677,606,605,592,601,572,568,530,554,543,526,496,504,497,446,510,458,443,454,441,434,406,419,424,430,377,382,353,381,352,387,351,322,379,338,323,346,327,336,313,288,315,264,305,297,283,261,267,297,258,250,269,268,252,287,290,252,238,189,214,214,242,231,246,219,210,210,199,208,200,227,175,191,186,191,176,147,159,180,203,177,174,149,161,136,157,158,130,149,161,166,141,127,146,137,134,137,150,137,132,125,125,136,106,122,141,143,115,114,107,122,118,99,112,124,96,103,98,91,97,98,86
82,97,97,93,85,100,87,120,287,998,3157,5977,7042,7057,6560,6178,5838,5478,5047,4634,4430,4164,3850,3582,3321,3060,2813,2689,2468,2406,2326,2245,2084,1964,1908,1841,1818,1766,1684,1601,1723,1580,1540,1493,1467,1469,1410,1423,1425,1419,1254,1287,1220,1176,1183,1173,1142,1093,1045,1050,1034,1001,961,996,946,893,889,901,884,805,826,814,808,762,738,694,718,699,661,686,684,699,681,642,645,609,605,556,620,564,531,527,536,517,490,476,505,506,482,439,460,509,418,483,406,429,373,388,377,383,379,358,341,358,340,346,362,341,315,323,321,314,314,311,317,290,280,313,271,279,253,258,273,252,260,255,264,236,232,211,210,234,184,224,215,233,198,203,214,203,189,206,203,181,185,189,191,188,179,184,183,185,177,187,192,157,170,153,169,153,173,148,165,171,157,164,151,150,140,115,128,110,127,122,140,132,133,116,131,107,103,114,103,115,105,82,121,91,98,94
62,63,65,60,46,67,52,73,202,566,1921,3507,4031,3766,3557,3210,2996,2684,2563,2455,2361,2146,1914,1931,1812,1696,1604,1510,1438,1415,1258,1272,1266,1142,1148,1063,1072,984,996,1008,903,942,923,840,851,843,849,788,767,790,790,752,730,701,691,678,657,627,650,585,614,570,533,566,544,537,522,487,490,486,441,468,468,445,424,411,407,416,394,368,376,389,390,362,378,356,315,321,349,330,314,304,314,308,297,322,289,266,258,266,251,262,265,247,263,267,230,275,253,215,236,248,243,197,192,198,207,204,175,205,230,198,211,173,186,178,144,193,184,129,156,171,174,155,178,162,146,147,146,133,141,143,124,140,134,126,138,118,131,137,110,142,123,115,129,115,109,119,123,109,116,100,110,104,120,86,98,91,89,103,94,104,95,87,87,81,89,83,87,79,90,76,91,65,75,85,69,71,66,72,71,78,63,69,70,63,61,46,59,48
38,45,36,56,50,35,33,48,80,302,869,1473,1636,1443,1349,1267,1176,1099,1096,1018,1066,982,931,897,859,843,824,799,747,751,674,636,649,653,654,649,618,587,556,536,503,525,512,488,530,477,457,432,474,415,448,431,413,401,384,382,352,353,373,358,320,309,304,312,308,293,320,331,307,298,282,259,282,279,255,281,274,209,210,226,233,243,244,196,218,221,210,196,193,194,176,209,193,197,178,188,154,191,173,166,193,170,171,163,172,158,168,164,147,163,134,128,138,114,147,156,133,158,128,128,144,140,147,123,113,90,122,138,117,112,101,104,110,107,107,121,104,86,99,82,104,108,105,100,90,105,86,80,78,99,82,79,95,92,96,78,80,97,65,71,82,82,84,57,74,51,71,75,56,81,49,66,64,58,74,60,52,52,69,56,52,51,52,55,49,45,56,52,44,59,66,46,52,53,55,48,31,42,52,47
41,59,39,48,46,49,42,43,96,253,807,1427,1557,1403,1403,1282,1190,1138,1110,1123,1040,977,983,896,898,871,852,788,783,715,696,696,718,638,637,593,584,544,563,583,508,546,489,488,462,467,491,451,440,463,406,425,413,458,386,346,381,417,361,335,366,315,328,360,326,324,276,301,295,291,284,303,269,270,267,272,240,222,232,233,236,224,247,239,236,209,206,196,204,210,202,224,197,176,196,199,191,186,190,176,169,154,159,157,157,157,162,165,153,154,151,145,158,150,142,128,124,124,130,129,124,138,115,117,132,119,119,122,107,125,120,104,97,121,110,102,116,93,93,98,95,86,99,101,82,91,83,88,102,81,83,86,79,77,94,66,91,80,64,75,76,63,79,64,83,84,50,74,69,75,78,72,60,73,92,65,56,80,54,39,68,52,61,48,59,56,47,50,49,49,38,45,48,41,41,47,43,47,60,39
37,49,43,54,48,45,43,54,83,265,840,1340,1557,1394,1368,1286,1141,1145,1161,1006,1064,1009,921,922,884,832,876,806,750,710,695,667,644,629,605,573,585,572,559,471,545,492,487,482,519,456,457,466,440,433,398,419,425,425,418,361,380,382,335,323,374,335,324,355,322,314,334,324,291,250,274,292,258,257,249,241,232,237,255,236,236,225,232,215,227,221,203,225,207,193,222,196,206,183,186,195,186,177,181,167,170,163,165,165,169,172,168,151,161,157,155,135,132,159,156,113,146,139,167,131,135,134,139,123,128,116,125,112,120,117,95,112,110,98,100,120,101,94,109,112,92,103,100,90,87,77,87,98,87,72,99,98,83,70,76,97,76,61,95,74,80,74,72,70,78,72,62,55,77,78,52,61,72,63,75,61,49,75,60,73,63,58,47,51,60,58,71,62,49,61,48,47,53,45,42,38,50,51,45,40
41,44,37,45,44,63,54,41,76,264,773,1389,1568,1422,1329,1210,1259,1149,1056,1102,1042,932,934,948,874,858,740,743,760,727,710,678,637,640,596,583,562,580,540,528,523,514,471,510,498,466,441,445,445,433,406,413,416,390,403,350,413,389,366,352,339,293,342,336,327,317,297,331,268,284,279,265,270,287,269,260,266,250,254,248,239,230,254,214,244,224,217,184,195,237,213,212,180,190,193,202,187,174,161,178,170,193,166,178,168,167,148,154,137,135,160,164,145,134,145,139,136,106,137,139,127,129,120,138,128,116,96,122,109,113,101,104,116,105,110,88,80,93,108,99,110,102,90,107,95,91,99,98,73,96,92,91,85,70,75,85,87,87,87,92,69,89,62,70,84,78,61,82,60,64,57,73,69,60,56,55,64,55,50,66,49,45,68,43,75,63,60,80,59,60,58,49,53,60,41,59,38,45,47,43
55,58,43,37,45,39,47,50,71,271,854,1364,1418,1476,1357,1295,1161,1115,1123,1071,1068,994,953,865,891,888,798,775,730,701,758,666,646,639,629,634,600,583,547,520,548,479,474,527,485,502,445,457,419,414,422,398,438,382,370,425,377,395,355,326,346,317,363,309,346,332,294,286,277,296,292,283,254,284,251,244,262,262,241,222,243,209,245,228,222,203,196,187,215,199,185,178,196,206,187,175,203,182,179,148,166,163,163,167,144,158,153,146,151,164,144,143,132,124,148,145,120,125,137,119,130,143,115,129,125,131,133,105,113,118,104,107,119,76,91,107,91,100,107,99,101,95,111,76,90,100,83,86,89,94,101,79,98,85,83,79,89,80,96,79,66,73,59,64,80,61,81,57,59,57,74,67,73,66,63,64,52,52,48,56,50,59,72,53,47,52,56,44,49,64,49,48,39,49,41,48,52,41,53,39
49,51,38,48,42,35,50,41,92,266,819,1395,1505,1434,1335,1284,1211,1241,1156,1059,1055,1018,998,903,896,835,793,801,754,737,682,680,627,634,603,609,581,582,550,561,488,536,552,482,497,453,523,468,411,435,442,384,427,415,399,363,360,355,371,353,361,323,358,322,318,305,311,308,308,275,270,262,251,296,271,218,261,231,251,237,226,256,238,240,212,213,214,202,199,198,204,206,204,198,192,188,188,172,177,173,173,153,155,176,192,164,145,155,169,160,136,165,141,121,157,129,120,137,129,138,143,145,104,135,134,131,105,94,113,106,114,113,117,117,113,125,126,98,94,95,101,95,96,115,89,91,84,91,93,73,97,76,99,67,85,73,86,81,75,75,72,84,75,62,80,74,65,71,63,67,51,56,69,60,65,70,70,51,53,57,61,50,65,54,53,67,70,45,41,62,58,54,52,45,58,41,47,31,49,43
54,54,53,56,50,54,63,72,137,440,1325,2480,2633,2552,2443,2269,2026,2002,1931,1744,1664,1571,1484,1392,1381,1266,1256,1214,1159,1068,1033,1071,957,946,964,851,887,839,761,799,784,786,676,714,692,666,663,649,630,590,558,594,592,556,551,534,515,512,474,517,487,482,468,437,445,443,425,433,429,398,405,422,394,390,353,375,361,328,331,337,297,318,313,275,308,314,296,265,302,279,260,279,267,252,237,253,243,229,231,231,211,253,248,245,231,213,244,205,216,203,188,201,199,189,192,191,174,191,199,176,166,170,159,167,146,163,150,140,146,161,156,151,153,147,143,139,149,128,118,127,131,131,144,135,121,114,125,129,113,125,120,107,109,113,109,120,81,101,109,98,103,116,101,94,100,86,93,81,92,80,79,91,76,82,82,68,80,72,81,83,77,74,78,86,56,64,80,72,59,64,73,71,52,64,72,59,63,56,47,61
54,56,47,43,41,44,43,50,93,315,970,1651,1674,1623,1511,1469,1345,1283,1224,1215,1186,1169,1025,1046,910,889,866,870,859,797,759,759,734,701,678,654,634,611,617,549,580,587,552,539,509,513,510,497,489,427,457,442,467,443,416,415,426,401,378,365,378,354,373,367,355,373,319,336,319,325,285,291,305,287,302,325,261,278,272,232,247,235,224,250,235,269,228,236,235,224,222,226,216,227,197,191,196,180,196,190,204,182,190,203,173,166,161,156,177,147,159,154,150,135,151,143,127,161,155,123,122,132,126,138,128,116,125,119,147,122,108,109,101,108,104,110,116,111,79,98,118,117,69,99,91,103,96,93,84,73,103,98,92,84,93,88,84,104,78,75,69,77,94,77,81,83,80,69,70,78,72,59,64,70,86,66,61,65,80,60,46,66,61,68,56,61,47,58,55,63,52,60,55,51,59,50,54,45,47,48
52,33,51,42,40,50,36,58,101,324,975,1703,1962,1754,1724,1522,1482,1385,1340,1316,1219,1211,1099,1085,1065,964,947,892,898,879,785,798,726,703,697,699,662,623,604,609,602,565,566,562,580,511,463,477,532,451,474,464,474,442,407,441,402,390,393,365,430,353,375,372,335,352,346,354,330,302,331,289,301,291,272,301,239,240,232,240,215,271,261,259,237,235,230,216,209,200,206,194,184,205,208,215,226,178,198,208,173,211,189,166,175,166,164,184,152,177,146,152,141,160,139,143,150,143,150,138,140,117,109,89,138,113,122,106,121,122,118,119,129,116,107,90,102,89,115,96,89,83,92,84,113,81,82,75,76,84,79,93,83,89,89,76,79,75,75,58,71,68,64,94,80,73,78,87,69,55,72,56,47,52,65,57,64,68,73,65,55,49,58,56,61,56,55,49,47,55,44,50,58,64,55,57,44,55,50,44
54,47,39,47,55,42,51,53,118,370,1103,1807,2050,1889,1785,1642,1546,1441,1397,1425,1273,1210,1186,1017,1051,991,979,858,857,907,849,819,775,733,686,686,672,679,662,582,604,634,557,551,528,507,504,496,493,518,453,501,458,467,452,421,399,426,367,404,403,397,359,362,380,336,345,324,321,319,315,324,289,264,307,280,292,263,325,251,267,247,286,249,263,232,250,233,231,202,193,243,210,189,195,201,195,202,178,203,202,180,198,171,177,198,171,163,164,163,172,159,151,142,139,146,133,137,134,148,123,108,137,145,137,137,131,147,124,135,96,118,121,101,117,121,97,91,111,102,98,107,90,99,95,92,94,82,87,83,70,89,85,86,99,79,94,77,88,87,69,88,69,80,79,71,77,56,75,68,63,64,69,69,63,61,65,65,65,61,61,50,47,56,67,55,39,69,48,46,60,54,48,56,48,54,55,47,47,47
60,36,43,46,46,40,30,56,82,263,780,1384,1551,1460,1297,1223,1197,1149,1130,1031,1047,1013,968,912,942,818,869,778,749,763,691,723,676,668,650,594,588,594,534,528,513,512,482,508,474,450,451,478,458,434,434,390,402,362,397,377,400,343,369,352,317,353,318,338,330,289,315,323,306,304,272,303,242,266,282,255,222,248,224,232,252,256,217,217,211,215,225,230,216,217,205,187,202,193,184,178,183,173,186,193,169,164,194,168,181,175,167,168,166,151,144,127,127,148,114,137,133,105,115,147,128,104,115,130,127,111,130,128,120,99,90,107,128,115,93,96,118,100,103,100,87,91,116,101,100,81,84,92,96,95,78,76,90,73,79,83,95,73,77,87,97,84,82,70,76,64,64,84,68,70,84,71,68,58,60,59,48,56,70,56,60,67,71,62,55,44,58,58,48,47,56,55,53,42,53,51,54,42,34,46
46,39,47,44,57,63,52,57,129,325,1068,1888,2076,1940,1785,1652,1620,1521,1445,1347,1327,1357,1155,1145,1091,1062,996,955,913,877,843,798,818,803,841,722,688,647,695,656,622,574,602,593,550,559,554,547,541,513,486,490,489,452,413,417,405,414,414,437,450,450,366,394,353,406,378,343,370,311,298,352,311,307,317,290,280,274,274,287,273,258,261,265,251,256,260,218,239,232,231,229,228,225,217,211,224,182,187,206,204,192,199,194,180,169,209,166,192,182,158,166,153,172,157,170,158,126,137,135,140,158,151,150,163,123,148,142,114,123,140,126,112,104,128,119,119,93,106,110,108,121,103,101,94,97,100,101,110,115,80,77,91,102,83,93,81,80,96,82,89,87,93,79,75,60,84,75,80,63,78,69,67,66,65,75,69,69,66,64,58,81,71,68,51,64,58,51,51,40,56,63,56,54,51,47,56,50,45,48
49,35,59,41,47,50,48,47,77,248,766,1332,1554,1430,1321,1280,1223,1163,1112,1066,1079,965,955,928,856,834,833,739,735,745,710,693,721,651,612,606,621,613,572,551,529,500,527,510,459,458,448,450,470,475,392,445,406,413,372,384,341,379,328,339,317,350,349,351,323,316,306,272,269,284,292,256,280,277,260,264,241,283,274,259,220,233,215,192,228,246,223,208,201,241,211,196,198,185,194,187,212,196,168,181,167,160,184,167,168,164,142,155,143,147,144,132,150,123,139,134,144,131,133,113,123,113,129,137,135,128,117,108,97,104,115,86,119,106,89,120,94,118,105,98,88,86,107,95,111,96,86,86,85,74,75,94,96,84,76,71,78,76,73,76,58,77,65,76,48,61,78,74,74,62,68,59,66,72,73,72,54,56,53,68,67,50,51,82,46,59,41,48,48,44,46,45,58,41,42,53,44,46,56,39
30,36,37,38,31,31,24,26,74,186,515,919,958,978,891,813,773,781,720,783,688,685,618,562,580,578,567,508,484,472,497,436,474,389,412,453,399,381,391,365,357,335,353,322,338,295,308,316,311,294,278,275,266,268,264,266,211,240,234,245,236,240,241,208,229,218,185,200,199,189,211,176,196,175,177,171,155,150,157,169,161,156,165,149,146,149,176,139,121,130,145,136,127,149,119,127,130,127,117,128,115,133,114,109,104,123,98,100,87,106,99,95,102,94,97,83,107,85,78,107,106,83,83,79,93,80,77,74,81,79,78,69,80,59,66,74,62,68,75,63,67,62,71,63,58,66,53,40,56,54,52,61,60,54,52,51,46,48,57,52,60,45,50,54,50,51,49,35,55,35,43,52,45,44,42,36,49,51,38,37,43,48,30,41,39,29,35,45,53,41,37,32,29,42,47,29,28,25,34,33
39,55,38,46,36,34,52,42,87,333,996,1742,1906,1848,1729,1507,1485,1384,1282,1267,1187,1153,1120,1060,980,977,919,857,832,823,761,758,663,672,691,702,648,652,582,572,555,544,606,556,526,519,509,494,479,452,481,420,441,398,414,417,412,428,390,413,387,348,377,338,353,339,322,324,320,312,323,306,267,297,304,286,260,260,245,266,270,240,246,252,225,255,235,229,232,250,205,203,233,218,199,218,196,185,192,180,168,173,173,165,160,190,163,137,166,166,167,178,164,147,161,139,152,138,119,144,144,158,134,124,144,124,122,128,119,113,134,112,116,111,96,85,123,108,90,100,83,99,113,95,110,80,72,85,99,99,85,110,87,100,94,92,86,82,84,77,75,76,73,68,83,71,59,70,74,85,77,81,70,70,63,54,51,85,44,42,59,64,64,46,66,46,56,80,47,55,56,41,55,41,50,60,52,45,41,47
76,71,73,75,73,60,78,89,202,594,1895,3397,3718,3523,3208,3149,2896,2724,2578,2448,2177,2196,2003,1901,1826,1676,1574,1535,1458,1384,1344,1336,1250,1177,1161,1104,1077,1092,1001,1025,972,975,996,934,888,914,843,762,765,815,788,753,715,740,747,690,727,656,649,679,645,640,592,596,559,527,561,510,530,533,498,555,495,508,433,451,444,476,435,448,399,394,392,409,356,347,357,352,373,354,388,335,308,349,307,322,310,336,278,298,309,276,278,261,274,288,257,252,242,274,259,247,245,217,220,237,260,210,222,191,199,188,214,191,207,191,212,173,208,180,177,171,204,184,145,172,175,161,164,176,176,177,160,145,143,170,152,141,136,145,105,138,129,130,119,141,130,137,121,118,119,94,134,128,122,96,119,119,109,95,112,112,102,113,98,95,101,93,81,87,99,104,87,84,74,105,73,87,72,84,73,90,76,85,91,66,79,77,65,56
44,50,51,45,54,50,50,46,117,370,1133,2185,2331,2326,1969,1986,1890,1753,1657,1575,1485,1516,1400,1290,1312,1206,1038,1076,1046,992,919,898,889,836,817,799,839,799,725,671,737,715,628,646,634,627,612,555,544,565,523,549,554,533,502,484,471,486,483,465,421,476,448,399,440,386,390,369,374,362,330,365,359,319,331,345,293,320,342,327,301,296,296,283,253,260,285,260,258,226,246,219,235,241,212,222,247,221,217,212,207,206,190,195,212,225,217,179,171,199,192,182,165,175,158,186,180,169,162,142,155,151,163,124,136,131,128,138,134,131,121,135,129,131,144,127,144,130,130,94,111,116,129,116,122,113,105,87,94,97,76,100,116,98,91,86,95,86,83,73,86,90,90,76,74,84,75,70,71,88,86,90,67,73,60,87,76,72,70,73,68,60,54,44,57,71,55,73,61,53,44,61,60,50,64,57,53,49,52,48
47,50,55,49,49,53,44,48,91,299,1138,1894,2026,1896,1734,1608,1545,1423,1403,1235,1189,1143,1146,1033,954,957,861,879,823,763,681,786,731,722,706,590,640,618,591,561,569,559,558,517,524,478,453,518,496,452,486,429,403,429,419,411,411,365,407,347,372,361,347,330,337,307,303,274,304,296,317,283,264,281,254,241,251,262,255,239,235,247,255,234,236,217,204,217,213,222,202,191,184,225,186,197,199,206,170,166,167,190,168,172,162,165,142,146,155,144,138,159,128,152,157,136,133,119,125,140,123,128,134,131,108,129,125,108,111,105,131,106,110,111,98,93,94,110,112,101,96,85,72,97,103,82,74,85,100,98,78,87,83,93,93,68,73,96,68,75,74,69,88,69,76,64,74,75,69,71,76,57,50,45,73,60,61,57,60,57,52,60,62,60,62,54,63,64,69,41,45,52,56,43,44,48,47,38,47,34
54,62,40,52,53,52,44,55,135,481,1599,2709,3036,2832,2644,2436,2272,2088,1955,1855,1823,1694,1675,1437,1422,1358,1279,1198,1190,1118,1054,987,1008,974,931,927,838,815,781,794,779,675,711,702,680,692,655,671,622,620,589,557,593,580,586,561,506,528,504,452,489,449,446,468,429,422,427,417,366,391,359,387,391,360,376,361,341,354,327,337,340,292,301,337,301,284,265,324,291,270,262,252,212,261,273,239,244,255,235,224,222,244,211,210,211,230,195,201,186,210,187,180,200,179,191,179,158,175,150,173,147,141,132,134,150,131,146,166,155,130,136,132,130,120,134,119,139,130,127,125,124,122,117,116,131,99,109,117,103,97,93,119,93,98,87,86,87,71,84,85,80,102,84,82,96,88,82,81,74,89,76,78,98,58,85,77,70,61,72,64,72,75,76,68,73,59,63,66,72,63,59,64,57,43,68,61,61,62,62,62
35,36,60,51,56,44,51,41,88,284,890,1497,1585,1545,1392,1371,1249,1175,1123,1117,1045,976,1021,884,883,864,790,815,689,747,714,749,673,646,630,616,612,603,573,522,539,562,523,503,479,475,468,447,450,411,413,420,444,358,381,348,407,347,337,353,362,330,325,306,350,327,284,298,299,295,255,284,272,266,260,238,218,229,247,205,213,240,256,241,222,206,228,199,190,216,201,205,208,182,171,173,199,182,203,171,172,171,157,169,152,178,138,162,156,156,169,139,134,141,144,140,134,115,137,129,122,153,121,138,113,127,100,119,114,119,85,108,122,71,109,83,118,107,94,111,86,104,73,89,89,87,84,100,83,76,73,96,89,86,62,88,80,89,74,79,80,72,55,71,61,70,73,72,79,60,57,61,76,76,61,60,57,66,68,66,67,59,61,49,47,39,71,54,41,45,63,49,60,55,51,45,47,49,30,45
47,51,46,39,38,53,57,44,89,295,829,1510,1588,1546,1372,1323,1214,1213,1123,1019,1100,965,984,939,909,831,799,801,764,780,666,687,673,692,637,557,577,575,560,556,555,520,485,479,527,480,424,443,420,422,416,404,433,364,384,380,364,368,360,311,313,335,330,314,308,288,303,306,313,288,282,280,271,271,282,255,244,220,228,215,224,240,236,239,244,177,220,208,205,204,190,203,182,180,190,177,166,169,185,169,167,166,180,145,168,176,179,161,145,138,145,135,143,151,138,135,136,145,126,116,126,113,110,134,127,115,122,111,96,103,124,104,106,97,136,110,93,87,96,100,104,87,86,87,80,83,91,61,82,72,84,83,97,83,86,77,77,84,75,75,63,68,75,73,62,64,64,82,88,77,56,68,66,54,57,50,69,65,73,48,57,52,55,45,54,59,50,61,49,50,40,57,52,51,37,43,41,47,44,46
55,34,36,49,37,36,40,51,90,297,843,1578,1559,1551,1417,1381,1248,1173,1131,1102,1072,954,998,949,903,922,806,764,733,700,729,681,665,660,659,638,591,532,553,591,531,519,502,454,470,502,456,449,481,451,464,488,405,385,397,403,382,347,337,367,342,355,327,343,329,324,248,319,272,293,265,278,291,239,263,259,265,260,228,252,254,222,242,227,231,222,209,211,227,235,218,178,185,212,176,168,154,183,170,166,173,178,140,187,154,155,176,164,160,149,142,142,123,155,127,132,138,137,129,129,114,129,130,116,128,110,114,119,132,105,86,103,103,120,90,91,95,111,98,84,100,92,89,97,98,83,88,84,83,92,89,79,67,85,91,70,90,65,75,78,65,85,89,51,83,61,74,73,72,63,54,50,66,65,64,64,75,71,56,66,48,61,67,45,52,64,74,55,58,51,51,44,47,50,50,46,44,41,44,48
37,32,44,33,46,57,46,44,84,278,896,1480,1614,1550,1439,1317,1273,1224,1132,1078,1081,986,1025,972,941,833,845,858,775,758,730,696,663,665,568,620,575,570,536,543,534,549,507,495,482,466,458,487,413,422,444,383,402,375,382,392,417,386,378,369,367,332,337,317,352,293,276,293,306,264,282,280,275,266,257,242,263,253,255,271,246,253,260,226,210,208,230,225,222,211,199,205,168,195,197,175,190,178,207,190,144,185,168,152,171,154,157,156,146,165,145,147,146,136,136,120,120,131,120,136,144,123,125,116,134,111,119,130,139,117,96,102,111,108,121,111,112,107,111,119,105,112,98,81,91,87,89,84,90,85,93,87,82,70,81,86,68,87,74,79,62,76,77,68,72,65,88,57,83,75,72,55,62,66,66,62,49,56,53,61,71,52,43,65,55,49,47,56,64,52,43,63,46,50,57,52,47,51,46,39
31,49,42,46,54,50,43,56,98,298,907,1572,1620,1485,1391,1318,1295,1228,1143,1156,1021,992,934,909,928,855,842,802,732,747,726,681,685,664,647,615,559,546,594,542,561,506,471,493,447,507,476,448,457,468,437,431,405,396,374,404,397,364,385,369,341,337,326,311,343,319,304,301,283,318,285,305,255,275,291,255,284,251,228,237,249,258,208,241,233,201,200,215,205,230,197,208,202,192,185,220,182,179,161,158,161,184,161,165,167,158,147,134,121,161,158,130,145,140,133,148,128,136,111,136,115,125,113,124,120,133,110,118,126,115,113,91,110,100,106,120,96,90,97,103,92,97,95,89,103,85,85,93,72,115,100,64,81,69,79,87,97,89,84,78,77,83,74,69,63,67,67,61,72,72,66,56,68,62,66,74,57,58,54,71,49,57,57,68,57,51,70,44,51,59,58,39,54,40,40,51,36,44,57,60
53,44,41,50,47,36,43,52,83,310,864,1526,1629,1549,1457,1417,1344,1179,1169,1138,1060,1056,964,879,859,920,834,812,748,765,754,684,630,648,660,625,614,544,566,584,535,487,524,519,504,486,472,469,416,411,428,432,398,393,356,408,365,372,386,368,355,362,348,306,318,327,315,299,302,322,329,293,268,300,303,275,263,268,253,254,217,241,219,245,226,237,213,207,206,219,199,176,194,190,168,196,183,172,205,180,158,186,156,192,153,183,147,128,170,156,139,162,150,159,135,145,149,144,142,131,123,121,113,124,118,141,133,114,120,124,121,126,122,109,108,82,111,110,113,100,83,96,106,89,95,96,102,108,95,86,79,68,81,80,88,96,71,66,68,77,85,87,72,69,63,66,65,71,74,49,71,67,59,59,50,55,55,59,60,54,49,55,78,56,68,56,62,60,72,53,46,40,57,54,51,47,50,38,48,38
51,39,42,50,41,55,49,55,113,277,785,1447,1593,1470,1454,1236,1253,1204,1073,1090,1059,1045,1026,915,914,818,842,839,794,742,765,711,660,614,640,619,610,571,600,561,527,548,484,529,509,491,481,463,487,465,428,442,380,432,421,405,311,425,367,344,339,338,345,306,337,306,310,320,259,294,298,252,290,271,256,267,239,229,226,228,239,230,214,243,259,219,218,225,190,208,200,202,221,209,206,205,162,189,189,189,141,204,159,173,167,152,169,140,145,159,183,153,143,133,162,134,126,141,145,149,115,129,124,129,123,142,115,127,132,112,110,117,119,114,101,108,94,104,86,100,98,108,95,102,92,90,85,94,102,79,98,89,104,75,80,87,79,65,77,65,71,77,81,68,79,55,69,61,79,56,74,64,67,66,72,59,56,63,60,70,51,63,58,61,65,64,67,70,69,49,55,58,49,41,58,33,70,34,56,54
61,41,53,44,44,64,40,60,107,257,847,1481,1610,1566,1456,1338,1280,1237,1158,1162,1156,978,1011,975,946,944,800,842,797,758,786,705,659,640,695,663,609,598,600,585,540,573,526,539,502,484,511,480,459,441,457,425,419,441,387,424,369,390,368,370,377,365,364,339,337,341,350,323,340,330,309,283,295,295,289,266,275,287,246,250,246,232,242,241,222,203,231,240,236,192,220,230,200,205,197,191,193,177,198,157,172,181,153,198,153,169,163,160,172,163,155,137,162,145,142,156,134,121,152,128,155,119,143,142,129,128,103,106,107,157,131,125,113,87,112,96,109,109,115,110,107,92,86,102,91,106,89,95,86,88,97,99,66,91,95,67,92,84,77,96,73,82,83,83,80,92,60,79,71,66,73,64,73,74,59,55,64,86,64,59,68,69,54,52,49,58,49,52,61,50,67,61,65,61,58,38,42,46,43,47
51,38,55,43,38,52,43,48,89,302,929,1671,1822,1713,1605,1506,1369,1360,1274,1242,1221,1185,1063,1007,1000,978,892,868,836,793,763,808,705,729,686,621,695,632,569,557,548,574,558,528,520,526,487,530,481,465,498,473,417,443,432,406,378,417,379,379,396,383,352,356,383,327,307,359,308,312,281,296,279,292,271,301,270,291,238,255,261,230,231,233,227,231,238,218,184,214,223,223,219,190,196,218,201,238,177,190,172,164,166,185,180,177,180,140,163,170,148,136,145,127,149,160,143,135,143,130,145,126,132,143,149,144,123,126,140,121,115,114,101,124,134,123,126,110,113,94,89,99,80,103,89,97,97,94,98,99,98,93,85,81,90,94,84,91,82,83,92,78,81,80,64,71,77,65,73,56,74,72,64,68,62,78,65,56,88,59,69,58,61,75,68,42,64,58,59,57,52,52,40,47,59,51,48,64,65,59
57,43,50,37,38,47,50,44,86,295,843,1427,1656,1568,1390,1367,1317,1229,1200,1189,1100,967,992,930,910,901,864,848,790,773,733,685,769,652,637,620,636,580,594,573,551,557,525,513,523,514,496,448,451,472,465,479,380,417,431,395,385,376,394,375,343,358,361,343,334,346,322,312,285,312,287,296,311,288,261,258,260,255,274,244,255,262,246,229,249,236,243,214,221,226,234,207,213,214,184,196,197,194,183,172,182,167,195,178,179,190,184,182,159,162,147,167,158,167,136,145,127,151,127,149,131,139,125,138,139,136,127,134,101,118,118,129,126,135,105,111,121,95,109,88,92,102,97,100,104,99,104,88,94,85,95,76,93,84,87,77,76,86,75,83,80,83,76,80,63,65,80,71,72,74,68,75,69,70,65,81,61,77,66,55,66,50,70,51,55,71,48,64,67,55,56,71,50,68,53,60,42,43,51,52
44,39,43,42,56,44,44,50,93,264,807,1377,1565,1541,1418,1339,1241,1195,1159,1119,1057,981,989,947,911,897,804,844,761,750,708,733,687,669,650,634,571,635,578,505,521,569,550,546,508,506,473,441,450,452,470,467,426,432,378,382,407,394,352,351,341,360,351,320,315,328,316,322,328,303,294,267,319,257,279,262,262,289,249,254,266,233,225,246,246,235,247,243,202,192,202,202,193,190,188,167,193,180,196,182,176,174,182,165,174,180,178,144,151,162,145,163,170,142,142,137,148,152,134,120,138,123,129,138,120,119,119,137,136,120,100,118,115,119,92,111,100,97,95,102,98,117,93,98,95,85,77,102,90,74,95,81,76,71,75,86,80,74,87,91,70,73,71,82,83,62,74,65,64,65,61,60,69,64,44,66,63,66,66,52,58,74,53,43,44,56,53,55,54,54,51,39,55,42,39,34,50,52,56,48
44,52,62,36,41,59,52,52,83,298,875,1567,1766,1673,1548,1420,1424,1320,1337,1242,1207,1119,1093,979,944,942,963,925,874,775,803,779,752,767,661,647,670,623,640,641,566,600,571,561,526,530,560,519,495,478,473,482,441,463,422,438,420,383,405,429,391,394,386,388,321,356,361,337,311,324,342,339,319,293,307,304,294,297,265,285,262,256,249,249,252,260,231,234,259,215,236,202,180,247,194,209,203,204,201,188,207,194,196,195,189,186,194,204,190,166,174,171,166,167,149,159,154,160,133,136,156,131,146,153,150,115,137,110,137,121,128,135,128,112,116,124,119,115,110,91,105,97,109,123,123,90,84,101,106,83,94,100,92,100,98,90,110,102,83,79,106,80,72,74,81,62,73,84,81,76,79,81,83,70,68,66,81,61,83,74,67,68,58,59,65,64,77,57,65,64,58,61,66,57,57,35,64,64,53,44
41,45,49,51,57,40,53,54,101,258,796,1465,1584,1498,1440,1325,1190,1223,1138,1041,1075,1025,1009,987,883,899,861,777,758,781,718,709,657,660,593,581,618,613,585,548,538,551,532,508,501,491,468,457,507,427,428,464,417,431,391,397,376,412,387,366,350,322,340,335,334,332,297,330,304,300,273,303,289,264,282,257,285,265,263,242,213,234,261,231,215,227,212,240,221,202,228,207,211,198,212,211,170,166,206,169,180,185,184,183,162,168,170,162,173,147,144,172,138,135,137,113,133,145,135,140,133,133,140,146,126,126,106,110,128,125,109,119,123,120,110,100,101,97,114,82,107,99,76,100,102,87,93,88,86,73,89,76,67,70,78,103,87,72,79,79,79,83,74,61,63,70,68,80,70,66,73,59,56,62,77,60,58,57,62,52,69,53,69,58,53,44,56,39,58,48,45,47,51,57,64,44,40,44,47,43
60,54,44,48,49,49,55,42,77,291,896,1395,1571,1534,1361,1295,1296,1192,1153,1170,1102,1040,1020,869,892,798,852,833,779,742,723,722,681,723,636,575,604,562,609,546,538,530,504,512,528,498,481,459,465,409,398,436,420,412,376,408,378,379,358,364,359,342,390,313,312,316,332,284,314,309,286,286,301,276,259,307,259,236,291,244,251,237,229,235,185,245,231,218,245,208,194,165,199,187,232,184,211,217,187,157,175,162,154,169,143,157,175,142,166,139,164,167,144,147,151,146,149,142,112,120,138,117,121,126,114,128,134,103,128,104,121,97,108,117,126,107,122,95,96,108,107,75,92,112,90,93,86,94,93,86,90,75,82,87,87,89,73,77,78,87,89,78,82,86,63,93,80,67,62,50,77,61,75,72,61,63,71,53,55,53,53,64,62,70,58,55,65,54,58,69,45,45,64,41,50,56,36,36,56,46
53,47,45,57,52,38,35,48,86,241,853,1389,1495,1449,1373,1345,1265,1170,1138,1098,1057,1073,997,919,941,893,848,795,781,703,723,691,671,648,635,641,590,600,569,571,559,520,512,496,500,473,491,444,454,468,450,418,381,387,414,397,383,375,367,331,382,349,357,329,333,308,321,309,274,335,310,290,276,281,265,250,277,265,237,261,247,227,237,227,229,256,201,232,219,215,202,206,197,174,205,201,169,170,198,182,164,164,176,179,178,171,149,150,142,149,153,138,137,148,149,127,135,131,151,123,135,127,120,119,127,121,122,116,128,108,105,131,121,97,99,110,114,95,97,106,93,101,96,85,100,98,108,103,103,90,75,96,97,81,81,84,83,69,75,77,85,55,74,75,78,82,77,68,59,75,68,75,58,65,61,61,55,57,60,67,57,50,69,50,48,54,56,60,51,56,56,34,52,51,41,51,60,52,47,57
57,36,33,58,37,38,51,57,98,253,819,1411,1530,1485,1347,1375,1206,1236,1083,1071,1085,949,924,923,908,877,840,769,743,707,713,686,655,605,599,624,570,586,575,539,530,603,480,513,534,464,463,490,453,431,420,392,470,414,409,385,407,360,374,371,344,348,312,336,333,327,325,318,320,291,285,301,263,246,283,256,275,239,249,274,229,246,197,208,220,238,213,213,204,223,203,204,205,214,199,196,216,189,194,191,175,169,186,168,165,170,150,155,153,159,150,136,144,147,141,138,157,128,140,128,139,143,137,145,142,121,119,112,103,126,108,104,109,103,111,111,75,77,105,80,109,111,93,84,101,94,87,93,108,85,94,84,106,90,83,93,87,66,72,78,57,69,70,74,59,73,81,60,65,64,65,73,66,63,61,62,75,57,58,65,53,69,58,60,55,62,60,44,57,53,44,57,51,62,53,46,45,54,39,50
40,41,52,44,39,61,50,44,81,269,830,1377,1469,1499,1353,1340,1324,1145,1151,1050,1039,1059,957,916,845,813,841,798,735,713,705,666,619,643,659,608,620,588,554,547,529,559,533,520,487,459,493,452,426,449,418,427,396,430,415,395,395,406,348,379,322,345,361,325,331,343,330,318,316,272,299,278,271,291,263,285,244,246,262,234,230,238,204,217,217,225,200,215,218,204,208,194,234,188,184,152,180,191,203,164,172,154,164,146,158,156,164,151,174,164,158,172,125,148,136,132,135,126,134,124,138,125,120,135,134,132,124,112,107,104,120,113,116,127,111,109,116,98,107,94,93,96,79,91,126,105,95,103,77,94,100,69,91,87,91,96,77,78,63,76,86,80,71,73,74,64,65,60,61,55,78,45,63,64,71,75,86,65,60,70,60,48,59,67,65,51,61,58,48,43,57,51,60,44,53,28,49,44,40,53
52,56,53,50,39,40,43,51,102,283,784,1473,1599,1401,1414,1329,1204,1146,1133,1134,1090,1010,959,977,872,839,804,793,776,797,734,741,655,682,635,604,609,574,609,565,476,532,482,481,453,497,470,460,472,430,423,404,449,393,367,406,413,382,356,355,357,357,364,282,323,288,307,302,283,307,307,309,302,250,263,293,277,272,237,266,238,226,219,250,226,222,237,211,208,226,219,196,204,189,196,196,199,216,173,180,161,205,175,163,169,132,152,151,158,162,172,136,135,141,144,149,136,123,141,125,141,110,123,118,136,119,106,109,131,108,147,97,117,96,118,113,106,117,102,91,106,98,102,93,84,101,83,86,83,96,85,88,95,61,80,78,87,91,71,72,74,64,60,71,74,70,69,73,72,59,75,59,70,67,55,70,55,62,53,59,58,57,57,54,61,67,50,60,48,51,60,53,54,48,50,43,36,48,42,55
44,50,57,52,48,49,39,52,98,303,892,1487,1685,1631,1449,1472,1370,1297,1253,1177,1144,1147,1083,1047,933,923,925,855,852,826,780,747,729,701,659,689,643,606,604,615,643,609,553,571,531,526,516,526,505,490,471,481,462,423,472,415,424,447,386,376,411,373,390,402,350,360,335,320,334,358,328,326,329,286,301,272,273,266,292,247,262,242,264,270,247,252,241,243,225,216,243,213,246,219,209,202,221,178,207,229,189,193,186,187,179,167,176,188,153,179,169,165,168,155,143,154,137,138,146,155,139,145,134,119,132,125,127,133,112,125,125,118,107,120,111,119,128,115,111,116,87,129,117,104,101,85,99,91,101,93,94,95,105,85,96,93,82,81,82,83,93,73,79,91,61,69,84,68,81,70,89,78,72,71,88,79,74,67,63,55,72,50,63,72,79,63,58,66,77,58,64,61,53,63,59,40,54,52,53,59
32,30,43,33,38,34,29,36,66,244,643,1093,1168,1121,1050,989,984,922,897,856,828,807,749,699,723,702,631,629,581,584,580,568,504,487,467,546,482,446,417,456,413,414,377,397,346,384,363,393,344,351,328,336,325,325,291,321,327,279,294,288,295,285,244,268,269,268,240,251,220,250,238,218,209,214,216,191,193,170,184,187,196,176,196,158,183,173,167,165,170,152,159,159,159,165,143,142,161,164,167,151,157,140,136,123,117,123,123,116,114,121,126,106,114,94,120,129,106,107,81,100,94,104,114,107,94,77,84,93,91,95,93,77,99,73,87,87,72,81,83,77,78,76,70,68,74,82,67,74,65,80,74,71,61,63,68,57,72,68,56,66,73,55,67,54,56,65,58,49,44,63,66,47,52,57,48,48,45,49,51,47,38,49,38,44,50,41,40,57,39,48,37,43,44,44,36,29,40,29,27,31
31,30,23,18,29,33,27,26,51,174,552,954,1007,1011,911,870,858,786,717,689,685,694,621,595,593,569,540,512,528,518,493,466,454,422,415,387,428,413,402,393,349,341,363,332,339,334,309,341,288,283,308,255,289,264,281,285,244,240,227,254,218,250,227,222,227,197,207,182,208,196,183,214,193,188,176,168,193,172,180,168,166,166,158,149,161,160,159,155,142,156,136,153,114,131,133,129,129,119,116,121,126,105,116,89,128,106,83,94,118,106,101,87,91,97,95,83,90,97,87,92,97,72,91,92,90,70,69,73,61,70,75,70,72,83,85,67,61,79,75,65,63,51,62,57,74,57,65,57,60,52,51,56,62,60,47,42,49,53,51,58,50,54,61,48,46,50,46,45,44,64,59,42,37,46,51,35,38,50,44,36,45,44,32,44,39,32,25,41,47,37,36,35,38,39,35,41,29,29,34,35
30,29,23,24,31,25,32,34,49,142,406,757,870,853,769,719,694,676,621,604,609,544,515,541,475,485,424,459,431,420,405,415,373,418,337,332,312,343,306,289,290,298,292,285,292,288,239,235,282,260,264,271,226,226,217,213,219,233,225,193,183,190,167,186,216,189,161,161,154,163,136,158,135,138,141,128,149,132,117,155,139,105,136,128,136,142,114,111,123,98,120,127,93,138,120,131,98,111,115,111,93,93,113,109,75,79,75,74,89,81,87,87,102,73,71,65,92,97,94,63,72,67,60,63,85,72,50,73,64,68,62,59,66,62,48,60,53,55,58,66,40,63,47,52,55,57,50,51,49,60,49,52,48,44,43,48,35,35,44,30,50,39,35,45,44,43,30,43,44,38,44,38,30,41,41,33,32,36,42,36,32,33,38,29,26,39,36,31,27,31,36,31,25,30,26,21,24,27,23,27
64,83,73,73,70,72,69,72,211,705,1986,3611,4212,4007,3811,3655,3346,3208,3039,2829,2557,2555,2340,2278,2061,2040,1847,1815,1696,1621,1567,1467,1429,1370,1328,1323,1234,1161,1172,1119,1137,1079,983,1078,1025,944,1021,858,901,910,889,813,802,823,792,758,800,754,722,719,683,702,680,608,613,622,590,603,603,501,541,538,514,482,538,505,488,473,472,470,472,452,454,461,422,429,380,419,367,371,360,359,356,351,366,322,358,322,310,318,300,329,293,289,292,284,276,292,293,252,254,274,269,254,246,248,258,237,245,221,227,210,206,222,220,197,207,204,179,198,203,181,209,155,174,203,212,178,167,167,150,160,172,167,149,168,159,143,147,143,146,129,142,129,131,131,131,132,133,127,121,128,129,128,104,117,111,116,93,92,90,117,108,101,103,113,107,119,110,124,96,86,92,92,95,90,97,82,86,63,77,61,77,70,69,77,83,68,62,60
46,54,67,52,56,55,52,56,186,509,1569,2664,2943,2822,2573,2399,2248,2079,2027,1930,1731,1655,1568,1465,1386,1350,1232,1179,1137,1091,1050,1048,987,947,876,863,903,785,827,764,754,744,725,708,654,678,669,671,633,618,637,620,548,556,541,539,556,522,503,502,484,446,518,503,465,432,423,429,425,406,411,399,383,350,392,352,308,345,348,324,335,328,281,279,291,290,309,262,285,262,288,283,264,256,259,254,243,239,217,234,224,216,222,193,195,211,229,212,229,196,171,194,169,169,186,171,160,195,163,181,163,161,171,172,160,153,157,148,120,117,141,147,157,132,127,126,128,119,127,147,116,124,122,123,110,109,119,97,108,109,121,97,99,109,120,100,91,92,93,85,84,86,96,94,93,86,66,96,80,83,74,91,64,81,82,74,75,65,61,75,61,64,64,75,63,77,73,54,60,57,52,61,53,65,46,58,59,52,48,59
35,46,39,64,42,35,55,53,97,261,882,1523,1652,1556,1531,1357,1256,1310,1208,1181,1120,1083,1132,1040,949,861,877,880,781,732,732,718,653,650,662,627,664,610,578,598,568,565,541,506,530,496,490,505,504,470,435,451,419,419,400,407,364,416,376,397,346,373,364,335,342,315,330,320,292,309,329,282,264,297,268,268,277,239,245,247,227,225,225,254,240,219,208,206,230,224,223,206,230,183,189,200,201,175,211,182,170,177,194,167,173,167,152,158,179,145,155,172,146,155,152,158,138,141,150,115,119,131,123,137,128,140,109,113,117,124,102,131,123,89,122,92,111,98,102,119,97,81,96,108,95,85,84,75,88,102,84,97,103,94,85,69,84,85,76,70,90,82,78,78,87,82,69,72,60,62,77,59,63,82,62,68,55,82,64,69,81,47,57,70,70,55,64,63,50,62,50,57,51,58,44,57,65,45,64,41
57,54,43,43,50,42,56,44,99,295,928,1582,1788,1810,1698,1468,1500,1330,1335,1237,1215,1164,1108,1071,999,941,991,943,884,865,799,807,763,739,723,651,623,688,582,624,610,609,526,604,590,514,512,523,531,472,470,447,459,439,446,446,394,429,373,427,404,364,332,356,355,363,308,313,356,329,335,326,310,274,258,271,293,292,300,261,253,264,228,236,254,248,227,229,233,223,225,236,249,198,195,187,236,165,191,204,160,198,198,160,174,184,191,179,167,159,165,162,150,147,167,152,149,151,126,139,158,141,134,146,130,136,128,150,136,104,125,132,124,107,100,117,116,98,125,105,84,104,110,78,102,101,107,89,82,93,85,91,84,87,86,80,102,86,86,75,75,75,72,71,71,88,75,73,68,86,73,73,74,51,67,72,67,84,61,67,51,61,68,55,65,67,60,59,54,67,44,53,50,56,42,43,42,54,44,43
59,45,56,43,54,49,42,45,105,316,936,1592,1820,1740,1634,1480,1478,1352,1374,1298,1180,1221,1140,1123,1000,980,932,925,865,831,838,758,766,747,686,685,666,630,631,578,610,569,550,540,601,532,497,490,511,502,478,475,466,445,496,423,422,414,387,378,409,376,347,354,363,342,346,336,303,326,320,321,271,266,304,278,305,263,256,289,250,260,234,249,252,225,231,219,241,267,218,222,219,216,205,201,188,192,215,197,209,187,197,200,196,175,167,194,169,160,175,161,162,152,149,121,127,158,128,120,132,149,141,147,134,142,123,125,133,135,118,138,107,121,118,107,108,119,113,92,103,120,103,107,106,110,102,71,110,82,110,87,97,77,91,85,80,76,76,107,76,78,82,83,82,67,83,73,76,84,76,72,67,69,77,74,58,74,61,80,57,72,62,52,70,60,52,61,59,52,52,58,57,55,57,52,54,48,41,47
55,53,48,44,46,40,56,68,117,356,920,1789,1943,1737,1713,1707,1545,1511,1374,1348,1287,1222,1148,1133,1089,998,916,962,888,875,841,806,781,752,773,686,653,679,619,634,660,621,596,553,562,528,531,530,527,519,481,489,460,460,412,437,403,397,432,385,447,381,379,368,381,376,377,352,347,324,327,332,337,307,301,255,280,272,271,276,284,262,260,279,239,247,248,215,273,249,226,225,238,207,207,227,210,193,208,208,213,189,194,208,164,184,174,161,172,167,153,172,153,168,151,138,138,171,168,138,123,139,128,127,149,124,147,112,129,125,129,133,127,117,110,105,117,123,108,118,103,115,108,107,101,96,99,91,92,105,94,80,104,85,94,90,73,96,87,86,84,75,92,105,86,71,89,66,77,81,79,70,64,83,65,81,72,69,70,70,74,64,51,60,67,52,64,57,50,66,50,47,50,54,45,58,36,62,37,48
42,57,60,46,54,58,49,74,155,567,1690,2805,2826,2519,2293,1996,1908,1734,1702,1534,1547,1450,1359,1230,1130,1135,1031,1066,979,960,918,904,849,833,806,745,696,695,711,688,704,646,631,616,600,610,591,571,546,528,531,525,505,566,447,473,418,419,415,452,421,424,409,432,402,373,366,350,337,354,335,323,348,319,305,326,272,285,291,289,290,277,230,255,280,242,251,241,248,235,230,237,245,244,200,203,219,203,208,213,216,173,198,190,183,193,161,183,164,155,180,150,182,132,165,170,176,169,154,125,150,147,138,152,145,134,136,104,135,137,126,115,115,121,122,127,126,117,104,113,106,129,102,125,101,93,101,120,100,98,103,84,99,100,99,83,85,94,80,85,84,65,79,75,107,65,74,84,80,96,66,60,78,87,81,61,60,60,79,64,77,55,62,65,78,63,69,70,66,72,42,61,55,48,49,51,44,44,58,49
54,72,48,66,49,61,40,62,111,402,1254,2327,2363,2276,2116,1975,1838,1752,1602,1566,1493,1443,1397,1326,1229,1216,1112,1059,995,1003,905,914,943,857,825,880,771,731,687,731,678,685,663,682,659,648,602,569,578,566,557,540,489,496,524,483,487,461,454,485,448,432,416,420,418,371,383,380,376,367,357,356,334,299,348,331,298,311,275,268,280,296,309,295,245,280,263,249,244,252,245,244,225,230,237,225,231,217,201,206,220,185,193,219,207,193,195,176,197,191,201,173,186,164,176,187,177,157,162,167,149,160,154,128,159,143,148,147,135,144,145,123,134,156,122,103,112,133,136,131,134,115,114,130,118,103,96,126,94,99,114,109,103,114,104,108,95,101,117,95,91,87,87,71,87,74,98,88,79,78,74,92,84,89,73,72,71,79,75,91,72,78,69,59,75,57,68,74,55,67,66,63,64,64,69,65,46,55,48,44
63,64,65,45,57,45,50,59,108,387,1125,1838,1980,1769,1684,1520,1481,1395,1280,1234,1217,1128,1103,1055,1001,936,872,894,850,816,745,729,707,705,677,666,652,620,601,609,547,525,542,556,554,513,472,485,451,445,473,406,430,421,465,382,410,411,394,384,397,368,349,344,352,323,302,317,332,324,344,262,275,271,274,271,253,266,253,294,273,250,257,197,207,212,237,225,197,227,234,185,196,194,192,181,176,200,196,166,179,173,179,160,168,188,167,165,164,167,144,130,143,146,143,132,157,139,144,125,160,157,136,136,122,136,120,119,106,139,105,116,126,100,128,106,119,117,106,101,101,120,109,100,103,84,93,101,96,75,79,76,92,92,77,104,67,94,84,80,85,81,90,84,78,81,83,75,73,76,77,77,77,71,83,73,79,59,67,63,59,69,59,58,57,60,70,63,51,60,58,62,58,70,48,50,55,56,40,49
50,46,55,56,49,53,56,59,110,346,1177,2111,2285,2073,1944,1843,1668,1575,1539,1417,1365,1296,1228,1123,1128,1096,1061,954,951,890,858,798,816,768,694,711,696,661,694,696,635,626,576,559,564,556,542,566,554,496,485,480,506,472,466,436,466,435,393,415,410,420,375,400,356,318,358,355,345,291,317,332,317,318,275,335,284,286,296,265,265,258,278,265,233,241,210,250,223,216,222,233,224,218,243,207,220,195,187,178,168,215,203,186,195,181,159,166,170,146,179,159,144,157,167,130,181,153,154,125,147,133,115,147,131,148,144,142,128,121,120,145,128,128,124,125,119,120,109,104,119,116,113,107,121,105,83,112,95,91,99,86,81,96,99,89,86,83,102,81,68,70,84,84,83,83,85,66,69,59,80,69,73,77,65,71,71,87,81,76,59,60,69,67,58,58,66,55,56,60,47,49,63,63,54,47,61,50,48,46
45,44,50,44,35,48,30,44,104,307,917,1615,1792,1612,1626,1409,1329,1271,1181,1187,1104,1070,985,978,905,872,855,797,759,733,665,713,675,624,638,617,609,548,564,547,534,496,508,471,506,463,440,462,453,398,408,436,402,421,408,387,386,368,369,357,355,319,312,344,341,335,337,266,315,294,286,288,269,298,264,254,267,267,241,245,202,240,219,216,229,214,187,194,236,200,197,205,209,186,201,184,192,192,150,178,163,170,171,176,159,180,153,155,150,160,132,138,122,135,146,160,122,126,154,112,139,142,111,120,113,124,142,114,103,106,127,116,112,89,107,119,110,100,93,91,99,106,82,87,103,88,79,92,68,89,78,83,61,80,74,79,80,69,79,71,86,73,79,61,60,68,64,83,66,65,81,51,61,64,59,61,63,44,71,56,46,57,55,58,70,63,68,47,63,41,57,44,43,49,54,50,53,65,45,50
25,26,25,15,31,24,26,26,46,141,439,803,820,790,714,702,632,678,636,528,532,521,483,500,435,452,429,411,401,344,357,341,346,340,301,336,277,312,295,306,274,284,256,263,250,253,261,234,226,255,215,247,224,210,201,228,171,183,210,189,189,203,178,175,166,152,165,175,151,151,135,143,129,147,121,128,141,142,131,121,139,128,117,118,141,115,113,106,119,101,112,108,97,94,99,99,95,75,97,96,76,76,82,94,85,86,80,85,83,65,88,74,71,68,64,68,73,65,79,53,76,56,61,76,66,69,86,62,62,59,43,58,57,59,45,58,52,52,41,59,42,57,57,49,53,48,50,45,36,41,42,45,45,46,49,36,32,42,40,51,42,56,30,43,34,31,33,41,41,50,32,35,31,39,34,44,36,33,33,39,27,24,24,32,33,34,23,28,37,42,31,23,27,35,24,23,20,26,31,17
47,52,31,57,47,30,37,47,96,260,832,1533,1670,1495,1403,1351,1280,1137,1101,1161,1043,1045,984,935,839,873,826,794,769,660,674,673,676,666,644,593,606,574,545,543,523,530,448,472,460,471,460,443,412,430,432,411,432,400,368,361,365,369,342,364,330,324,328,317,285,294,279,302,294,270,264,283,258,269,265,281,252,220,274,206,198,208,238,196,203,225,190,231,227,184,187,190,212,191,165,180,168,164,182,185,187,157,168,153,178,155,165,153,140,168,141,147,154,149,141,129,131,152,130,121,113,131,136,138,118,106,130,119,117,113,118,98,102,130,99,117,88,104,101,89,90,94,93,98,87,85,92,86,74,81,91,76,77,76,68,76,86,90,70,73,64,66,71,70,66,66,68,70,69,59,67,58,56,65,67,65,75,58,52,62,55,67,63,59,49,61,44,56,56,63,45,50,55,54,48,56,47,56,40,48
53,41,46,52,47,37,52,62,81,275,824,1417,1570,1436,1446,1379,1196,1148,1172,1092,1037,1009,971,908,899,809,811,797,767,724,645,682,624,642,603,595,585,554,563,500,505,522,501,487,485,503,457,446,427,402,400,416,417,379,365,374,360,377,370,322,282,335,286,310,327,298,320,304,275,282,295,281,305,266,256,253,281,292,275,246,237,205,208,215,240,220,213,210,179,213,235,196,210,184,180,197,181,176,175,184,166,154,163,155,171,148,159,131,152,156,151,158,138,118,137,139,96,124,141,134,131,129,117,126,121,118,126,119,129,105,111,108,104,111,103,91,90,95,92,106,93,83,108,91,82,79,81,80,96,95,83,74,65,95,81,86,73,80,77,77,72,83,81,66,60,75,63,61,68,60,66,66,81,55,56,62,46,73,46,61,68,44,55,62,59,56,60,47,48,56,47,54,59,56,48,41,50,47,42,46
45,47,41,30,38,39,39,58,83,262,800,1371,1532,1371,1264,1169,1108,1068,1023,969,887,869,849,848,767,753,710,683,649,642,616,627,568,576,566,543,526,505,500,480,468,466,432,433,444,420,407,392,367,368,384,355,376,326,344,328,365,343,299,327,281,299,268,274,283,251,255,257,264,251,264,226,235,234,250,231,233,214,204,217,221,197,182,182,198,185,168,233,183,186,163,177,179,152,175,149,156,161,181,158,132,138,148,147,134,132,127,152,127,133,150,138,109,124,128,126,111,115,128,112,105,122,114,111,119,118,97,98,104,113,95,84,100,81,102,99,76,78,77,84,66,70,70,88,81,82,79,72,80,84,66,72,66,68,71,64,68,64,60,72,67,54,57,74,61,49,62,53,64,67,56,48,70,58,45,42,59,65,61,46,55,49,54,49,54,35,53,59,45,52,45,38,43,46,39,54,33,56,47,40
44,47,37,38,34,48,40,56,81,284,825,1449,1581,1528,1372,1297,1248,1196,1128,1094,964,981,883,1012,857,873,783,776,745,718,667,634,640,659,625,642,563,584,570,562,555,509,488,458,483,496,452,490,414,429,398,436,405,389,404,367,330,380,332,334,333,344,336,289,312,315,295,302,287,291,256,257,243,268,241,272,280,241,231,216,205,250,217,228,213,192,188,195,209,215,206,180,190,192,170,171,211,154,175,179,200,172,176,145,160,154,149,136,153,151,137,133,135,119,142,134,127,134,125,122,113,103,125,126,132,127,105,119,103,123,113,116,97,112,95,100,99,96,107,90,90,97,82,94,93,86,100,91,96,103,76,94,85,89,78,93,83,80,75,84,53,81,76,61,61,53,76,71,53,76,69,68,55,70,58,61,48,60,40,56,46,49,55,60,51,43,61,54,44,49,49,50,64,50,39,58,52,40,49,46
43,47,43,45,48,40,63,53,91,280,851,1454,1614,1471,1407,1291,1228,1201,1134,1086,1044,1013,926,944,916,823,858,776,733,726,755,659,642,591,621,587,573,565,581,520,540,500,500,519,480,476,482,443,446,451,447,416,391,412,399,386,363,349,378,358,344,377,314,293,288,302,305,284,324,278,265,281,280,264,246,251,241,242,252,255,235,242,234,220,233,219,221,199,206,212,193,194,181,194,204,177,196,189,177,185,167,174,149,173,153,170,158,164,167,154,130,142,156,147,141,124,124,144,144,122,124,144,118,106,118,99,106,108,96,111,126,110,102,103,107,84,81,79,98,95,96,94,89,89,81,94,93,96,83,91,79,73,89,84,67,91,81,74,72,89,71,83,79,76,67,89,69,67,59,85,70,59,66,70,60,59,58,61,50,56,49,59,84,53,65,49,63,58,46,58,52,46,52,47,55,45,47,46,47,48
42,22,35,35,31,36,32,43,49,199,597,1083,1181,1130,1024,993,895,814,843,834,754,744,719,677,680,630,599,549,600,548,551,511,469,505,428,467,431,408,402,388,360,361,407,387,362,358,359,334,337,322,330,318,313,291,316,284,281,268,276,283,255,267,235,247,236,219,222,233,188,214,211,204,214,194,176,205,173,191,177,167,162,184,172,159,170,161,172,135,159,135,156,144,144,167,172,177,110,133,109,126,132,138,112,136,118,105,105,109,100,117,94,120,110,99,108,97,105,107,93,105,103,84,95,101,81,85,100,86,84,86,79,99,74,91,77,84,68,70,88,68,72,72,69,70,69,76,68,67,65,82,76,59,60,48,66,62,57,67,48,47,54,44,56,59,54,57,56,56,58,36,39,45,43,48,56,44,44,43,42,43,48,42,44,48,47,31,32,47,49,35,35,45,33,48,38,35,36,32,36,30
44,42,30,45,31,33,36,56,84,270,825,1491,1540,1485,1434,1266,1207,1154,1089,1045,1026,1029,983,900,874,859,847,851,754,772,695,692,627,641,636,599,553,599,552,517,520,545,499,474,512,481,442,472,425,432,376,410,363,406,376,345,337,356,342,364,328,329,362,317,269,268,314,313,293,278,277,282,288,280,263,280,242,213,254,265,237,257,221,211,210,219,189,192,198,210,219,188,214,186,170,186,182,173,156,164,176,174,178,161,169,148,144,137,164,151,161,132,127,124,146,143,118,135,143,119,128,109,134,126,95,109,107,115,119,110,102,107,114,115,103,108,116,85,94,101,125,95,87,88,100,82,88,97,94,78,97,93,62,85,89,80,79,66,72,82,84,66,66,74,63,80,68,67,71,70,69,65,65,56,73,76,56,62,54,46,60,72,60,53,53,64,60,51,38,49,32,53,57,47,64,63,53,47,58,53
43,42,46,42,36,41,52,65,117,243,830,1430,1517,1411,1434,1340,1230,1130,1123,1079,1038,957,930,923,882,862,833,853,736,746,734,640,644,614,658,591,555,563,555,528,560,555,534,514,477,483,464,416,454,414,377,390,386,403,398,380,371,358,344,353,346,323,319,325,358,322,314,264,307,294,285,263,255,252,230,250,254,241,214,230,224,211,228,243,232,206,257,221,201,221,182,183,190,210,206,191,183,178,159,163,170,168,161,178,162,153,164,124,152,146,147,139,134,160,132,132,143,145,129,132,153,141,130,121,116,111,130,105,106,115,116,100,105,85,101,95,90,88,101,92,91,84,98,85,83,99,112,90,82,71,87,87,95,95,83,57,77,77,84,78,66,81,64,77,78,79,61,74,75,55,76,60,69,68,69,71,65,60,58,56,48,58,57,46,45,64,41,59,48,53,55,45,53,46,49,38,51,39,33,34
45,39,38,32,31,30,31,43,72,223,607,1033,1175,1132,1006,918,948,882,813,785,833,731,717,660,662,598,601,567,603,594,523,491,495,475,413,456,442,450,454,393,413,375,368,374,405,353,328,314,326,309,322,290,328,291,288,261,241,302,298,264,257,271,237,274,251,223,253,237,237,241,212,192,192,204,201,207,184,176,183,179,175,169,182,141,169,147,148,142,151,180,157,152,159,167,122,149,141,134,138,140,118,122,157,117,116,129,121,95,106,103,114,110,96,124,125,109,119,96,98,90,105,108,91,93,92,69,80,92,76,78,89,88,92,85,85,71,87,59,88,73,79,60,68,72,69,56,62,64,52,56,73,62,72,69,60,44,65,58,52,67,62,64,52,51,57,54,53,53,53,43,50,49,35,48,38,46,36,46,42,53,33,56,40,27,43,41,42,42,35,35,34,40,32,34,29,41,37,34,36,30
37,52,42,43,60,44,44,51,92,285,838,1431,1529,1466,1380,1382,1229,1217,1127,1109,1017,1031,1001,939,856,871,784,749,789,701,767,659,649,637,625,648,603,576,544,551,500,521,486,478,466,473,438,469,449,427,415,396,397,406,365,381,356,345,329,328,321,348,324,339,300,298,288,257,287,274,276,259,259,238,265,253,258,254,225,226,247,248,205,221,196,207,207,185,209,174,203,180,189,194,184,192,193,171,174,177,184,202,174,169,140,163,149,139,163,139,159,121,135,137,131,118,148,128,115,112,134,140,137,136,121,132,101,118,106,118,103,130,88,114,101,100,118,88,95,90,95,84,105,82,93,95,99,81,71,62,89,85,93,77,78,68,64,90,90,62,82,71,74,64,73,75,87,76,70,69,65,63,67,67,57,67,51,54,57,61,54,57,52,52,59,46,54,58,55,61,51,54,46,48,43,42,42,46,46,55
53,43,34,42,51,45,50,50,99,279,838,1414,1582,1411,1445,1303,1291,1159,1145,1111,1086,1031,985,946,863,875,826,790,730,770,664,660,631,631,610,571,579,566,546,574,524,475,518,532,470,448,443,412,452,400,424,412,408,374,378,384,367,343,365,356,346,311,325,328,289,291,281,270,303,296,306,260,247,259,251,235,246,237,237,207,224,219,229,238,230,229,218,217,191,181,207,219,222,193,189,181,181,187,176,174,141,164,161,178,122,155,161,160,137,134,163,145,136,134,145,127,125,122,123,132,129,122,117,137,132,143,116,118,108,111,109,113,110,90,98,91,68,98,112,96,80,83,103,91,109,90,80,83,74,83,71,83,104,82,72,76,76,88,82,62,73,64,71,59,64,68,63,78,67,71,71,66,68,60,66,54,56,51,63,74,66,63,54,51,62,56,44,60,58,48,50,44,42,49,38,48,49,50,41,47
18,14,10,17,16,21,21,24,35,113,373,649,618,579,635,560,545,497,485,437,464,433,427,393,379,350,351,338,348,311,313,312,271,262,259,272,250,238,238,206,221,226,211,233,211,201,197,184,190,195,196,171,179,175,171,158,150,156,140,169,158,146,147,150,144,132,143,135,138,102,121,127,115,105,141,105,89,96,100,102,98,104,94,84,117,97,98,101,89,87,85,82,84,83,79,77,58,70,74,81,73,72,62,67,77,75,56,71,60,59,70,71,44,60,60,52,58,58,59,53,38,49,67,51,54,53,54,48,61,54,47,60,37,40,38,36,46,50,57,42,39,44,55,48,32,39,34,40,39,45,51,44,33,41,29,39,42,30,28,34,24,31,33,27,26,40,33,23,33,23,37,31,22,34,39,29,19,21,22,24,26,31,25,29,30,29,26,30,29,25,26,27,13,23,31,22,24,31,32,25
53,52,51,48,45,57,47,58,132,389,1231,2267,2338,2328,2215,2070,1903,1803,1623,1598,1540,1411,1348,1283,1287,1163,1077,1070,1013,1000,927,938,899,861,773,796,729,695,704,736,685,668,617,639,598,601,573,594,541,512,501,506,475,524,479,508,440,468,486,433,402,397,427,396,440,379,377,355,348,350,353,382,330,305,330,312,285,299,305,259,254,264,242,245,286,278,282,249,253,257,245,236,223,230,237,220,239,205,208,237,196,209,194,210,191,193,178,167,166,170,178,180,173,165,161,158,156,156,153,152,120,141,153,135,140,138,134,136,123,123,129,120,126,127,132,125,105,120,102,119,99,120,103,97,120,108,117,107,109,101,118,98,79,93,90,81,76,99,86,91,87,81,82,91,85,69,73,83,77,75,75,96,72,70,92,87,86,75,68,63,57,63,59,70,44,64,57,61,62,60,61,51,66,54,68,62,57,64,45,44
43,48,38,35,40,36,56,51,103,335,980,1784,1946,1862,1843,1598,1510,1459,1461,1423,1172,1255,1226,1139,1083,979,916,909,912,820,799,767,788,800,716,727,671,654,616,629,628,577,542,588,583,556,516,515,494,473,498,434,466,453,436,425,444,473,377,352,377,403,387,337,305,344,334,299,325,324,274,301,289,291,289,284,306,232,288,245,277,258,238,247,232,247,229,226,218,228,239,192,211,179,190,208,221,190,179,177,191,194,190,182,185,175,191,166,179,157,171,153,133,125,154,163,126,123,157,165,140,128,147,134,148,116,101,127,134,114,117,112,104,125,118,115,105,117,105,104,88,104,99,104,118,87,112,80,105,73,83,91,116,92,85,97,99,91,89,94,80,85,93,81,70,101,87,67,87,74,76,70,74,64,81,72,68,54,60,65,52,53,59,67,61,62,52,58,56,52,65,53,54,65,62,58,52,55,43,48
62,55,49,48,46,49,38,44,128,383,1150,2277,2346,2310,2159,2024,1843,1737,1643,1563,1430,1372,1271,1176,1186,1130,1113,937,953,898,886,808,818,842,792,762,733,750,697,724,660,606,626,632,557,594,584,524,530,508,487,443,467,482,459,429,445,439,429,428,436,386,361,370,401,388,385,355,334,329,321,298,308,281,312,289,269,309,238,256,297,269,300,249,250,248,222,237,254,242,189,226,235,204,231,207,206,222,202,208,204,194,197,181,199,182,165,170,163,139,172,172,163,163,169,174,113,137,151,140,166,117,141,142,139,102,150,120,117,126,125,120,130,127,114,114,122,100,97,97,104,112,109,80,80,94,106,95,102,89,94,93,85,90,101,100,77,86,86,90,75,67,52,85,83,79,76,63,69,76,76,75,80,63,61,75,82,64,61,80,53,72,67,63,51,54,64,55,47,63,46,58,46,61,47,57,39,46,52,51
52,48,50,43,52,41,60,56,127,444,1427,2490,2618,2495,2505,2165,2074,2020,1847,1669,1653,1536,1427,1388,1221,1281,1208,1130,1012,1112,984,945,910,947,825,805,752,788,749,744,658,751,720,747,645,640,602,618,604,606,594,566,558,547,569,528,479,473,475,495,470,415,416,399,437,423,415,408,396,400,410,367,353,330,373,356,339,338,338,306,294,292,316,281,278,276,268,271,270,262,260,227,264,240,255,238,233,243,217,206,205,197,197,209,196,217,179,209,188,164,178,183,183,166,148,176,147,157,169,135,163,162,160,139,139,140,145,128,121,137,124,137,164,133,129,132,118,115,136,107,146,122,120,113,108,116,99,102,101,102,97,87,113,102,104,81,86,90,101,105,97,90,93,79,101,72,80,75,74,61,81,64,76,72,84,81,73,63,67,66,72,63,64,55,60,73,57,74,77,57,68,59,72,64,53,49,50,63,53,54
59,48,45,40,40,38,39,49,100,264,796,1437,1530,1518,1384,1392,1189,1162,1118,1003,1022,974,924,911,874,832,825,745,728,723,666,702,691,609,629,614,619,540,517,491,494,511,506,478,482,433,447,469,436,438,434,390,371,392,391,419,352,367,361,348,345,317,312,304,306,309,294,282,286,289,262,246,275,263,267,235,244,250,208,225,248,240,220,232,229,228,224,205,214,236,210,196,207,180,203,193,180,173,170,198,168,165,158,144,183,174,164,137,148,147,150,150,142,127,142,124,119,127,137,114,128,116,132,132,115,135,105,116,108,111,109,111,118,102,102,109,115,95,91,102,91,92,105,102,89,78,79,99,80,96,78,87,78,75,81,88,87,83,71,71,75,69,86,88,81,72,75,64,65,85,60,67,53,60,56,45,67,67,54,56,56,52,72,52,49,45,56,51,52,37,55,36,46,47,47,44,49,51,56,25
31,17,13,17,22,24,20,18,43,112,368,665,696,638,575,580,504,477,514,498,450,454,363,382,430,346,333,337,315,275,313,269,251,283,291,255,256,247,241,255,234,210,210,226,218,210,206,205,163,177,182,185,194,175,160,165,148,165,166,167,164,123,163,137,127,133,143,141,110,126,114,116,126,108,115,94,98,108,105,97,106,87,92,122,102,90,100,86,99,91,74,104,95,88,61,77,82,75,87,81,72,69,58,75,78,71,71,47,69,70,65,62,72,65,65,50,64,57,59,56,48,42,52,49,40,51,59,50,50,50,59,47,46,46,41,31,44,40,54,37,43,40,37,37,59,49,40,32,39,36,40,32,30,27,36,30,30,30,49,30,28,32,33,26,30,37,19,23,26,27,33,29,30,27,34,23,29,27,31,16,32,22,24,32,26,20,23,30,24,27,21,23,19,18,21,15,30,16,11,18
36,36,42,47,45,48,46,50,104,301,895,1700,1751,1618,1596,1508,1347,1297,1256,1208,1098,1054,995,988,941,838,806,835,784,760,732,690,686,675,648,622,589,584,589,517,550,556,481,497,517,471,487,451,442,434,421,442,408,414,375,403,384,379,388,358,342,313,336,308,329,349,320,275,302,271,279,324,271,291,254,259,258,250,230,246,222,226,221,226,219,196,215,198,201,207,194,188,198,199,197,191,170,162,193,178,175,155,148,160,147,173,152,166,153,133,131,135,127,147,134,157,140,112,146,114,120,126,122,121,102,129,126,120,105,106,106,113,106,115,92,105,99,107,99,99,89,74,101,100,89,92,93,94,71,83,96,79,71,90,78,78,78,62,60,67,65,58,76,61,69,76,54,54,75,61,44,70,85,75,67,61,61,48,61,56,54,56,52,54,65,48,61,60,48,49,40,40,49,43,49,45,50,50,42,39
36,35,25,34,34,37,40,37,62,202,555,922,979,895,872,815,772,764,724,682,663,621,573,588,524,553,535,484,457,455,448,454,411,390,408,403,408,355,307,353,356,335,319,325,296,303,314,306,262,301,237,267,255,217,266,239,220,225,226,243,215,223,223,206,202,195,181,191,166,196,166,195,180,168,205,179,154,162,139,147,164,154,149,130,140,153,135,125,158,119,134,124,111,150,133,116,130,121,121,122,100,92,103,96,111,117,118,105,88,96,91,87,84,81,84,92,79,90,97,80,103,82,82,78,79,82,75,77,73,60,98,78,74,64,64,69,67,66,66,53,67,72,54,62,54,66,68,76,56,49,60,43,52,53,62,59,60,60,46,39,43,48,48,61,55,37,45,43,41,42,51,51,39,37,45,44,51,42,42,37,42,53,29,33,31,32,40,36,26,28,36,34,28,28,28,34,26,24,34,27
42,38,34,52,43,50,49,50,110,278,866,1517,1605,1538,1508,1359,1316,1243,1231,1190,1104,1093,971,965,945,891,786,801,815,815,682,738,756,645,645,652,577,626,552,516,588,541,549,528,564,502,487,503,496,464,434,460,433,397,411,405,381,396,408,357,386,370,372,329,320,301,321,363,290,316,291,298,288,313,298,257,270,281,255,262,246,263,252,226,252,224,214,213,228,201,216,228,203,208,180,228,196,187,201,202,171,201,174,177,139,164,188,154,139,160,153,166,134,141,158,154,157,148,157,141,141,131,157,140,142,131,112,123,125,114,86,120,116,100,94,116,115,109,100,105,87,107,97,99,112,102,103,94,96,101,85,91,70,96,86,83,81,81,64,80,91,82,89,85,62,87,78,56,69,63,78,72,80,84,80,65,69,73,67,45,66,48,56,48,71,64,59,72,58,67,57,62,72,49,46,45,45,45,47,47
55,49,43,42,47,46,52,46,107,289,892,1563,1661,1624,1483,1412,1374,1291,1260,1169,1138,1085,1000,976,977,856,962,862,853,812,740,792,728,701,641,648,619,630,604,591,567,573,554,548,541,508,537,492,533,503,452,479,451,452,445,440,420,441,418,406,383,374,371,378,380,323,366,316,347,344,296,339,290,300,300,286,268,239,295,282,268,247,254,269,239,267,240,222,246,240,215,246,208,200,201,189,210,190,184,205,174,193,169,186,178,184,186,173,168,160,163,173,153,150,157,164,147,123,140,164,143,148,160,128,134,120,122,130,149,136,138,104,91,109,119,130,113,132,124,105,115,104,111,115,94,96,100,104,103,93,101,106,93,102,88,63,83,96,96,89,84,65,77,73,69,75,74,82,79,79,72,69,68,80,75,82,72,67,71,61,78,64,58,72,77,50,62,57,63,63,49,60,67,51,62,33,54,52,43,61
49,44,38,63,56,49,48,47,91,279,808,1477,1522,1489,1415,1230,1226,1159,1108,1105,1044,1013,976,945,876,839,827,787,696,722,692,747,668,628,674,579,609,551,589,544,544,550,544,530,512,468,458,491,464,464,439,466,406,431,373,389,373,390,373,335,399,342,343,346,320,323,329,320,315,313,292,300,257,280,288,307,255,244,251,248,272,261,232,250,228,235,221,239,235,211,215,183,206,196,190,216,181,181,155,197,172,192,161,177,173,153,162,185,161,159,163,157,148,156,154,155,152,146,160,145,145,119,162,138,138,131,134,127,111,126,104,102,111,114,96,113,118,106,105,103,91,99,102,91,110,94,92,101,79,98,78,94,79,89,81,103,88,84,82,80,71,77,87,72,71,77,64,89,74,77,70,66,53,66,85,54,76,71,43,58,71,67,70,62,45,61,53,66,49,59,61,55,59,47,60,56,49,60,39,43
66,46,52,48,61,54,57,50,102,329,872,1623,1704,1644,1555,1448,1394,1307,1300,1277,1174,1103,1092,1048,977,942,929,887,843,830,808,761,715,704,735,667,659,677,639,620,616,585,559,549,552,553,525,533,517,491,456,489,483,445,434,460,465,440,419,378,358,363,414,396,383,382,326,336,334,317,309,292,325,308,300,275,293,279,268,271,281,279,275,265,232,244,235,232,235,253,236,227,231,203,227,214,215,210,217,183,208,191,184,175,182,164,182,189,178,173,161,167,157,172,166,166,162,143,142,146,139,140,167,140,136,145,138,136,128,123,142,128,124,92,119,117,130,107,125,127,128,118,97,92,96,123,98,84,82,81,105,86,93,101,81,102,92,89,90,74,66,71,94,75,87,78,79,83,79,63,73,60,64,78,55,60,74,72,69,56,64,54,45,75,67,64,63,58,62,59,58,57,49,63,66,56,60,54,52,57
76,65,54,55,61,61,62,78,129,471,1350,2483,2761,2700,2569,2373,2320,2154,2102,1940,1853,1759,1706,1614,1519,1402,1406,1319,1212,1169,1089,1170,1062,1027,955,983,910,910,858,912,809,852,773,795,765,763,710,631,683,687,706,648,692,617,592,609,597,545,568,539,550,495,507,526,509,443,439,448,470,459,368,437,377,401,391,411,380,323,365,371,352,361,358,324,369,294,319,312,322,290,293,253,274,285,272,267,259,262,265,289,253,255,222,251,233,212,210,232,233,236,218,224,214,181,167,174,218,206,199,193,180,172,171,165,166,178,184,173,165,145,164,158,151,178,143,138,158,142,141,124,154,136,153,126,147,141,114,116,126,128,116,105,96,108,118,97,105,115,128,107,93,110,102,97,106,118,116,91,92,81,99,79,90,87,78,90,81,86,78,78,76,73,80,84,71,76,76,75,73,79,66,91,79,83,69,58,61,49,46,54
52,57,53,50,54,53,64,55,107,324,1015,1750,1964,1840,1821,1563,1570,1537,1474,1302,1305,1342,1121,1130,1121,1060,1062,1015,948,925,925,909,827,804,781,764,722,705,716,699,695,630,609,616,600,594,562,602,547,503,515,530,537,534,480,482,456,489,477,441,447,452,436,414,398,408,394,406,374,320,376,342,331,317,308,327,334,336,284,293,298,293,307,255,264,301,284,270,268,241,259,244,230,270,228,219,239,226,213,216,206,217,209,212,193,199,208,206,161,204,205,163,163,177,177,157,184,152,161,161,145,155,170,150,164,150,143,153,147,136,129,121,141,119,138,135,123,115,119,111,121,135,112,100,111,114,99,93,89,106,106,114,106,80,107,76,92,105,78,59,92,107,92,94,88,93,79,78,98,83,87,77,93,64,60,75,88,74,83,70,86,62,72,77,63,73,73,55,80,68,66,57,61,56,48,52,54,63,58,62
50,38,50,45,49,47,54,58,107,297,849,1443,1545,1538,1425,1342,1267,1167,1049,1136,1073,1022,1039,926,906,861,855,812,805,772,718,696,673,675,682,658,652,619,560,581,561,589,540,514,515,514,470,482,514,408,426,468,457,460,452,394,358,410,392,363,327,345,340,340,347,329,331,315,317,305,300,287,280,297,306,240,281,249,273,275,268,264,246,281,237,214,244,228,223,215,232,209,200,211,212,208,208,190,188,215,193,170,194,182,182,173,165,166,163,152,171,163,150,141,164,149,130,156,129,144,166,134,132,123,123,130,119,117,123,141,121,127,136,110,107,110,116,109,93,111,109,98,87,89,112,80,99,96,108,108,115,89,93,85,94,86,72,92,82,66,90,77,71,84,96,75,88,82,73,76,71,80,86,65,57,69,67,72,72,67,65,65,60,63,54,46,60,65,58,56,59,63,46,62,60,49,49,49,47,47
76,59,50,51,65,56,54,58,110,319,904,1629,1789,1607,1592,1487,1502,1356,1260,1230,1251,1120,1088,1051,988,973,952,971,821,851,841,752,776,764,726,717,657,695,634,642,606,590,552,550,565,561,539,551,483,514,488,502,490,463,468,486,436,414,413,454,417,388,402,421,380,354,370,331,365,353,332,341,327,330,325,299,301,296,296,311,292,283,277,265,254,268,271,236,238,255,243,245,252,256,254,221,214,215,219,229,197,197,218,202,204,178,175,192,187,166,204,182,154,170,161,148,145,135,147,170,149,143,161,156,127,171,123,145,146,145,133,138,145,119,129,110,106,132,131,111,103,107,115,87,135,104,114,108,113,97,89,102,87,117,87,92,94,113,105,109,83,99,85,96,78,69,70,77,72,83,68,87,80,72,82,79,90,68,66,77,85,72,73,75,67,61,74,74,58,68,55,48,67,56,62,46,55,56,49,52
48,64,58,53,55,66,47,75,211,859,2546,3729,3104,2432,2021,1817,1644,1473,1488,1385,1345,1201,1181,1096,975,1008,938,884,843,806,817,761,736,737,739,777,702,660,659,651,591,656,607,585,596,537,542,553,565,515,472,495,494,456,452,454,445,437,428,409,438,450,397,375,359,363,348,372,358,371,320,349,338,322,306,292,269,287,315,288,292,289,294,279,221,274,248,253,240,259,235,233,230,234,213,234,228,220,195,215,222,201,193,187,151,179,198,162,190,183,190,179,166,182,179,152,142,159,159,133,151,144,157,155,136,129,125,142,118,150,131,136,144,132,114,122,121,111,126,118,94,120,101,112,111,114,89,109,94,89,105,103,87,83,112,86,93,104,95,104,99,91,86,86,69,103,98,93,72,64,73,88,68,79,69,65,54,69,68,59,61,66,76,70,65,76,74,70,76,62,50,59,54,58,65,64,49,52,43,53
43,58,66,63,54,70,70,56,144,553,1620,2781,3089,2962,2844,2674,2410,2369,2258,2171,2021,1891,1798,1749,1506,1490,1428,1416,1368,1219,1283,1114,1201,1096,1080,1024,993,1006,975,925,910,860,887,810,837,802,774,756,753,729,724,695,618,641,631,660,604,662,658,591,594,561,608,539,538,503,488,510,475,483,418,482,431,453,425,424,401,391,402,401,410,396,356,385,337,355,368,344,328,349,346,326,323,326,309,307,305,286,299,292,269,273,251,259,261,243,241,250,252,248,241,226,236,221,213,196,228,222,220,206,231,204,190,197,175,178,178,198,165,176,190,177,166,172,157,162,147,164,126,168,144,154,141,132,139,141,132,139,146,154,133,129,132,126,128,126,115,121,109,104,119,103,122,116,104,119,110,116,91,99,109,105,109,95,97,101,87,87,86,91,69,91,95,72,79,91,76,75,81,81,70,76,72,73,74,70,58,74,63,57
55,46,47,43,62,48,46,46,114,386,969,1762,2080,1873,1819,1663,1686,1564,1418,1398,1264,1261,1250,1156,1142,997,1009,1000,933,921,800,825,812,791,788,724,717,741,656,662,651,595,604,605,579,593,589,567,571,513,539,481,458,478,520,480,475,461,432,433,425,441,390,441,394,415,364,355,347,363,339,319,314,308,343,312,315,318,333,276,319,311,321,262,276,279,269,260,272,230,267,276,241,224,231,248,230,221,194,213,244,194,184,178,166,173,184,161,172,181,177,170,162,178,158,156,180,168,156,169,150,159,156,148,156,137,170,152,108,147,137,125,109,121,135,131,139,113,110,124,102,103,107,107,111,112,112,104,84,114,107,90,87,91,81,89,75,87,80,101,84,79,80,91,85,90,76,82,77,67,75,78,73,84,75,66,80,70,65,68,83,72,52,60,60,66,60,68,65,71,52,57,68,56,69,55,46,48,44,61
64,50,59,50,82,58,63,70,119,349,963,1766,1819,1797,1607,1563,1535,1383,1390,1234,1238,1225,1087,1148,1067,1057,986,989,924,909,872,770,805,841,743,758,713,727,710,667,679,611,640,643,568,601,601,524,540,532,532,483,496,496,492,497,479,435,445,456,440,430,386,400,401,404,384,377,369,368,339,355,327,316,348,344,307,321,324,295,303,320,291,300,294,285,256,253,243,233,270,254,239,230,266,224,208,229,210,219,199,213,186,197,199,191,168,188,186,179,213,174,194,172,156,164,168,167,157,152,172,147,151,175,149,143,145,148,167,134,141,128,131,137,145,141,136,120,137,113,127,115,120,108,145,101,119,115,124,103,90,106,91,87,99,84,103,104,95,108,84,94,78,86,103,85,83,82,84,96,75,85,81,80,70,85,75,70,76,65,68,75,72,79,69,64,85,61,60,53,64,66,73,75,62,78,58,46,44,51
64,54,69,58,57,47,52,67,97,295,928,1575,1684,1599,1488,1452,1385,1251,1301,1267,1160,1119,1098,995,1023,1019,941,874,909,800,779,807,803,769,696,722,714,657,706,567,636,642,607,558,555,547,511,556,498,525,482,521,471,441,487,455,460,410,392,409,412,412,391,360,353,363,393,316,339,346,344,318,331,314,286,336,330,280,313,289,270,235,273,244,250,241,259,287,274,217,222,224,253,247,242,248,231,208,240,211,208,200,206,190,178,169,191,194,172,184,178,160,168,185,173,159,140,159,161,159,150,158,176,157,167,156,139,135,129,123,104,145,139,156,120,136,112,127,135,123,125,103,115,111,106,104,102,99,97,99,92,86,111,87,115,83,92,93,110,84,83,68,91,99,86,80,75,85,87,70,75,85,67,73,77,77,84,68,74,68,72,78,62,64,49,65,53,49,75,54,68,60,71,52,37,61,51,62,66,49
55,57,53,52,61,66,50,51,109,341,1073,1771,1983,1908,1818,1685,1583,1567,1493,1418,1316,1313,1308,1169,1121,1089,1038,971,1063,918,849,985,781,861,774,765,758,752,734,713,744,742,617,622,621,631,598,527,587,559,567,553,491,535,501,524,439,474,453,494,431,448,410,459,429,389,388,387,373,366,338,353,336,359,355,332,303,314,317,302,310,289,301,302,273,259,254,314,266,266,259,241,243,234,253,250,251,204,226,220,212,230,208,235,201,200,211,192,214,222,201,204,154,188,162,175,178,171,169,167,160,153,162,166,153,164,163,154,154,154,143,129,135,129,142,129,132,125,132,121,98,113,117,126,87,122,115,112,108,95,110,100,93,97,107,103,86,110,93,115,120,80,93,100,88,105,85,72,81,92,94,81,75,80,76,83,98,75,76,79,70,63,68,72,57,72,75,54,69,70,64,58,58,59,64,65,54,72,53,59
50,57,69,55,50,63,45,69,116,281,888,1513,1681,1543,1475,1362,1332,1300,1203,1211,1123,1152,1101,1016,990,926,871,893,836,814,804,768,750,721,696,660,646,673,643,646,616,603,594,633,564,534,552,514,514,509,457,463,468,471,475,439,394,416,419,419,412,393,398,383,360,375,380,360,337,350,335,324,331,316,294,300,279,270,267,295,276,253,294,265,258,262,239,263,259,234,259,235,191,227,232,231,193,213,215,207,193,213,199,182,195,170,185,162,168,181,171,156,151,160,170,157,158,147,146,153,147,133,158,156,128,132,130,134,133,102,120,123,129,111,122,124,123,129,110,113,112,105,88,108,110,110,111,109,94,89,120,81,83,77,97,93,98,96,99,87,78,95,98,87,85,108,79,60,79,78,83,81,82,75,79,66,73,63,59,67,65,63,63,71,78,81,58,65,61,63,66,59,61,65,55,59,53,60,55,49
61,49,54,42,30,58,46,53,104,282,847,1472,1595,1438,1384,1308,1222,1245,1135,1085,1104,1020,971,943,937,911,868,822,754,752,735,695,696,658,637,633,622,597,600,535,581,568,532,523,495,517,505,445,490,447,431,456,450,435,453,414,401,413,413,399,388,372,325,347,343,364,312,319,312,281,329,313,295,279,296,316,272,270,260,251,278,256,259,246,272,232,234,240,252,214,208,221,211,217,196,199,207,193,169,196,194,220,167,189,179,161,161,194,183,161,156,147,154,132,167,149,147,144,147,150,137,150,138,139,134,125,143,133,115,121,132,121,104,111,136,109,108,111,113,99,116,93,114,90,119,111,116,85,96,96,99,86,80,98,74,102,83,87,69,89,74,71,64,91,86,64,53,76,76,74,71,66,67,58,69,73,74,72,81,63,73,56,61,58,54,69,55,71,49,59,54,57,54,57,49,51,63,50,51,49
68,68,68,54,56,67,70,88,165,604,1945,3797,4186,4150,3648,3368,3204,2948,2836,2630,2462,2353,2154,2033,1890,1856,1656,1700,1500,1455,1349,1338,1229,1221,1164,1231,1021,1095,1063,968,1027,953,911,917,899,831,870,821,861,822,782,757,740,714,753,665,721,721,693,685,624,636,602,629,536,581,562,571,569,481,490,517,493,474,484,485,450,465,432,422,433,415,416,376,423,389,368,345,377,340,342,322,353,333,336,327,302,303,304,311,294,260,284,287,259,275,281,264,236,241,236,235,218,234,230,225,242,245,237,217,216,221,193,192,208,198,203,211,168,167,174,190,167,185,162,182,168,164,162,175,163,144,142,145,108,145,143,144,144,146,151,142,124,129,118,120,115,114,113,115,106,143,97,129,119,117,111,112,84,93,109,120,103,93,98,97,94,96,97,111,77,93,89,81,85,64,97,90,78,89,70,66,80,74,89,70,83,68,62,71
57,58,55,42,51,44,42,58,123,330,1044,1723,1795,1713,1555,1560,1461,1335,1289,1230,1193,1173,1063,998,1011,935,925,869,833,821,831,771,741,701,661,648,689,644,669,624,627,614,630,573,534,575,540,488,528,487,481,475,494,447,423,423,495,439,398,396,395,377,371,350,361,379,358,331,356,340,356,333,321,319,284,308,310,285,265,286,289,257,274,247,275,246,251,220,229,231,234,208,205,221,237,181,204,209,200,195,183,175,197,197,210,201,190,186,173,160,157,163,154,151,166,165,156,163,168,152,158,153,143,138,138,120,137,141,118,116,120,121,124,139,107,118,121,131,107,116,94,107,108,107,117,93,90,108,99,87,101,90,77,86,102,94,83,65,102,90,84,95,90,75,78,70,89,82,86,86,56,83,82,80,59,73,90,75,60,64,52,59,59,54,61,52,52,71,58,64,56,50,54,52,46,52,59,57,58,45
37,35,31,35,28,40,34,35,63,198,594,990,1080,983,929,896,852,793,804,725,752,730,635,686,638,581,565,546,583,551,436,489,459,441,469,409,420,414,391,417,368,389,357,383,360,338,347,299,297,296,292,308,297,281,298,278,245,267,240,253,265,259,259,252,234,263,261,214,217,195,216,191,187,199,215,184,204,184,175,197,176,170,196,145,154,176,164,159,149,138,151,120,150,153,154,140,120,124,126,137,129,121,121,146,147,113,122,123,104,106,95,104,115,106,118,100,107,110,102,101,88,98,94,87,87,79,89,91,84,79,81,91,79,88,78,71,75,77,61,65,66,79,79,65,80,70,64,73,71,83,61,56,67,71,67,68,66,73,58,70,56,42,57,51,65,59,60,53,45,46,52,51,42,45,58,56,49,46,54,35,39,26,46,46,40,43,46,40,34,42,33,44,34,35,42,30,35,39,40,37
50,48,59,58,44,54,50,52,100,335,994,1760,1871,1717,1653,1580,1555,1457,1437,1390,1322,1339,1205,1210,1084,1055,1071,972,937,937,869,877,849,832,796,806,728,774,730,682,699,662,622,622,596,652,562,586,552,526,569,563,497,483,492,532,477,446,440,427,453,435,419,437,419,425,401,374,357,373,351,348,316,330,350,338,316,303,343,306,308,285,265,301,266,261,289,303,274,245,278,279,241,242,242,272,240,215,222,236,204,198,221,179,206,221,190,205,213,198,187,183,159,189,167,199,175,198,166,146,156,172,154,158,155,166,144,170,160,161,160,146,143,152,147,128,141,120,134,104,119,115,122,137,110,109,120,120,123,94,104,100,107,107,107,96,103,101,94,125,113,103,108,83,97,102,88,101,77,81,89,94,86,75,90,87,77,75,91,92,68,74,71,71,64,64,75,68,70,68,65,43,60,53,78,70,57,71,47,50
60,48,61,69,42,46,63,69,107,369,1117,2045,2112,2046,1830,1782,1580,1571,1516,1380,1311,1232,1188,1151,1094,1055,961,1005,926,880,907,820,807,761,785,804,706,730,701,691,609,591,615,576,609,568,557,536,535,541,506,510,502,483,489,460,441,436,410,453,409,382,390,405,418,391,389,329,376,344,353,344,294,326,322,311,309,327,309,310,297,285,278,293,286,289,231,267,234,259,237,256,239,229,213,224,228,211,203,205,207,227,191,222,239,162,191,179,185,176,203,173,172,155,154,170,146,139,153,154,138,160,139,132,141,137,148,143,138,127,140,116,129,128,124,121,107,123,112,105,119,129,118,110,86,118,113,126,99,112,125,109,115,87,92,71,101,82,117,88,77,101,87,96,87,79,77,73,80,73,87,80,69,65,68,70,69,70,72,66,72,78,59,56,67,64,64,60,57,52,66,54,53,57,53,53,56,53,63,53
47,59,45,61,51,72,49,62,129,405,1388,2424,2644,2517,2283,2166,2031,1955,1802,1737,1649,1607,1498,1457,1309,1313,1206,1103,1086,1051,1045,1060,944,968,894,912,849,835,743,771,750,710,736,680,714,698,647,627,642,643,574,601,571,569,539,533,528,541,525,504,477,474,469,461,408,423,393,401,427,394,411,377,401,391,359,352,342,317,321,320,303,308,327,313,315,282,284,274,280,289,270,281,253,245,271,224,233,234,232,234,230,244,217,236,224,211,222,200,209,191,200,194,181,197,162,200,174,193,142,166,172,179,161,155,147,147,145,154,144,137,145,127,146,126,145,163,145,125,123,130,139,116,130,128,114,121,100,131,106,129,86,90,108,86,105,96,112,96,94,86,98,107,91,105,81,87,79,100,72,88,87,88,68,64,81,74,81,98,71,80,79,59,63,69,61,71,73,58,67,77,75,47,77,64,64,58,62,54,64,61
89,70,71,87,57,73,53,80,138,401,1232,2111,2287,2262,2066,1914,1851,1841,1716,1682,1618,1520,1510,1481,1333,1270,1201,1189,1219,1126,1076,1034,1078,940,939,903,886,889,894,832,836,794,765,777,738,707,697,723,712,722,614,658,648,686,618,604,654,560,555,558,482,516,517,506,520,498,481,476,446,413,484,467,451,423,437,408,409,396,375,393,356,323,356,368,321,345,330,323,332,297,315,320,308,300,278,283,261,264,278,278,259,260,230,243,259,216,233,236,239,242,233,224,214,211,211,228,206,223,187,204,201,193,178,179,200,189,189,195,178,168,158,204,167,178,176,153,158,134,151,136,143,147,135,161,133,143,119,142,125,141,126,135,109,137,134,112,99,150,109,109,118,109,104,104,120,126,115,119,104,120,112,109,113,112,88,83,84,106,111,95,96,95,80,96,83,79,80,82,94,68,79,80,68,75,67,58,80,75,73,59
64,51,57,58,66,69,58,70,117,374,1082,1880,2142,1907,1871,1788,1627,1640,1563,1476,1457,1395,1334,1287,1225,1147,1143,1092,1040,958,958,906,874,868,892,828,851,785,809,762,709,701,664,716,689,680,654,652,704,625,583,550,574,593,568,567,510,511,516,481,456,487,507,457,437,406,437,469,391,394,403,369,423,416,355,389,370,358,330,338,349,307,339,324,322,330,329,316,315,304,312,299,279,287,287,257,270,226,249,231,240,253,223,248,231,218,234,250,216,205,236,223,190,201,218,215,179,190,181,180,181,172,176,178,164,174,161,168,155,145,156,172,143,143,127,144,153,131,163,136,142,139,125,119,129,122,122,137,109,103,127,98,132,99,129,113,118,106,136,104,112,99,103,96,118,107,85,87,112,95,96,71,114,84,104,82,100,84,70,88,81,86,77,88,89,83,82,90,72,85,79,74,62,77,80,82,73,70,49,48
58,65,54,60,71,57,48,60,134,358,1083,1786,1979,1859,1774,1706,1524,1521,1424,1376,1330,1335,1303,1234,1112,1097,1030,1030,993,958,899,877,855,832,855,783,723,753,733,679,702,656,640,655,673,639,628,593,589,586,527,574,542,521,556,491,467,498,490,489,437,447,468,412,401,409,396,387,376,403,371,353,371,365,329,325,325,308,358,312,318,309,287,297,293,269,273,268,235,295,244,259,281,260,207,212,261,242,236,221,215,234,213,214,216,214,218,187,194,197,193,220,198,182,196,183,177,166,198,187,166,161,170,143,171,150,161,147,126,128,135,171,137,132,139,135,159,129,118,134,125,106,142,120,136,115,114,127,119,114,105,94,121,98,117,99,103,97,99,116,100,120,93,106,106,89,92,109,73,82,80,66,72,99,73,83,84,72,61,91,79,74,69,76,71,61,59,68,76,67,79,71,47,63,66,93,52,62,56,57
45,79,56,65,56,51,46,59,124,355,971,1739,1877,1792,1692,1619,1565,1427,1308,1317,1298,1267,1158,1164,1077,1019,1027,991,931,860,918,906,827,820,780,766,746,774,706,735,690,682,614,644,626,590,575,608,536,501,549,544,528,489,477,527,500,432,485,483,421,424,419,416,408,396,387,385,365,375,402,346,375,339,368,336,339,309,313,308,294,295,274,304,309,271,245,241,270,256,261,269,259,206,241,230,210,239,216,220,202,209,242,196,217,222,201,203,194,225,204,208,173,186,174,165,175,142,160,160,162,153,141,163,159,174,155,144,151,143,131,118,167,154,142,111,127,142,145,102,126,112,122,121,138,124,108,122,118,120,122,101,97,91,103,102,90,85,102,112,111,106,90,84,81,74,88,91,94,96,85,86,93,72,86,80,85,83,82,75,68,70,66,71,65,61,71,51,58,51,54,80,74,72,56,61,50,56,59,60
53,45,64,70,58,57,54,67,136,335,1099,1911,1971,2024,1819,1725,1592,1550,1471,1472,1465,1407,1287,1250,1176,1173,1131,1021,1020,1044,954,960,929,856,835,862,784,767,772,736,735,782,731,668,655,658,650,676,615,639,585,560,562,545,570,513,504,526,517,471,491,469,412,465,460,467,483,415,379,414,391,384,385,353,355,357,352,364,365,363,353,324,309,320,313,299,291,298,302,285,288,248,261,281,246,276,260,238,241,245,241,258,246,235,254,226,241,195,218,217,245,204,212,199,217,171,188,164,206,165,193,168,165,177,199,174,170,166,144,164,156,161,163,144,136,144,155,139,137,148,143,149,139,105,122,139,130,121,123,133,119,107,96,108,119,115,117,106,113,139,116,99,102,95,85,96,99,102,105,105,84,114,79,93,107,84,77,108,71,91,88,73,86,81,85,68,73,85,77,72,81,59,72,73,75,68,57,64,78,63
56,53,51,67,54,59,50,82,115,334,968,1722,1916,1830,1739,1635,1514,1460,1432,1412,1296,1313,1112,1203,1118,1065,1047,978,905,973,902,869,881,797,833,796,797,712,718,736,669,665,650,651,602,573,635,596,564,552,538,494,495,545,488,485,452,494,446,431,463,435,416,432,426,399,388,392,398,361,389,372,357,328,317,326,305,302,333,315,306,316,346,319,324,268,246,299,259,256,241,269,248,257,260,227,243,218,240,252,212,223,212,232,208,210,217,205,215,188,164,197,186,176,193,168,173,179,193,158,165,178,138,175,154,149,163,167,153,163,127,131,134,172,137,157,122,130,117,139,123,115,114,95,104,116,104,116,112,92,97,123,114,117,91,102,117,94,100,98,111,103,100,90,102,80,91,81,98,96,94,87,60,98,101,84,79,74,80,64,69,68,62,72,79,89,78,81,75,72,69,59,70,55,79,54,66,79,46,65
48,62,60,53,47,55,65,57,129,338,1026,1825,2042,1948,1825,1733,1747,1616,1541,1449,1456,1390,1407,1199,1209,1174,1088,1019,984,997,951,923,903,818,854,812,825,794,732,760,728,670,735,661,649,633,631,624,581,548,586,560,538,508,544,530,487,477,503,484,510,469,484,468,462,419,452,385,449,390,392,400,376,349,369,373,347,310,287,334,330,291,288,311,279,304,282,306,294,253,266,278,276,268,266,219,245,268,238,227,246,228,203,231,225,217,218,197,235,238,195,202,167,214,204,163,185,203,169,165,172,194,147,136,182,163,181,172,156,144,158,179,147,165,145,138,119,122,140,142,143,114,127,121,131,130,126,111,123,117,108,109,116,114,98,108,95,114,110,84,101,106,104,117,91,100,102,99,87,92,79,84,88,84,80,78,91,92,90,75,80,89,72,64,81,73,75,71,82,86,57,53,64,70,68,63,63,64,69,67
41,64,58,66,63,66,68,76,126,376,1029,1836,2048,1940,1935,1730,1637,1605,1567,1517,1405,1357,1336,1215,1221,1102,1110,991,1046,972,925,937,899,865,855,894,812,792,739,740,733,717,647,638,659,639,643,624,603,607,577,588,543,545,563,480,470,515,484,482,506,438,447,434,429,407,406,412,421,378,378,374,375,388,355,381,336,341,337,351,314,299,311,308,344,309,294,282,279,276,270,284,265,256,243,221,273,226,231,248,253,265,224,225,229,192,219,212,197,193,198,199,189,212,186,164,216,186,177,190,165,180,166,177,152,163,187,155,174,137,157,153,152,152,127,141,139,127,138,131,132,136,134,116,109,111,118,114,128,131,125,128,107,100,115,116,104,101,114,110,116,113,93,103,97,97,97,90,72,100,84,96,101,67,84,79,82,98,68,89,81,87,81,70,73,68,54,86,80,56,67,63,61,59,64,71,62,60,65,60
46,53,55,51,57,55,66,55,122,341,970,1692,1853,1743,1627,1527,1530,1401,1302,1275,1234,1200,1179,1055,1058,998,1061,926,892,865,881,870,814,791,825,691,701,740,711,653,644,657,651,638,626,596,584,562,585,521,508,519,518,484,506,499,453,445,436,417,465,458,418,407,397,389,390,393,363,405,361,348,358,304,330,345,306,288,336,298,285,278,276,269,283,296,247,286,259,234,265,249,259,247,209,245,208,194,221,227,213,216,186,199,215,200,203,191,176,188,199,152,188,195,191,157,166,164,163,157,187,161,160,163,153,159,139,157,135,135,151,140,124,104,138,118,149,117,125,126,113,133,114,133,125,108,111,127,104,112,99,103,109,89,102,99,111,93,102,98,86,97,100,100,100,80,81,89,81,90,87,91,95,69,76,66,87,81,76,79,84,80,76,82,67,75,67,64,67,62,71,63,61,56,60,59,48,68,57,58
58,59,66,68,56,78,44,69,119,347,1087,1866,1974,1956,1743,1692,1676,1564,1503,1367,1444,1406,1266,1192,1176,1119,1089,1045,1005,907,982,901,925,813,848,801,787,777,760,746,728,734,717,715,669,656,630,635,624,606,554,569,578,579,547,590,478,475,509,491,486,474,457,433,462,441,430,404,420,382,398,400,348,332,373,348,322,322,314,336,314,322,283,308,290,293,303,307,305,300,264,299,270,250,276,274,274,235,238,244,263,245,229,254,232,233,215,209,199,204,210,193,216,167,194,169,210,154,200,187,163,177,158,153,193,158,179,159,147,170,143,165,143,122,141,141,148,101,131,135,143,134,145,121,124,129,119,127,125,108,112,118,128,96,103,104,125,90,111,104,109,105,96,82,111,103,94,78,102,88,85,90,90,84,80,76,78,90,79,91,78,79,67,84,60,77,94,65,76,76,64,72,64,62,68,76,77,55,61,66
60,57,60,61,62,60,54,49,120,330,1051,1792,1941,1840,1709,1704,1547,1490,1488,1399,1326,1337,1204,1190,1135,1052,986,1023,949,953,898,954,834,834,798,776,740,741,703,741,715,729,646,644,589,591,612,569,555,593,562,529,482,511,528,530,481,458,464,496,463,458,409,418,444,427,402,390,387,357,378,364,341,341,348,357,368,311,335,291,301,285,298,245,294,317,255,256,261,304,266,253,235,217,265,257,260,232,239,233,235,225,213,230,215,202,192,188,212,170,198,173,205,182,175,164,184,160,165,190,171,162,158,146,182,162,145,145,159,164,127,149,142,155,136,133,115,123,131,141,120,127,127,118,140,119,122,124,118,140,105,108,118,92,110,112,107,99,100,88,79,113,82,94,84,90,98,75,91,99,98,90,79,89,89,75,80,81,72,63,89,95,95,72,63,75,74,72,77,75,65,49,68,62,66,60,57,62,60,61
62,44,61,46,50,59,55,60,108,345,861,1584,1694,1675,1593,1494,1406,1377,1314,1236,1290,1167,1139,1100,986,982,980,935,870,841,827,838,777,754,754,743,659,663,676,688,649,619,604,578,570,570,561,492,513,529,524,525,489,481,478,473,451,420,422,437,414,356,376,392,365,416,383,352,339,372,340,349,335,274,316,345,323,297,347,315,280,287,259,271,263,249,264,294,215,246,235,257,261,226,224,244,207,214,226,231,217,202,206,189,195,201,199,178,204,176,179,184,184,175,176,168,163,171,178,133,136,193,157,135,123,169,147,157,141,140,141,138,128,135,113,121,111,123,124,114,123,121,119,114,123,123,120,104,111,103,105,123,96,96,106,78,103,95,80,84,109,91,92,109,97,80,85,82,86,75,85,84,64,70,74,62,66,59,76,73,62,68,67,53,57,68,76,73,60,60,54,74,53,59,66,46,72,67,50,41
63,59,55,50,38,44,56,66,99,337,1002,1668,1743,1776,1576,1550,1523,1392,1379,1363,1228,1223,1210,1174,1020,997,983,914,919,941,875,809,835,806,794,737,722,718,675,693,641,653,651,612,611,573,572,560,554,533,530,541,492,524,492,494,469,496,501,442,451,428,427,424,382,397,401,375,371,377,377,352,328,357,338,332,322,297,290,308,280,316,277,276,312,271,291,241,291,247,249,254,239,236,264,232,207,232,214,223,242,238,229,196,194,203,201,201,200,207,196,199,205,177,174,152,160,152,172,159,152,145,161,148,167,156,140,139,144,135,136,122,132,120,147,130,143,117,118,123,133,136,136,111,104,108,119,122,111,119,117,134,116,114,113,99,105,85,108,103,116,97,101,93,109,87,78,89,90,96,98,65,93,76,86,89,75,76,65,66,82,66,70,52,63,82,71,76,76,64,54,66,57,67,59,57,47,44,52,50
49,66,69,50,63,59,62,61,99,323,1021,1809,2019,1852,1783,1622,1589,1476,1457,1369,1410,1273,1189,1164,1191,1108,1051,1045,1000,941,986,854,817,841,798,780,757,747,730,746,700,617,630,569,624,621,602,545,560,574,570,533,504,485,508,509,503,478,454,493,469,440,427,434,440,394,408,435,387,393,362,373,388,337,323,359,294,286,302,307,336,313,298,287,251,277,300,290,262,258,265,265,266,233,259,238,240,265,224,237,223,198,224,240,195,222,211,221,208,219,215,185,207,185,179,189,160,186,166,162,164,171,157,169,193,173,148,157,147,141,167,128,147,135,143,142,137,135,144,115,141,118,118,109,119,111,116,120,103,108,117,103,114,112,125,113,102,111,84,102,99,94,98,84,94,96,100,76,86,89,78,80,89,91,95,63,96,81,67,67,79,63,60,64,53,62,60,69,64,70,73,69,63,57,59,62,64,64,62,67
58,61,51,53,62,53,62,56,132,382,1018,1825,2007,1967,1738,1735,1652,1541,1493,1415,1376,1322,1298,1223,1130,1125,1059,1037,1004,951,954,883,893,780,844,796,778,776,763,725,678,697,714,669,599,606,644,618,646,581,590,556,520,552,528,501,506,484,492,505,475,421,464,421,447,369,402,426,422,335,364,372,333,335,366,345,342,348,309,320,341,324,297,315,291,307,299,292,279,309,302,256,257,270,251,227,259,241,251,259,250,255,217,234,221,227,212,201,201,205,209,179,188,176,197,183,179,184,177,182,183,149,179,166,160,180,164,149,148,142,150,143,160,137,132,145,130,168,136,143,132,137,132,117,109,106,151,92,137,117,95,121,117,94,114,105,115,102,88,104,104,95,107,93,111,99,100,97,93,87,88,81,79,89,68,92,72,78,72,93,74,69,67,66,59,67,71,65,63,51,71,71,56,54,62,60,61,63,63,71
60,60,51,60,62,59,57,74,119,392,1068,1858,1967,1888,1903,1719,1692,1535,1497,1415,1448,1335,1333,1210,1148,1195,1144,1137,1033,939,887,908,889,848,857,790,826,805,775,761,711,633,714,664,637,636,640,594,609,587,597,552,573,551,561,522,496,486,482,482,484,474,439,466,444,443,433,419,404,398,362,367,350,373,322,374,326,307,327,337,346,294,310,315,324,312,306,285,263,288,273,259,268,292,266,258,242,241,251,240,290,244,222,236,208,225,222,209,198,216,209,223,211,187,214,184,172,213,175,171,183,188,158,168,182,179,168,169,153,149,146,157,156,170,146,144,146,134,151,116,126,127,116,146,114,113,130,116,135,111,119,108,115,106,107,110,113,125,108,109,102,94,104,112,107,85,106,104,91,77,101,79,88,81,89,82,72,88,91,91,86,87,67,91,83,76,60,67,67,80,59,59,72,68,72,60,57,68,69,55
58,62,68,52,60,52,70,62,102,357,1053,1920,2098,1958,1813,1697,1635,1469,1532,1404,1371,1357,1244,1272,1252,1137,1160,1036,1075,978,970,958,950,850,811,816,823,746,713,735,727,740,641,688,680,623,621,600,603,529,550,597,536,567,538,505,524,504,497,488,468,443,451,459,463,408,435,362,415,434,405,422,412,350,377,411,346,331,338,333,322,354,314,334,319,285,280,288,275,261,268,245,249,259,253,226,290,259,231,229,255,255,237,218,212,190,240,221,206,198,208,196,180,182,190,227,176,180,195,170,170,173,187,172,185,189,173,138,148,149,151,175,173,158,147,141,133,142,127,117,127,135,121,122,128,122,129,97,129,111,117,98,110,91,95,104,101,116,104,90,102,105,99,96,103,108,110,99,95,84,90,103,89,83,93,105,95,78,86,75,88,99,73,95,74,78,99,70,71,87,62,90,71,67,68,63,76,79,69,59
68,62,54,61,51,69,58,58,111,325,1052,1698,1850,1759,1666,1606,1649,1494,1407,1357,1338,1269,1198,1091,1146,1065,1044,957,962,947,888,896,852,840,771,811,758,690,694,720,697,651,652,599,624,627,581,585,580,555,622,522,493,530,513,520,460,439,467,472,467,415,447,449,432,428,390,400,398,363,340,341,341,336,342,300,370,309,322,294,292,311,297,306,256,340,265,320,308,274,254,270,217,238,238,234,231,250,242,210,227,243,205,226,208,215,204,205,205,201,200,205,189,191,192,172,174,157,172,162,175,155,159,165,160,151,143,139,155,151,165,133,125,148,139,133,158,117,140,122,138,123,110,103,118,125,115,119,98,109,109,102,88,118,112,98,96,102,113,101,88,87,101,99,98,96,101,81,83,74,71,82,80,89,74,74,81,80,65,73,62,74,64,60,72,57,79,71,55,65,76,61,71,53,73,61,63,49,73,58
63,43,52,55,79,55,52,67,123,336,1025,1839,2069,1842,1876,1639,1614,1544,1507,1368,1318,1288,1236,1130,1194,1094,1073,1048,968,1001,973,887,878,825,845,811,772,770,713,719,675,746,641,735,697,639,584,561,587,537,565,546,531,493,507,501,457,443,506,497,468,468,473,460,441,462,402,393,434,377,373,402,387,373,354,340,344,350,307,323,323,290,321,286,311,300,259,286,280,307,295,288,275,265,249,223,285,249,256,259,292,205,227,217,221,188,223,215,206,201,205,207,209,187,201,192,176,184,156,168,145,180,172,178,170,174,169,165,148,141,150,151,154,138,142,133,149,143,148,122,127,124,117,124,122,140,123,130,114,110,117,102,108,127,110,130,115,109,98,98,92,100,89,85,110,98,81,114,88,109,102,84,82,100,99,79,86,67,88,76,80,72,81,66,74,76,85,57,72,57,84,73,68,70,74,58,55,64,64,48
54,57,50,66,59,54,73,60,125,330,956,1713,1842,1764,1694,1561,1539,1462,1409,1312,1303,1247,1197,1099,1079,1031,1024,955,922,875,852,808,828,785,762,762,710,678,721,647,667,666,622,631,624,597,609,591,540,514,539,527,494,507,455,513,464,466,438,444,425,426,390,430,412,403,393,375,339,358,348,332,363,333,342,326,333,320,300,325,306,301,298,282,315,280,263,252,235,240,235,206,255,243,231,242,242,232,225,237,194,215,196,211,220,205,199,167,189,208,194,176,161,175,159,165,146,149,166,162,127,174,156,140,172,164,153,153,134,132,143,125,124,122,151,140,133,129,123,127,128,130,128,121,124,121,105,101,98,112,99,112,107,105,91,96,93,94,87,116,106,96,90,99,82,101,74,74,89,88,77,66,79,88,66,74,69,70,67,66,89,73,73,54,75,72,70,68,72,57,58,60,65,57,47,48,55,52,60,52
52,58,64,64,57,68,44,75,106,337,1059,1765,1989,1894,1733,1657,1531,1608,1551,1348,1358,1293,1181,1219,1136,1077,1005,1040,975,977,912,847,862,796,835,756,721,764,752,683,678,698,650,648,680,609,571,576,559,550,572,540,546,566,538,513,495,503,458,465,426,439,443,414,409,428,368,392,354,371,380,375,337,336,339,344,328,325,346,298,300,312,288,326,293,320,286,264,290,292,268,233,239,258,256,222,232,246,215,210,239,235,235,215,247,205,197,205,211,189,194,194,162,204,176,186,185,169,177,159,143,167,157,135,146,156,162,158,153,154,140,148,150,126,135,134,149,132,139,131,141,134,122,113,132,126,120,117,121,106,128,107,121,104,101,100,105,100,114,107,108,96,86,100,91,100,103,92,107,91,89,97,94,79,77,86,78,81,77,76,63,73,69,62,59,62,56,69,64,82,65,56,57,62,66,57,68,60,55,56
68,74,71,58,64,59,73,88,157,571,1735,3146,3133,3073,2734,2488,2312,2288,2189,1962,2002,1889,1767,1646,1656,1432,1405,1338,1261,1282,1169,1170,1100,1100,1052,1004,993,967,902,886,861,823,891,813,782,778,738,762,724,701,700,683,614,670,630,689,566,597,586,586,574,571,556,540,493,515,452,464,464,456,451,462,472,431,436,387,410,378,374,401,354,379,374,359,394,359,355,326,309,330,322,326,310,318,291,289,266,272,273,290,265,304,277,255,270,259,241,250,245,195,216,249,244,242,228,218,192,218,182,229,238,216,214,202,186,209,180,194,192,189,186,180,172,160,166,168,147,147,138,142,159,109,161,158,152,113,155,115,138,139,109,122,123,126,145,120,129,123,110,116,123,106,111,123,114,115,139,111,107,108,76,85,98,92,104,103,78,95,98,88,88,107,70,84,99,89,94,78,90,81,84,63,75,62,74,68,76,69,58,68
68,71,68,67,69,72,69,80,151,440,1375,2338,2646,2653,2428,2249,2188,2079,1997,1965,1792,1841,1712,1597,1565,1460,1365,1359,1216,1159,1164,1160,1110,1082,1032,989,943,935,872,888,910,842,805,838,756,786,789,702,710,683,731,683,645,587,620,635,623,580,554,586,567,505,535,477,502,512,502,525,438,424,442,384,426,440,418,404,382,391,405,390,368,387,325,377,347,354,362,318,357,327,279,311,319,314,291,285,277,265,278,266,259,259,249,242,250,250,241,236,232,207,236,234,200,226,209,208,225,196,193,199,200,198,185,147,196,181,181,179,172,174,144,177,165,149,162,175,151,164,143,145,144,147,134,157,152,137,123,157,119,133,121,115,115,145,119,119,126,106,124,125,113,96,108,128,102,113,115,112,103,88,92,113,103,107,86,101,95,95,99,72,86,75,81,95,71,91,75,73,74,78,79,63,72,63,65,76,70,75,67,71
56,74,72,70,57,64,62,87,138,458,1330,2410,2647,2556,2440,2295,2197,2078,1951,1952,1846,1780,1655,1558,1512,1468,1377,1325,1229,1244,1136,1202,1033,1048,1066,989,988,916,911,900,848,807,825,815,764,786,723,731,683,642,640,680,706,650,638,560,623,559,592,582,522,532,518,539,551,482,481,488,452,440,468,412,417,444,405,358,368,377,421,381,341,361,376,375,334,327,334,334,328,320,300,299,319,277,286,296,300,266,260,294,269,237,247,261,253,235,224,250,233,216,210,232,218,202,219,231,236,217,199,209,198,202,203,195,179,175,159,159,152,176,166,182,151,160,179,157,163,151,163,163,150,145,137,144,123,132,139,119,146,140,131,124,143,114,130,114,111,116,113,107,102,115,105,92,111,102,101,99,89,105,102,96,90,93,99,89,83,75,82,96,93,87,83,74,91,90,91,73,85,77,80,92,76,69,82,64,59,72,59,64
62,64,60,65,62,49,75,72,162,473,1453,2466,2770,2641,2536,2345,2223,2088,2129,1964,1851,1809,1656,1633,1528,1489,1488,1352,1253,1234,1137,1181,1081,1048,1039,1041,993,934,945,912,929,919,883,841,835,739,731,758,752,668,689,737,683,630,675,632,638,598,572,612,563,513,523,514,540,499,455,494,441,460,458,429,444,450,399,416,452,420,389,391,369,415,337,378,360,358,361,318,332,307,293,310,276,309,307,320,304,284,282,275,265,241,280,279,256,238,225,253,249,236,213,222,222,232,218,206,179,221,210,185,219,216,207,195,229,193,182,181,190,167,181,183,164,185,152,187,153,138,161,166,169,157,143,144,135,177,110,144,137,115,124,121,128,133,116,95,121,118,127,127,124,125,104,122,101,105,125,109,106,99,117,106,96,101,94,109,105,101,93,85,79,92,100,87,101,82,81,82,79,85,87,75,92,60,79,88,91,75,63,71
75,66,57,73,60,59,70,61,122,442,1377,2394,2556,2427,2364,2215,2051,1983,1862,1859,1720,1703,1638,1542,1467,1468,1363,1303,1276,1179,1131,1134,1064,1061,1043,966,980,940,925,851,811,833,834,772,793,796,708,705,706,699,670,638,609,594,616,578,608,550,555,570,545,553,543,525,520,481,508,436,488,439,443,425,417,431,423,348,379,408,428,393,400,355,351,351,342,356,358,352,342,328,323,303,315,303,291,305,266,309,257,283,276,251,262,291,243,259,251,240,228,244,222,203,225,218,193,214,188,208,201,224,206,179,210,211,161,182,173,181,197,172,186,169,151,159,151,186,162,144,145,153,173,147,147,170,141,135,159,135,128,138,124,140,116,116,130,108,125,109,102,142,106,107,102,114,99,116,98,104,104,89,110,84,78,89,89,95,81,95,82,111,87,84,77,99,90,91,83,88,91,77,69,78,72,59,61,93,68,67,57,72
68,79,59,52,67,69,71,91,154,376,1279,2217,2509,2562,2275,2151,2094,2006,1855,1891,1747,1665,1610,1471,1446,1369,1405,1293,1200,1237,1157,1121,1098,1005,973,1062,934,936,885,875,830,826,742,790,774,711,730,660,658,656,710,681,618,642,601,650,609,581,600,537,569,534,504,509,502,497,484,471,455,461,474,420,401,411,423,373,385,368,374,351,356,381,358,325,349,362,346,299,336,338,304,298,301,309,302,316,289,292,252,271,289,257,262,281,263,255,251,279,224,217,223,243,224,224,213,184,219,182,186,216,184,187,201,181,181,188,187,172,166,171,186,156,169,162,166,177,158,155,148,157,170,136,147,140,131,140,133,137,136,137,160,133,139,133,135,123,113,106,101,113,120,106,128,110,105,129,110,108,108,110,109,96,97,103,89,79,93,82,87,88,99,95,89,88,87,78,83,84,76,62,86,70,70,75,77,64,70,74,70,66
75,56,58,47,73,53,58,55,148,369,1123,2099,2257,2235,1976,1999,1915,1784,1704,1596,1530,1498,1502,1417,1343,1222,1183,1161,1130,1085,1028,1026,981,949,914,863,834,852,828,831,817,774,760,685,687,691,620,613,680,619,610,602,583,548,572,510,542,527,572,477,509,495,484,447,420,446,469,405,395,434,408,376,370,379,367,341,354,356,343,340,355,310,321,303,334,286,338,254,305,277,273,297,276,281,260,275,282,285,247,226,250,235,259,214,219,234,208,209,203,203,202,196,196,202,186,212,204,202,161,180,212,196,167,170,174,169,187,164,164,142,143,164,158,135,157,142,147,125,139,168,144,141,145,124,111,123,139,126,131,133,130,89,119,109,105,95,125,113,115,102,109,96,104,115,99,95,91,91,102,104,118,102,92,66,113,86,91,71,96,86,76,80,78,80,69,100,71,76,77,89,86,67,65,62,56,70,75,46,61,54
62,74,68,58,49,55,56,68,114,384,1163,2064,2318,2243,2083,1887,1901,1778,1741,1725,1554,1533,1411,1372,1307,1186,1201,1190,1089,1152,1066,1020,942,851,940,868,869,829,801,793,803,741,760,740,685,656,652,637,608,634,604,630,536,568,547,537,519,495,491,541,487,509,461,435,485,408,443,426,424,404,403,428,371,374,385,378,397,318,352,362,325,313,319,333,334,307,319,288,302,291,297,271,266,301,263,255,284,229,240,227,244,224,232,228,228,250,225,246,196,172,200,195,197,205,175,185,201,186,175,165,169,163,165,182,167,141,156,153,163,157,147,135,137,150,144,144,142,141,157,155,134,120,132,118,121,130,106,136,135,121,125,112,105,100,109,125,114,105,100,109,110,92,91,124,97,98,100,107,94,92,86,79,101,85,88,79,83,75,79,81,85,82,80,85,84,67,84,74,53,77,69,55,61,63,66,66,64,71,69,52
73,58,63,71,62,53,57,66,115,408,1095,2023,2201,2163,2080,1960,1852,1787,1746,1596,1560,1518,1443,1340,1289,1271,1206,1182,1053,1037,1009,1016,944,932,921,852,828,818,824,757,781,777,686,705,697,703,628,630,622,623,612,589,562,541,553,536,546,530,512,508,527,502,462,441,405,455,451,414,399,388,391,418,394,385,374,381,375,350,327,370,337,320,307,299,288,327,314,305,284,308,274,252,237,289,252,270,250,243,227,243,209,215,235,239,228,232,240,210,208,201,217,222,180,176,181,190,198,170,153,164,176,166,185,151,146,159,161,163,163,159,139,184,142,159,150,148,140,151,158,151,137,135,129,116,131,123,120,115,112,126,142,108,122,103,96,106,120,96,95,93,118,105,94,102,98,91,88,103,96,122,98,82,100,88,91,76,94,80,62,96,74,78,86,83,73,86,61,65,68,73,61,82,79,70,69,56,74,67,65,74
53,54,56,45,53,70,47,84,134,413,1083,2015,2162,2132,2003,1910,1808,1789,1708,1543,1533,1527,1442,1382,1294,1271,1190,1153,1057,977,1044,954,915,921,909,894,821,852,775,801,735,780,692,712,715,675,659,622,588,601,617,584,607,543,539,570,523,542,538,531,437,481,503,507,442,498,464,410,421,390,390,401,395,383,382,370,376,331,334,346,341,328,322,323,301,305,305,322,286,264,304,285,267,255,268,282,251,226,237,248,237,236,208,243,194,234,216,194,246,228,200,210,200,205,169,183,208,197,182,181,157,155,173,183,154,158,153,168,161,165,165,139,139,137,155,144,128,161,132,129,160,138,141,138,130,120,107,122,95,127,129,110,108,117,110,109,114,108,95,101,97,110,93,103,98,106,100,87,79,109,81,99,94,88,85,87,86,76,80,73,106,90,84,73,90,74,75,78,71,56,72,60,86,71,51,62,54,62,60,56
65,61,71,72,45,62,63,58,118,386,1072,1977,2211,2170,2113,1810,1847,1734,1711,1564,1536,1524,1437,1350,1269,1211,1188,1120,1054,1061,1042,1020,879,958,911,866,863,783,809,798,755,756,723,714,701,695,621,640,612,608,613,557,579,572,525,545,538,506,541,519,475,472,467,443,454,435,406,420,409,400,393,391,360,391,380,359,330,362,331,346,316,318,291,333,350,324,306,286,301,283,267,251,274,259,272,275,247,213,236,212,204,216,207,236,246,222,259,213,191,211,198,217,214,189,184,192,193,165,192,189,203,177,168,161,161,187,167,131,148,147,155,135,168,144,138,132,136,141,142,134,109,134,120,130,120,122,124,133,122,118,111,135,107,111,102,112,114,100,90,104,98,110,110,107,92,109,105,98,82,92,93,113,97,89,89,86,96,99,77,77,68,90,91,78,77,86,69,67,70,50,71,63,84,60,76,84,66,57,69,64
69,65,61,64,61,54,67,69,128,365,1054,2028,2181,2139,1986,1834,1738,1764,1665,1539,1518,1460,1433,1319,1196,1293,1170,1122,1066,1064,1067,970,933,897,900,851,847,823,758,761,784,746,703,721,671,680,658,625,616,585,581,578,600,546,543,531,524,473,495,481,437,460,489,450,417,445,412,420,419,381,411,377,389,354,388,348,369,371,352,314,315,338,281,330,303,357,286,293,281,262,279,227,261,281,242,229,239,233,258,241,236,230,210,237,219,206,212,194,227,199,222,202,157,184,187,199,191,183,185,179,176,159,183,174,165,147,159,172,155,180,166,151,142,144,139,149,130,154,151,144,113,125,112,130,150,123,106,106,120,106,108,121,110,127,92,117,114,110,108,97,118,98,103,91,108,70,100,102,89,88,84,94,80,86,79,71,81,77,88,69,75,78,64,71,86,80,77,65,71,78,72,64,71,60,60,74,58,54,51,74
54,59,58,54,63,61,50,64,143,370,1101,1959,2073,1951,2014,1868,1809,1648,1701,1591,1482,1390,1415,1283,1288,1229,1149,1127,1077,982,986,974,909,895,888,824,842,808,746,711,752,744,719,666,662,681,668,571,638,585,582,537,575,522,524,515,492,528,460,503,475,444,452,429,420,474,438,385,402,399,359,392,361,384,349,363,336,328,366,324,291,339,300,326,279,308,302,279,292,271,304,293,249,271,277,238,273,256,235,258,233,219,230,227,212,228,215,222,211,202,206,220,197,203,168,166,162,172,158,170,148,181,153,170,180,133,153,150,127,137,171,133,162,169,135,153,139,138,142,113,149,123,102,112,130,122,132,130,96,101,111,116,107,108,99,115,90,92,102,106,88,94,105,85,89,108,92,96,75,93,100,100,99,88,67,85,94,76,68,82,75,64,74,60,104,88,84,53,59,63,59,57,60,68,74,66,73,71,56,53
49,59,61,56,64,59,50,49,114,367,1131,1981,2152,2059,1950,1870,1772,1745,1632,1638,1453,1408,1333,1259,1225,1220,1176,1137,1041,1021,975,927,967,873,937,853,873,805,796,771,723,727,685,665,659,644,643,605,582,649,559,595,514,562,537,544,509,541,502,515,472,453,478,438,438,415,431,429,409,379,370,413,350,368,387,340,333,331,323,332,317,290,327,294,304,330,301,303,255,316,252,260,281,262,240,256,255,262,284,240,220,226,204,262,225,223,222,209,211,210,201,187,206,187,180,185,172,171,178,164,149,180,164,169,169,145,157,152,180,161,152,143,184,150,152,138,118,121,133,134,135,141,115,141,123,118,93,136,140,108,125,122,108,107,120,108,102,107,88,113,101,106,94,103,109,88,94,87,114,111,86,89,81,83,85,80,99,90,94,77,87,95,63,88,71,78,75,69,72,71,64,70,53,63,62,54,57,60,48,53
63,56,60,68,52,61,52,59,135,362,1117,1880,2137,2073,1908,1852,1759,1714,1629,1535,1608,1424,1371,1327,1243,1205,1111,1108,1068,1052,994,971,977,917,902,860,799,809,824,761,722,710,742,692,646,641,639,618,576,582,578,590,545,559,496,469,551,504,533,492,471,492,450,433,445,435,464,409,426,340,362,393,366,389,377,345,348,336,337,354,325,317,303,335,310,305,297,310,271,257,260,276,258,276,280,238,254,269,257,273,232,218,223,221,213,236,215,237,188,219,188,218,194,184,210,192,185,195,197,167,174,193,182,159,159,158,165,159,136,156,153,164,159,142,137,142,139,142,153,127,128,124,142,128,120,128,127,121,116,105,115,142,111,115,134,109,118,109,106,102,87,102,98,103,103,94,88,96,84,103,87,104,95,79,92,90,100,90,81,87,69,72,77,75,68,91,77,66,81,64,72,73,82,62,63,52,78,60,73,70
70,54,55,45,56,62,59,65,127,350,1100,1894,2086,2037,1951,1834,1708,1622,1626,1561,1492,1484,1387,1300,1311,1213,1107,1116,1053,1012,1007,935,867,873,897,819,821,844,761,777,750,725,648,699,634,657,660,637,632,582,637,540,557,562,545,522,545,487,490,440,474,497,532,443,439,434,397,407,417,392,423,414,387,328,341,381,350,299,328,288,331,313,294,328,305,283,282,309,315,288,300,280,265,240,266,244,292,241,231,222,219,241,216,231,211,217,209,221,218,189,220,179,187,189,186,159,189,206,184,203,186,165,177,155,176,157,182,165,167,143,161,135,177,127,136,150,130,146,154,141,119,127,135,114,129,126,138,97,122,127,112,109,113,102,120,106,97,121,120,114,89,95,104,80,91,91,97,114,79,87,88,95,83,72,79,102,76,88,80,86,71,72,75,91,91,86,73,61,90,67,66,70,60,56,63,68,59,63,61,68
46,62,50,60,57,60,59,59,133,362,1108,1926,2059,2002,1942,1765,1747,1566,1685,1486,1569,1340,1368,1214,1195,1186,1131,1111,1103,1053,1017,961,907,947,941,842,824,780,727,797,737,721,742,697,678,619,586,628,580,571,574,556,563,524,524,470,531,491,504,519,476,442,427,424,430,424,403,389,418,381,355,411,361,380,362,348,368,360,331,336,295,321,301,315,288,296,294,297,292,298,266,287,263,267,268,281,248,232,254,243,248,238,219,211,219,206,233,236,212,218,216,217,168,182,216,188,178,157,153,166,198,160,142,166,175,144,178,156,155,125,137,161,137,162,117,150,159,135,132,140,152,113,145,131,108,153,121,119,129,119,112,122,104,120,120,136,109,102,96,94,109,124,99,102,96,102,88,94,87,98,91,84,76,85,86,84,92,73,85,84,79,78,81,89,90,61,62,72,71,67,76,51,55,72,65,80,70,60,67,52
56,62,59,69,45,69,51,57,115,353,993,1888,2117,2006,1899,1816,1747,1606,1596,1525,1462,1378,1338,1291,1234,1157,1126,1098,1056,986,947,929,953,892,837,854,806,814,726,760,727,640,680,685,657,619,639,583,584,582,576,536,576,532,554,526,490,508,514,468,499,483,484,451,430,399,443,414,398,389,381,372,376,362,350,339,338,334,346,309,335,320,318,314,290,279,301,295,261,265,279,278,272,267,253,259,271,264,265,220,231,234,242,203,224,213,213,195,201,216,187,205,187,197,203,183,201,174,169,175,172,130,165,169,159,159,165,160,175,163,135,142,139,158,136,141,128,150,146,126,143,128,124,126,110,133,111,122,119,108,96,130,107,117,108,97,114,112,113,114,108,86,82,88,101,82,82,85,114,97,89,77,86,88,80,93,79,69,83,92,83,95,72,83,64,74,61,73,76,69,83,78,62,71,68,54,58,52,62,64
57,52,54,53,56,46,71,65,102,376,1042,1935,2100,2031,1877,1859,1741,1553,1584,1437,1470,1380,1310,1305,1228,1180,1149,1065,1021,1004,952,936,910,879,861,863,830,715,765,746,730,734,735,688,639,655,650,651,589,587,604,593,635,544,526,479,530,497,527,466,452,469,475,429,438,444,436,406,401,407,376,384,358,359,326,394,340,366,320,321,315,309,344,301,279,278,295,274,285,269,294,288,258,247,277,244,218,233,234,237,236,227,214,202,229,188,212,217,181,231,210,190,191,176,172,188,194,174,175,172,144,179,157,170,175,163,167,159,160,155,142,138,147,139,146,128,132,127,125,133,120,140,124,114,99,139,115,123,107,115,122,75,112,106,132,124,109,114,133,109,108,80,74,100,88,87,99,74,95,88,81,80,77,84,82,75,74,84,75,81,71,70,70,79,74,75,67,90,71,65,68,64,67,62,68,57,70,55,70,48
71,58,65,66,50,55,50,49,124,353,1095,1971,1996,2024,1891,1839,1712,1716,1628,1504,1494,1445,1385,1315,1240,1213,1117,1082,1041,1044,980,952,935,903,835,803,802,790,740,746,732,715,680,678,685,625,641,644,573,624,600,568,556,554,532,531,531,500,519,476,485,507,460,420,422,403,425,425,411,396,364,373,367,375,338,353,344,332,371,307,328,284,319,312,293,301,284,275,307,274,271,302,252,253,249,270,236,258,218,226,235,217,220,214,200,232,196,204,201,194,208,186,212,169,190,174,179,172,173,182,154,165,181,159,169,168,142,152,182,158,140,156,161,148,145,131,118,136,152,137,101,145,125,120,131,132,105,125,132,104,110,128,106,127,112,112,107,94,91,92,105,115,113,96,98,100,94,81,91,81,87,99,92,82,75,78,80,69,96,87,87,91,88,68,60,69,85,76,77,55,58,79,84,66,65,78,48,44,55,71
59,56,62,61,52,54,77,65,131,399,1074,1910,2110,1972,1907,1758,1759,1701,1563,1583,1409,1438,1330,1322,1201,1212,1183,1091,1008,970,1009,917,933,921,877,861,768,815,727,784,742,694,719,700,692,646,673,630,569,585,575,563,560,559,532,504,541,515,475,478,457,453,435,443,445,443,415,404,390,387,428,374,355,354,353,360,365,355,336,356,340,312,296,325,291,307,282,287,242,285,288,291,287,276,250,249,289,241,248,246,247,244,212,218,207,225,226,195,201,201,208,207,195,190,186,205,183,172,181,186,173,166,164,175,183,161,152,142,137,150,148,158,162,134,141,124,155,140,122,117,135,136,142,115,124,138,100,130,118,122,110,105,118,85,103,91,108,104,102,107,92,91,101,90,112,97,101,98,98,85,91,98,87,75,70,72,75,96,86,80,77,88,73,89,59,76,73,70,81,62,71,99,69,65,63,77,64,56,67,55
65,68,57,58,58,65,49,71,124,370,1037,1870,2163,1978,1905,1750,1774,1604,1619,1514,1475,1450,1285,1255,1256,1167,1163,1098,1038,1035,996,986,908,877,826,838,846,808,753,745,734,725,689,704,631,622,656,616,589,602,579,548,589,499,528,494,501,514,504,464,449,451,468,467,448,385,435,431,437,395,390,349,370,323,355,362,356,335,313,341,306,320,296,307,303,358,288,280,298,267,246,258,254,275,274,261,268,264,248,251,247,233,249,240,235,242,200,190,217,233,184,170,177,180,210,182,173,188,171,166,168,177,175,177,160,152,124,175,149,140,187,150,131,124,132,126,124,135,128,122,117,119,138,113,136,140,134,120,119,107,109,127,110,128,89,102,83,116,95,96,89,93,91,106,97,109,99,87,126,94,83,89,87,80,72,79,90,80,79,66,78,72,70,67,74,85,73,82,66,62,70,70,62,69,66,51,52,62,64,54
76,65,55,59,61,68,57,59,133,404,1194,2125,2318,2216,2072,2009,1854,1840,1737,1655,1610,1416,1429,1425,1290,1251,1184,1224,1114,1093,1075,975,1018,941,906,904,830,841,825,794,794,774,745,709,742,685,688,623,646,681,657,581,604,571,585,516,527,540,499,531,481,505,464,507,451,438,436,424,418,391,407,408,345,403,358,344,357,342,352,333,330,300,357,325,316,296,295,323,317,278,294,274,282,255,259,274,276,233,256,240,235,212,241,228,246,230,244,210,219,221,224,210,175,200,197,171,186,177,186,184,180,150,179,172,174,166,166,174,177,146,145,129,166,139,143,133,169,139,133,136,147,140,144,141,142,122,129,142,126,143,111,121,117,111,99,93,111,106,114,95,111,109,83,112,86,99,101,92,103,80,100,84,89,91,92,83,90,85,88,81,76,74,63,79,77,71,68,60,72,55,80,62,85,80,67,63,55,59,65,57
37,42,44,51,50,45,54,36,102,280,848,1527,1649,1667,1515,1462,1337,1186,1253,1183,1156,1073,1081,1017,921,942,806,804,823,766,752,736,719,714,617,652,636,646,578,585,574,548,577,509,567,495,503,501,455,442,432,416,433,399,470,415,374,415,377,382,363,344,335,336,363,308,340,286,352,309,316,303,305,277,298,290,263,279,246,262,274,264,229,217,233,228,217,216,232,225,218,215,212,216,188,197,196,189,178,189,176,195,191,163,155,173,154,149,171,146,145,144,131,143,147,156,151,159,134,146,156,142,120,132,120,140,112,124,98,120,152,101,112,112,95,136,112,100,92,105,108,107,88,91,103,89,86,92,111,95,92,88,92,83,98,79,82,78,75,86,77,61,70,84,66,75,70,71,73,87,74,63,65,54,58,68,61,54,76,61,56,49,60,54,45,54,58,53,51,66,55,47,59,53,49,50,41,40,54,40
83,71,74,67,70,67,74,67,149,456,1232,2313,2561,2461,2422,2259,2211,1991,1905,1902,1839,1784,1679,1640,1585,1498,1360,1333,1294,1257,1214,1077,1144,1065,1056,1050,980,948,924,884,866,835,902,792,761,801,752,746,753,738,735,725,666,630,679,624,624,655,596,595,555,589,536,543,518,555,529,521,493,520,503,461,447,447,466,410,442,445,385,410,385,380,389,407,347,337,350,358,358,313,324,315,316,350,304,307,310,305,299,273,286,277,266,250,266,296,285,259,220,245,240,257,236,244,212,253,220,194,210,222,213,237,192,215,194,203,203,198,173,165,167,190,191,169,157,154,189,163,140,174,137,159,158,156,151,157,139,148,151,147,109,131,154,145,110,151,121,123,134,126,132,125,133,108,108,131,128,107,102,130,110,119,109,114,108,98,108,104,101,107,90,88,98,88,94,87,96,88,82,85,87,76,80,68,78,71,67,78,72,61
63,60,71,70,58,60,64,77,126,404,1150,2051,2163,2107,2019,1940,1819,1792,1735,1663,1584,1459,1416,1363,1272,1208,1186,1217,1096,1050,1094,1041,900,933,874,874,866,843,800,783,786,749,762,748,739,726,690,654,634,656,634,613,577,588,536,584,546,563,490,526,514,552,501,468,487,440,434,461,440,423,416,407,404,395,379,375,378,344,400,354,355,341,318,298,321,305,305,333,301,298,325,295,280,296,276,289,242,250,263,258,245,266,215,228,230,242,234,238,227,194,218,169,208,204,224,192,179,175,194,214,208,169,185,173,167,177,163,155,174,188,144,153,161,141,155,151,129,149,134,146,145,134,112,128,152,133,118,119,121,115,124,112,97,114,113,105,111,123,89,116,106,86,105,103,96,108,96,106,94,108,79,98,105,89,98,89,93,77,103,73,82,85,66,104,99,77,72,72,83,70,83,65,66,74,74,78,79,65,63,68
91,97,86,105,109,97,117,148,252,773,2375,4544,4989,4893,4706,4534,4312,4231,3912,3787,3594,3251,3192,2920,2737,2600,2373,2273,2184,2136,2053,1992,1797,1754,1709,1681,1644,1542,1544,1519,1424,1412,1374,1410,1350,1279,1299,1201,1203,1249,1212,1158,1145,1069,1040,1034,1095,999,951,968,952,883,931,889,835,801,858,799,816,780,687,778,697,722,696,750,689,709,626,638,625,595,623,602,617,542,557,574,557,543,531,549,511,484,467,476,458,466,464,454,455,427,426,435,448,380,416,421,420,373,424,382,381,345,335,307,371,346,340,310,320,318,311,293,295,317,329,307,298,266,253,300,262,263,250,264,249,225,262,280,232,239,245,256,251,251,236,218,210,240,211,208,179,219,210,186,190,194,236,189,187,174,169,193,195,184,183,173,181,152,173,147,163,148,148,161,145,157,172,161,156,126,163,129,121,141,132,124,118,124,129,126,122,120,102,104,111,111,88,95
55,82,60,82,81,63,68,85,162,449,1274,2286,2488,2466,2351,2289,2167,2050,2006,1930,1783,1740,1612,1595,1487,1417,1414,1330,1339,1259,1242,1146,1085,1146,1114,1060,1011,960,896,912,899,840,841,839,730,753,754,735,774,717,683,756,677,638,662,655,631,619,620,579,576,576,560,560,530,498,494,500,479,462,478,468,452,456,392,434,410,428,401,370,400,440,382,378,375,354,335,342,335,308,320,329,281,325,316,369,298,284,305,270,282,314,275,296,297,278,262,253,294,277,253,216,212,237,187,227,190,224,228,224,239,203,219,201,214,200,178,188,212,192,162,163,174,174,179,169,155,148,186,156,146,153,148,160,155,167,149,134,117,125,144,124,135,141,127,135,111,111,150,115,145,136,116,124,125,104,125,101,117,106,127,115,107,100,108,89,100,101,114,97,97,98,96,84,95,92,121,92,81,59,83,102,83,68,68,70,58,88,88,68
55,40,54,51,51,59,56,60,134,503,1415,2882,3212,3241,3108,2761,2629,2500,2360,2130,2123,1941,1833,1645,1635,1610,1429,1345,1270,1250,1217,1095,1061,1074,1012,950,875,890,841,810,816,824,778,738,773,736,689,697,683,676,674,606,631,633,620,599,589,543,538,540,530,502,527,505,502,497,482,445,419,430,425,382,416,412,412,387,382,369,351,340,362,376,322,296,334,316,337,287,271,289,300,289,286,247,278,287,263,258,271,236,221,225,261,232,243,242,227,236,196,215,163,185,206,203,210,172,173,179,158,175,196,176,190,151,171,171,153,171,134,143,184,141,131,147,150,138,144,135,136,135,119,121,122,125,124,136,125,109,136,106,109,133,105,101,109,114,103,89,94,114,117,93,97,73,77,96,94,97,113,93,68,85,69,73,91,89,73,72,100,74,81,55,78,68,76,75,67,70,57,54,69,55,70,67,45,52,75,66,51,57
20,12,19,12,18,8,15,18,31,91,283,569,636,601,576,515,496,479,481,428,431,409,352,362,320,388,333,252,288,280,246,257,237,223,268,212,207,184,224,182,186,168,177,160,193,163,156,160,153,153,170,164,144,148,135,131,131,132,138,121,144,124,116,120,98,115,121,94,109,94,104,97,91,86,104,72,89,89,78,76,85,72,75,66,84,60,65,60,63,76,71,75,51,74,54,74,65,69,41,58,62,54,56,59,42,64,54,59,48,46,39,38,59,51,55,41,45,44,40,39,39,40,32,45,47,31,36,42,31,34,42,24,37,33,30,36,38,40,39,28,31,27,36,25,22,28,27,30,28,22,19,29,29,25,29,28,22,20,25,32,25,31,17,29,23,19,24,20,24,26,29,17,17,14,16,22,23,21,16,16,16,20,17,21,20,14,17,11,18,20,19,13,5,12,20,14,20,12,14,4
50,41,44,45,46,48,52,58,126,424,1221,2421,2802,2720,2672,2410,2258,2142,2019,1947,1819,1658,1580,1538,1481,1348,1243,1187,1136,1092,977,1024,968,900,932,867,805,822,791,729,698,766,658,700,674,641,671,612,581,600,588,587,582,568,533,528,529,530,520,507,497,460,442,525,407,376,446,409,390,384,390,414,374,350,349,361,368,315,306,328,307,319,292,323,326,263,282,265,273,290,246,273,256,254,241,264,233,227,216,223,229,219,213,193,207,211,192,213,197,207,178,177,203,187,180,187,157,174,144,161,152,154,147,158,134,180,162,135,140,122,140,143,144,152,133,141,115,112,122,129,120,107,111,118,110,121,108,94,94,103,98,89,114,112,79,104,87,96,94,83,84,82,80,81,73,82,91,69,70,88,87,84,103,77,77,64,61,65,67,64,80,86,65,62,92,61,58,60,75,58,45,67,62,71,46,39,46,51,52,51
101,93,92,107,84,84,105,113,242,655,2153,3765,4451,4195,4035,3747,3659,3424,3249,3194,3070,2835,2669,2623,2409,2270,2257,2109,1945,1812,1888,1761,1728,1627,1590,1486,1581,1530,1396,1369,1347,1302,1324,1272,1221,1224,1236,1120,1198,1170,1089,1093,1103,1024,1026,999,1026,947,979,943,881,870,877,827,883,803,824,744,757,716,719,750,709,720,675,689,633,651,667,580,601,608,616,571,565,519,561,532,534,516,506,485,524,452,452,443,457,455,443,433,407,452,382,393,413,403,366,416,368,355,368,344,391,325,350,308,324,312,310,353,292,291,299,289,318,304,282,315,277,329,283,268,258,256,265,257,239,253,237,252,240,194,202,209,208,212,204,233,207,184,199,209,186,169,182,217,160,190,175,180,165,179,181,171,161,163,159,144,154,144,142,125,152,135,147,139,124,148,149,115,140,125,140,122,117,117,140,115,118,120,123,127,123,120,89,85,98,90,103,100
24,17,23,16,18,14,16,17,42,98,360,689,668,692,662,659,582,535,512,517,490,470,448,456,400,360,385,369,325,357,310,294,322,326,284,304,281,244,229,232,228,257,217,227,277,203,205,222,215,198,178,184,182,183,185,146,159,159,178,146,161,155,146,135,114,142,149,135,153,128,119,102,118,111,138,130,121,115,78,106,95,94,86,102,103,99,91,101,100,102,103,89,97,96,101,101,57,100,94,56,78,78,91,78,75,73,63,67,78,73,63,68,75,61,55,44,62,47,49,71,50,65,46,48,59,45,43,44,54,46,48,50,58,53,53,55,46,36,47,35,42,34,42,33,49,34,36,34,29,32,39,28,25,27,46,32,22,35,38,35,36,31,24,29,31,24,32,26,24,32,29,31,28,28,18,25,26,32,30,25,18,21,28,19,27,27,26,20,28,21,23,17,21,19,20,21,17,9,22,16
82,100,82,79,84,100,96,120,272,810,2566,5135,5976,5911,5825,5355,5151,4789,4415,4121,3992,3647,3338,3173,2890,2588,2508,2456,2249,2139,2066,1899,1832,1750,1735,1678,1650,1567,1543,1357,1482,1459,1437,1368,1309,1271,1261,1215,1257,1214,1163,1156,1136,1062,1097,1047,1065,928,1008,979,918,938,913,911,847,851,823,827,816,728,784,700,734,707,703,721,655,646,627,654,653,584,624,610,607,596,550,555,529,515,511,529,532,497,507,492,469,448,437,454,431,415,461,433,403,418,415,374,385,415,362,356,356,363,343,343,346,311,332,285,304,289,319,296,293,272,302,287,259,285,251,261,264,220,247,257,218,226,222,214,229,222,222,209,230,219,210,215,200,220,176,197,194,165,182,174,198,177,169,205,203,179,163,161,176,169,147,170,153,135,161,161,158,134,130,144,152,140,139,135,109,137,130,118,121,126,95,137,124,103,94,99,113,102,90,100,102,87,96,104
88,113,96,86,85,96,110,130,261,868,2945,5625,6806,6769,6429,5916,5565,5372,4967,4745,4303,3991,3735,3461,3277,3004,2786,2676,2536,2395,2219,2143,2107,1991,1979,1839,1806,1754,1751,1737,1658,1499,1498,1476,1479,1480,1427,1396,1368,1329,1298,1307,1232,1233,1231,1181,1163,1167,1132,1062,1091,1061,1003,1012,986,975,953,901,892,842,843,857,822,834,768,766,745,798,765,670,707,666,675,630,641,663,599,569,630,577,612,586,523,551,542,504,533,534,514,498,472,481,500,442,474,408,442,453,445,401,426,377,385,403,358,336,410,392,392,378,344,345,335,336,337,313,317,318,306,354,291,281,294,271,262,275,260,260,251,261,255,237,227,228,251,251,236,213,241,232,221,201,231,217,209,201,201,205,211,190,192,203,161,193,197,168,175,189,174,177,168,149,171,174,150,127,126,141,153,166,154,146,138,129,159,150,138,138,125,123,110,113,105,137,108,119,114,103,81,106
11,11,8,12,11,11,9,13,34,97,239,467,431,448,386,398,383,354,361,334,332,316,319,305,300,262,236,236,247,218,206,224,169,192,196,192,175,152,177,150,157,151,146,166,154,147,159,157,136,133,98,134,118,115,104,114,116,114,108,96,87,97,80,97,121,93,96,82,92,85,89,59,73,83,66,68,75,77,73,73,61,66,55,57,59,56,55,63,58,63,61,49,58,74,59,57,55,58,42,55,56,64,42,45,46,44,53,38,50,46,36,34,50,46,35,46,33,34,46,46,36,40,24,33,37,36,36,26,32,37,34,41,21,28,29,27,36,21,35,32,25,28,44,18,22,26,25,26,28,22,22,23,21,31,26,28,21,20,30,17,23,15,15,14,19,18,18,17,24,21,26,17,23,25,14,19,16,18,15,18,14,15,16,23,13,11,17,22,19,22,12,11,16,11,14,14,16,22,18,7
38,59,56,56,56,45,57,67,127,392,1150,2017,2227,2218,2044,1923,1947,1701,1625,1609,1419,1508,1355,1306,1281,1168,1172,1087,1170,1069,987,952,1008,894,865,803,853,751,738,767,701,730,670,718,676,653,689,606,628,628,605,545,571,536,524,539,517,544,482,523,411,434,423,454,437,434,389,398,387,392,362,378,344,368,362,325,318,321,327,341,303,322,325,294,316,288,302,268,302,273,260,254,238,257,260,243,245,262,255,206,226,227,216,226,217,230,223,207,180,179,161,196,192,189,202,185,212,172,160,173,160,162,178,154,157,169,163,138,165,134,158,155,137,156,142,144,132,140,162,123,140,121,123,121,122,117,125,106,136,121,117,103,113,98,106,101,101,85,98,108,110,98,100,73,95,82,76,99,91,78,89,75,92,81,86,81,88,77,76,75,83,72,65,69,68,70,74,60,63,91,79,59,72,58,62,49,75,64,65,62
80,59,88,69,73,64,73,75,146,572,1731,3241,3736,3687,3460,3208,3210,2799,2649,2484,2357,2276,2166,2046,1910,1787,1666,1668,1580,1512,1449,1373,1276,1326,1275,1196,1173,1095,1098,1088,1071,994,989,937,1003,902,891,927,894,840,883,819,816,813,765,745,699,688,683,649,711,651,629,594,614,606,577,576,544,548,522,568,493,507,485,492,467,480,436,483,435,435,436,422,379,431,402,399,348,347,354,357,334,323,351,329,334,325,304,300,307,321,313,301,274,295,260,272,285,254,227,258,234,235,228,235,241,236,227,217,204,211,198,185,215,211,210,190,172,183,192,189,164,186,163,183,199,191,179,153,164,151,177,150,131,159,134,158,139,117,165,173,118,118,120,124,119,117,120,104,117,124,108,125,121,127,130,105,127,108,117,95,117,113,97,94,86,93,100,80,87,97,85,78,92,88,92,91,80,86,83,70,81,78,84,81,82,77,69,79
69,68,78,66,77,74,98,85,216,766,2248,4323,4871,4835,4527,4158,4040,3815,3603,3263,3093,2863,2721,2507,2312,2215,2133,2008,1885,1755,1662,1620,1563,1434,1479,1383,1380,1326,1322,1197,1226,1163,1261,1158,1132,1040,1042,1077,1017,990,899,923,958,917,888,895,804,839,814,819,831,767,723,757,708,734,655,664,644,612,621,631,549,596,583,561,548,552,531,514,502,469,480,500,479,474,493,483,407,455,436,429,414,386,393,401,376,375,395,342,358,314,301,361,300,307,322,318,299,304,303,277,249,285,270,265,261,278,281,246,266,235,245,259,228,202,217,254,220,216,200,202,211,185,206,197,235,209,192,195,192,166,164,229,164,157,158,182,166,150,158,166,164,150,162,166,142,172,152,141,151,144,143,133,137,116,144,127,144,135,135,98,127,123,106,118,119,125,121,104,114,105,110,104,95,98,101,79,82,100,104,79,97,99,79,94,65,63,78,67
64,63,61,65,60,51,56,66,117,331,1068,1891,1953,1883,1882,1772,1629,1613,1479,1468,1358,1319,1314,1204,1113,1082,1145,1055,944,975,927,888,929,870,795,800,779,746,727,713,650,705,639,620,666,638,600,560,598,539,579,565,546,542,524,499,504,436,452,471,467,464,440,449,434,391,372,364,390,358,350,376,364,336,370,321,321,324,324,305,315,303,309,282,337,289,265,272,280,271,232,228,266,272,253,288,259,225,245,220,215,189,214,217,208,223,173,198,211,178,196,189,182,177,209,173,171,160,171,164,162,167,158,172,162,137,149,160,144,132,182,141,125,156,141,148,127,138,118,138,116,136,103,110,102,113,109,123,114,115,95,84,108,97,128,102,103,108,108,101,96,112,110,79,93,81,89,88,79,62,89,86,92,89,86,81,66,64,67,89,75,65,57,91,67,88,71,56,64,62,59,61,75,49,48,52,74,46,54,74
18,28,14,24,20,16,18,30,35,100,318,642,685,636,602,548,520,509,454,447,450,429,407,413,375,354,345,307,353,336,313,264,324,303,263,241,256,227,260,233,235,224,200,215,232,208,210,201,175,164,180,173,157,162,150,162,170,163,144,158,142,152,149,141,150,145,148,105,121,128,122,131,120,113,119,96,113,115,92,111,90,99,109,86,119,80,101,74,87,89,95,91,84,83,83,59,70,81,77,72,56,68,59,80,79,71,57,56,63,51,53,57,55,58,57,69,54,53,47,50,48,48,55,51,51,52,45,36,44,40,55,46,64,45,40,46,39,48,41,49,45,52,38,36,43,32,43,33,42,34,33,36,30,40,41,33,45,27,26,46,26,20,30,27,28,29,27,21,33,29,15,20,30,27,22,22,23,29,21,21,24,19,18,34,30,21,19,16,23,33,25,18,23,22,21,23,19,27,19,21
82,100,92,90,76,74,88,104,263,933,2719,4834,5409,5143,4920,4708,4189,4137,3766,3622,3473,3101,3048,2777,2595,2390,2321,2249,2138,2042,1973,1839,1811,1694,1567,1628,1437,1494,1420,1418,1381,1315,1249,1288,1233,1315,1199,1148,1103,1147,1048,1016,1079,993,931,967,925,934,934,902,827,801,830,788,835,806,760,784,766,709,692,719,652,672,614,595,613,597,598,564,539,530,560,511,493,517,527,470,448,480,488,445,436,456,425,444,461,436,400,384,381,415,376,389,361,333,324,326,323,334,352,307,277,313,330,287,258,311,290,281,313,262,273,251,257,229,239,270,253,244,244,234,231,236,251,224,213,242,214,204,215,230,198,176,174,183,174,200,166,167,175,182,175,158,162,168,160,152,153,140,137,145,140,141,135,151,141,133,137,138,127,145,126,139,128,119,121,102,135,117,120,118,108,99,98,111,108,89,127,106,102,91,83,84,104,102,77,82,80,82
9,8,23,12,7,6,12,14,26,82,232,401,415,396,384,337,346,320,333,301,327,270,288,274,238,257,222,219,204,223,179,200,194,197,180,172,171,146,172,136,166,134,138,131,127,135,120,145,131,109,117,125,120,121,124,113,126,105,95,85,96,101,98,75,85,82,77,78,90,68,62,88,71,90,70,75,85,60,51,70,50,76,63,48,76,64,62,60,70,53,51,44,56,63,49,48,48,57,42,42,59,47,43,40,45,46,46,37,35,32,31,43,38,42,51,24,56,34,47,45,26,32,39,43,39,35,32,30,36,23,26,24,25,30,30,33,28,29,32,28,28,43,26,26,26,33,21,25,22,23,24,18,22,19,26,25,23,23,14,27,19,25,18,22,18,23,14,15,23,19,11,22,18,20,19,20,18,10,20,17,13,12,14,18,9,13,15,14,17,9,9,18,11,25,21,19,15,12,8,11
25,30,25,22,22,23,27,29,50,182,512,865,932,917,840,803,753,733,724,663,602,567,584,572,530,524,521,494,443,433,427,400,397,423,351,388,389,368,355,347,338,296,300,312,293,303,260,269,247,245,252,213,247,230,212,220,232,210,229,205,191,173,213,176,160,207,187,187,154,173,184,162,163,184,138,141,141,155,136,146,160,149,144,148,142,131,118,109,112,125,125,117,115,110,129,104,116,104,110,98,94,106,89,92,87,94,89,84,111,80,73,72,68,77,86,84,96,78,67,80,74,70,85,72,83,62,71,80,73,71,72,59,61,58,65,68,67,57,40,56,55,67,51,58,54,45,38,45,47,51,45,51,39,50,50,41,49,35,41,47,49,25,37,40,45,27,30,31,45,43,32,44,39,36,32,36,39,31,34,34,39,30,23,28,35,34,29,32,28,35,23,26,23,26,32,27,25,16,36,28
32,38,35,43,53,54,37,41,100,287,839,1467,1605,1594,1432,1405,1306,1213,1214,1098,1098,1089,953,995,929,838,860,760,826,762,770,730,711,617,632,580,567,586,594,545,566,523,514,467,500,470,423,474,456,432,429,459,427,375,408,382,363,403,368,349,345,336,360,325,332,314,336,308,285,312,289,297,296,265,273,274,259,230,239,259,208,214,245,214,211,220,256,193,221,206,205,177,193,178,200,167,170,179,174,189,168,197,191,152,157,186,151,179,166,130,170,135,106,144,132,129,136,133,127,115,132,120,116,102,109,111,127,103,123,132,100,101,118,118,105,98,93,102,106,92,117,108,99,75,96,74,91,105,85,99,68,101,82,69,75,81,69,86,83,73,87,72,72,62,75,61,67,70,48,65,46,89,64,84,42,75,64,72,73,64,43,63,45,42,48,35,65,37,65,53,36,52,44,48,44,48,47,43,50,36
51,74,52,59,59,58,60,72,141,398,1173,2095,2311,2238,2060,1998,1832,1824,1738,1675,1637,1493,1480,1333,1280,1226,1225,1160,1106,1054,1027,970,925,896,908,846,824,795,822,764,775,751,709,679,678,668,651,642,633,614,621,621,624,601,581,574,572,502,508,506,480,481,471,450,488,486,444,387,388,405,410,386,385,386,401,348,369,378,345,368,340,340,328,308,290,328,297,299,272,286,274,246,273,251,255,263,262,300,244,251,273,232,236,214,205,223,197,202,198,204,219,207,162,194,191,207,180,162,177,180,166,178,178,162,193,180,162,173,162,195,165,128,147,156,160,146,141,139,165,109,148,122,119,129,123,110,115,141,120,113,106,116,123,133,108,101,119,124,117,105,92,98,94,104,104,102,87,102,87,88,85,100,84,85,92,85,87,95,79,84,75,78,88,67,67,79,77,71,68,67,64,57,61,70,55,83,70,68,56,42
49,48,43,55,44,44,52,95,436,1696,4975,7233,5626,4115,3050,2385,2183,1896,1752,1622,1477,1370,1210,1170,1030,1065,1038,960,852,830,804,825,736,722,767,715,676,698,652,657,587,578,592,548,554,567,526,533,507,493,492,511,455,502,468,427,435,459,355,431,381,379,405,354,351,348,376,340,336,326,318,304,314,294,271,271,286,290,287,236,265,268,285,252,234,221,231,237,231,228,217,189,235,227,228,203,185,224,199,195,189,170,188,176,182,184,170,172,156,178,156,160,168,170,159,163,141,150,134,149,150,121,146,129,140,116,152,153,132,123,139,135,114,119,116,138,119,119,120,95,111,85,92,104,93,90,104,87,98,98,98,95,94,89,73,86,78,85,95,80,103,89,81,81,94,80,68,86,74,68,67,79,54,67,66,81,73,56,75,65,51,58,71,59,67,62,62,63,52,51,47,51,51,51,48,45,39,52,53,52
9,19,6,9,6,18,10,7,27,66,220,374,409,414,372,340,372,339,314,326,264,291,260,243,261,254,229,220,206,223,197,190,176,207,165,170,174,188,171,153,146,153,145,135,128,137,123,135,129,118,104,104,111,107,105,109,96,94,116,106,92,106,90,81,77,95,85,73,85,75,69,67,91,81,80,62,85,69,75,64,85,72,74,61,51,58,50,71,64,56,51,62,50,50,53,37,51,61,67,42,44,44,53,38,38,40,37,32,40,40,54,38,40,45,33,47,40,38,23,33,34,30,32,30,32,40,31,33,37,25,35,29,31,28,26,30,35,26,25,23,23,24,27,30,29,27,24,24,25,24,18,31,25,16,26,13,18,19,20,19,26,23,23,17,14,17,15,24,10,9,19,20,28,17,18,29,16,20,13,19,16,12,18,16,18,18,15,14,15,14,12,18,12,10,18,11,18,11,11,11
46,41,70,57,81,50,69,64,141,456,1321,2413,2652,2602,2527,2265,2162,2085,2008,1881,1786,1689,1586,1582,1522,1395,1295,1269,1204,1131,1141,1053,1076,1022,995,948,949,870,873,850,844,773,801,792,744,701,791,702,653,657,651,658,607,584,598,636,564,602,532,588,541,507,497,476,533,470,450,483,436,439,403,412,461,393,399,376,398,344,350,329,318,371,324,338,346,334,308,307,279,310,323,338,328,295,290,272,298,220,281,259,263,274,265,240,226,220,223,239,217,219,206,206,209,208,221,203,201,177,162,193,166,167,170,197,159,179,165,182,177,140,181,167,148,156,136,169,129,155,136,143,146,131,135,130,120,108,142,123,108,141,121,111,109,119,98,110,133,96,98,113,108,99,110,113,100,116,106,97,107,98,100,94,66,105,77,80,85,89,90,80,72,76,87,76,77,60,71,77,70,72,73,70,71,73,80,67,68,59,64,53
100,94,72,74,78,73,77,98,251,784,2532,4656,5223,5133,4788,4659,4144,4040,3759,3366,3436,3104,2926,2785,2477,2473,2244,2185,2022,1948,1889,1782,1676,1666,1606,1536,1546,1463,1418,1389,1372,1283,1240,1275,1168,1175,1138,1149,1094,1100,1080,1024,971,998,977,961,944,906,886,914,890,848,822,778,770,769,750,682,702,716,688,656,620,641,631,589,608,544,557,580,573,543,501,518,486,494,467,490,481,481,462,428,414,415,422,396,435,365,411,383,379,384,377,372,351,341,368,352,302,342,323,307,292,278,324,296,310,279,282,305,286,267,269,281,286,248,236,244,252,241,217,224,214,227,203,216,214,222,221,187,201,205,179,232,198,192,189,203,179,187,177,178,187,185,169,159,174,163,146,152,171,127,151,157,156,131,133,143,132,122,127,126,119,116,120,101,114,139,144,120,115,125,127,100,112,108,108,98,96,107,102,102,99,77,88,86,94,74,88,74
35,42,40,27,33,33,37,40,83,209,685,1205,1354,1274,1246,1140,1085,1053,954,962,910,862,804,800,772,721,723,676,668,640,584,554,572,600,527,524,521,529,510,450,466,459,396,442,406,396,400,349,378,395,388,365,371,357,357,323,307,318,313,304,263,307,267,269,268,249,254,288,267,224,237,249,208,231,230,247,238,224,218,180,212,203,166,214,194,203,201,179,170,186,177,163,160,169,154,162,163,150,147,163,163,146,174,152,139,144,135,139,121,140,142,103,127,120,133,105,109,119,124,115,109,109,91,124,94,104,96,126,72,97,98,91,112,89,78,81,80,97,72,63,84,70,75,76,88,75,84,72,100,79,66,73,71,70,70,73,67,71,45,72,62,64,64,59,51,49,60,59,55,49,54,41,61,65,55,48,47,52,58,47,61,51,43,50,58,54,50,60,38,43,44,40,53,38,44,37,34,30,40,47
8,8,11,13,14,12,11,20,17,69,212,369,394,415,398,335,363,308,321,306,281,264,256,263,245,236,220,211,212,199,206,179,182,187,206,173,171,164,150,165,164,165,139,125,140,155,136,115,128,136,113,146,126,96,123,98,119,102,92,87,96,88,96,105,76,101,96,90,75,78,90,76,75,70,71,89,75,60,70,55,74,65,59,65,66,58,54,73,63,67,44,55,46,67,55,46,51,42,64,49,51,46,42,49,40,32,62,55,45,42,39,47,45,39,39,36,50,36,39,43,35,32,36,37,38,34,35,30,37,42,19,31,31,32,32,26,35,19,22,31,21,26,26,25,24,21,22,29,20,24,27,22,19,20,17,20,31,26,14,22,25,27,18,16,24,16,25,18,14,16,24,23,10,19,20,19,18,26,14,12,13,20,13,13,12,23,9,9,23,15,14,9,13,12,13,10,17,10,7,9
47,40,57,57,40,49,53,56,108,327,937,1554,1816,1665,1591,1520,1437,1379,1306,1326,1203,1115,1099,1064,989,1005,938,880,876,828,835,818,804,715,694,699,695,668,646,598,592,592,541,584,501,523,556,507,518,515,494,450,504,471,433,393,435,441,386,400,397,355,344,405,366,377,343,336,329,340,342,333,305,329,315,315,282,260,251,271,290,257,249,249,248,232,226,224,230,259,214,230,208,211,210,202,215,201,188,179,219,173,183,167,166,173,173,168,181,165,165,147,124,179,140,151,176,154,143,163,163,134,141,134,148,117,137,140,127,137,119,114,120,107,118,124,92,109,111,96,119,95,112,110,112,112,101,102,107,101,91,95,80,96,86,88,74,91,80,97,68,82,73,77,86,80,75,62,73,73,70,67,77,65,60,63,69,61,67,73,83,62,51,58,62,63,54,66,58,58,48,74,43,56,46,47,62,47,62,50
63,73,86,58,73,64,76,89,191,598,1939,3731,4225,4144,3808,3600,3508,3248,3128,2883,2747,2479,2351,2187,2137,2010,1886,1860,1818,1627,1569,1484,1417,1399,1292,1281,1273,1250,1149,1046,1111,1103,1124,997,1050,975,955,942,919,875,893,873,838,822,816,782,800,766,751,726,669,684,655,625,695,654,593,609,646,574,540,570,546,509,544,506,475,456,476,507,460,395,444,425,456,423,400,391,389,384,421,396,364,356,353,375,330,333,337,323,314,313,310,301,288,269,304,263,262,246,250,285,256,271,212,226,242,236,230,222,246,236,228,207,216,208,217,211,176,199,171,181,208,193,194,173,161,203,163,154,192,164,173,185,161,158,166,156,124,149,158,112,136,144,145,127,132,132,156,144,128,114,130,138,121,131,126,119,114,108,139,102,120,112,111,115,106,100,111,108,106,90,102,81,77,99,74,96,100,81,90,86,67,74,85,73,68,66,70,64
73,51,81,59,63,62,69,66,169,497,1674,3033,3613,3285,3122,2860,2654,2639,2309,2303,2249,2003,1922,1868,1720,1666,1525,1439,1396,1287,1315,1284,1154,1163,1038,1066,1033,1052,945,956,978,983,906,885,834,777,824,754,759,753,742,686,736,732,713,658,663,589,677,624,615,587,595,564,546,536,534,531,495,520,472,449,504,456,468,416,419,396,403,411,391,389,376,380,371,362,378,357,300,359,343,323,350,330,334,321,298,295,333,286,285,278,287,269,261,225,267,270,261,247,233,260,222,214,222,218,194,218,214,204,182,205,196,180,217,174,188,173,202,167,166,157,146,161,165,175,164,142,166,132,138,136,139,145,143,157,134,134,117,123,119,134,127,119,124,139,106,110,96,121,125,96,101,120,99,106,97,104,92,102,118,95,106,93,107,98,95,85,111,85,83,76,81,81,69,89,71,77,88,73,79,78,83,66,63,58,64,64,55,74
63,58,69,50,58,53,48,64,132,364,1135,2044,2371,2160,2105,1924,1804,1672,1737,1612,1511,1427,1338,1347,1233,1180,1159,1049,1051,949,991,1021,864,928,845,884,874,776,744,822,747,732,702,697,667,618,618,584,589,611,595,586,546,496,526,516,526,531,502,508,447,460,478,444,463,432,431,418,401,407,377,375,350,315,354,331,349,333,302,359,336,296,324,300,310,334,268,271,282,289,281,247,256,274,236,247,227,244,226,204,246,212,217,197,227,217,200,204,198,204,185,184,166,195,181,174,185,196,173,192,179,200,160,169,170,143,178,154,156,144,150,131,144,150,149,149,131,147,100,144,123,131,108,102,108,108,94,122,110,108,120,108,107,109,105,109,97,78,113,111,86,79,78,102,85,108,76,100,74,91,85,89,87,89,75,70,86,90,85,63,62,75,70,67,61,77,76,69,76,62,67,76,79,68,57,78,64,63,59,63
32,28,17,25,20,21,22,23,53,134,432,870,916,854,828,763,728,688,692,630,668,610,577,529,512,499,454,491,465,443,414,420,416,358,383,362,322,301,347,319,300,310,297,305,291,269,265,268,251,252,259,238,238,202,221,198,209,215,229,209,195,177,188,187,187,160,171,175,151,172,149,145,161,164,158,162,141,133,150,143,126,134,140,130,138,123,110,99,113,132,110,133,106,131,116,100,110,99,116,100,103,103,97,97,86,101,83,89,74,85,100,86,86,77,57,72,79,68,81,70,80,77,67,62,68,68,61,78,71,61,67,64,62,63,55,62,48,63,55,48,47,59,67,51,66,56,46,53,46,54,49,50,53,49,53,41,48,42,45,46,38,49,36,41,39,50,38,32,33,31,35,35,31,28,40,33,48,37,39,37,34,36,27,42,27,34,24,32,28,30,33,24,30,26,34,22,29,26,18,23
70,74,72,83,75,62,79,82,201,681,2237,4126,4774,4553,4402,4093,3772,3555,3374,3138,3024,2799,2622,2334,2340,2148,2030,1969,1793,1748,1662,1622,1529,1492,1405,1447,1318,1213,1277,1186,1212,1192,1028,1071,1090,1076,967,899,980,1001,945,851,918,869,866,809,836,791,759,761,782,731,724,743,717,628,651,616,615,606,593,587,605,601,577,536,534,523,504,483,497,496,460,481,439,479,432,452,442,418,400,389,348,377,397,379,368,323,362,334,336,345,326,321,321,332,279,286,280,283,303,283,266,244,264,264,258,236,257,217,249,226,227,246,244,234,220,231,229,242,189,193,212,198,206,168,189,219,192,161,184,186,150,172,159,170,157,167,137,143,153,145,160,139,151,139,173,133,156,143,126,161,142,122,114,132,114,105,149,116,114,105,120,112,93,133,96,103,112,103,97,87,95,107,83,100,95,106,67,86,85,73,78,82,88,79,64,61,86,85
15,12,10,8,7,17,16,14,30,90,255,445,459,443,417,386,389,357,340,326,319,310,298,291,278,240,219,250,200,206,214,181,176,191,185,169,151,162,150,156,148,167,151,133,126,149,127,117,118,130,130,124,109,138,116,102,94,98,131,108,111,102,98,87,91,96,77,84,81,93,78,79,71,76,64,70,56,71,51,82,61,91,61,60,61,57,76,75,59,55,57,63,59,60,54,55,53,57,42,45,47,50,50,45,34,60,46,34,42,37,44,41,35,42,47,33,36,49,38,30,37,32,27,36,31,35,40,26,34,35,27,25,39,26,27,36,22,34,26,26,21,29,26,27,21,19,26,29,27,12,25,26,25,32,22,26,27,18,20,22,17,21,18,15,19,27,16,16,17,18,16,19,22,15,16,19,15,20,13,22,15,16,15,14,15,16,18,14,18,16,17,18,16,16,9,17,10,9,12,11
56,53,48,44,61,49,49,57,107,363,1041,2032,2096,1994,1883,1838,1720,1494,1576,1435,1400,1365,1343,1173,1153,1178,1119,1019,1011,989,953,930,842,868,831,828,749,775,698,694,699,712,651,607,636,593,577,535,575,579,559,519,527,534,512,471,448,482,524,481,434,458,437,422,402,393,392,392,371,362,360,330,347,318,314,358,308,291,312,312,282,277,293,272,280,278,267,286,294,260,243,256,257,246,251,223,237,257,239,212,243,219,225,217,220,202,175,189,200,189,199,205,177,169,192,197,183,176,177,139,176,164,149,148,148,131,149,152,144,145,148,143,132,112,122,137,121,114,119,127,127,96,111,110,123,115,123,115,131,115,122,121,106,105,104,105,100,99,97,92,95,89,89,98,96,102,88,87,82,79,77,83,87,76,79,59,69,74,65,73,75,68,71,58,73,77,64,68,66,68,65,76,66,62,57,52,59,68,54,52
60,69,71,72,65,77,55,77,172,551,1657,3052,3272,3212,3077,2712,2635,2481,2261,2272,2079,1997,1846,1794,1678,1618,1459,1455,1403,1283,1287,1203,1224,1066,1200,1087,1025,994,1040,947,978,979,937,922,847,832,796,810,786,805,746,688,744,642,656,674,654,590,609,616,609,585,579,542,555,579,501,505,470,459,505,433,438,445,458,432,385,445,423,414,404,413,367,393,351,393,347,346,341,341,332,340,300,301,348,311,275,312,284,268,287,249,282,264,253,283,265,261,269,209,248,248,209,233,212,219,231,200,222,214,200,219,207,188,212,179,179,170,200,191,208,176,169,173,185,163,177,168,149,154,135,138,159,136,141,170,145,138,115,137,138,135,125,109,122,120,135,111,98,127,125,116,127,96,123,103,114,107,106,108,113,115,94,93,96,91,118,102,73,88,74,88,90,96,90,78,88,58,73,70,63,91,76,83,54,75,72,73,62,64
71,100,89,82,81,90,82,133,250,842,2505,4611,5134,4907,4667,4595,4139,3943,3673,3632,3223,3143,2943,2759,2585,2372,2167,2118,2030,2018,1773,1777,1712,1609,1602,1532,1486,1503,1436,1439,1327,1250,1289,1258,1192,1178,1162,1128,1120,1121,1049,1024,997,986,974,938,949,923,855,820,805,867,848,759,733,742,746,746,715,681,646,724,627,639,624,666,585,607,572,553,577,534,523,516,531,498,505,530,459,456,434,469,438,412,430,382,403,356,398,423,364,391,346,405,386,371,340,334,339,326,328,311,294,313,331,285,309,266,300,295,284,293,264,287,254,244,257,263,246,260,220,236,229,241,190,224,204,192,205,209,217,171,178,210,166,196,199,202,170,179,169,168,170,176,195,175,172,168,160,150,165,143,156,129,125,144,164,140,148,132,123,118,147,126,112,138,97,120,129,110,116,112,128,117,107,94,101,139,102,103,98,94,98,81,95,95,107,89,86,74
25,17,24,19,27,26,18,41,54,161,436,818,854,815,769,709,737,731,598,635,575,560,557,532,498,513,460,410,422,440,397,407,370,376,311,324,316,318,310,314,284,298,290,259,294,268,249,234,238,265,230,247,229,247,210,196,188,210,211,213,180,176,177,202,190,164,193,171,127,167,163,170,135,139,134,136,162,163,116,141,128,138,134,130,126,121,93,120,118,118,123,115,101,102,110,114,96,100,104,109,105,105,95,97,80,99,96,87,87,94,77,63,77,86,81,75,95,82,79,69,60,73,64,67,65,75,63,70,59,72,59,71,60,54,46,40,53,58,63,45,43,67,74,43,51,54,46,40,48,38,35,56,50,65,45,37,45,43,42,40,50,45,45,31,37,46,41,52,33,30,31,28,28,30,41,30,49,39,27,24,33,34,36,29,43,31,34,25,29,31,29,29,24,21,21,17,33,19,21,31
63,69,64,62,54,64,75,87,165,550,1801,3275,3669,3613,3395,3225,3058,2845,2700,2469,2405,2251,2134,1918,1862,1787,1618,1620,1572,1434,1424,1347,1269,1255,1181,1192,1102,1126,1090,1022,1006,1012,949,936,884,855,885,904,848,853,844,786,781,785,707,778,721,684,651,668,707,646,623,638,588,597,555,538,556,533,491,554,507,467,466,482,469,435,461,447,464,460,438,391,396,384,367,354,368,335,359,357,325,358,349,360,341,333,302,322,315,273,299,260,271,264,274,290,242,262,280,299,238,239,267,247,217,236,236,247,216,212,220,194,207,204,196,166,202,171,188,176,183,196,177,173,170,157,176,169,171,190,143,167,167,143,166,140,155,120,144,132,146,142,127,131,131,143,114,121,129,122,136,117,122,131,108,95,133,117,113,115,104,105,98,109,101,105,98,93,94,95,92,90,79,94,79,83,79,97,64,68,86,80,71,74,65,64,78,69
85,61,85,97,63,81,76,69,193,584,1963,3759,4338,4244,3933,3739,3427,3205,3036,2865,2749,2525,2333,2246,2077,1931,1797,1728,1639,1567,1495,1486,1418,1351,1251,1232,1220,1189,1167,1127,1082,1084,1057,1018,950,932,959,910,909,901,815,823,788,802,767,772,735,719,767,792,701,673,708,622,626,628,593,556,578,558,572,550,545,534,493,501,488,467,483,468,438,420,427,414,416,419,349,348,373,355,386,368,364,349,328,326,334,338,349,302,314,359,313,298,282,312,274,273,290,273,244,264,253,246,235,254,228,247,214,227,251,194,228,190,190,197,227,186,206,203,206,193,182,156,199,159,183,175,148,183,179,154,177,141,144,144,178,157,162,122,145,127,145,140,135,137,120,128,126,140,130,114,146,135,112,103,93,101,100,109,111,121,111,102,103,111,97,81,116,102,98,81,107,88,91,91,93,77,92,66,68,90,77,74,80,88,71,67,85,68
30,35,33,27,38,37,33,34,87,205,693,1181,1319,1251,1209,1080,1082,1051,998,881,928,875,796,777,775,734,742,635,630,629,598,627,555,523,544,505,486,482,508,449,462,441,437,387,426,368,406,399,359,382,399,365,342,359,340,325,317,312,289,284,297,316,313,259,267,279,258,267,260,271,241,274,231,213,243,213,226,217,212,202,200,189,199,185,203,197,173,182,150,195,203,186,156,152,141,166,168,141,159,133,155,150,127,135,122,146,152,143,132,130,113,131,136,130,115,128,121,112,114,123,118,113,93,102,89,89,97,105,108,97,92,98,106,81,101,83,120,92,76,87,73,100,79,75,80,84,84,71,71,62,82,77,59,82,66,60,83,67,78,77,60,65,72,58,67,50,53,63,43,49,52,78,42,65,57,49,64,43,61,54,47,60,47,52,52,54,52,50,47,41,47,45,41,54,29,51,42,30,34,46
89,97,66,72,85,95,85,108,169,466,1410,2473,2696,2645,2595,2316,2203,2119,1997,1935,1852,1751,1644,1616,1573,1464,1386,1325,1277,1263,1190,1184,1131,1085,942,1034,1000,932,934,930,913,905,831,825,799,823,766,778,710,749,716,708,711,655,661,620,619,626,569,618,618,571,597,569,533,512,511,506,526,512,489,509,442,476,424,429,412,435,431,365,432,399,390,400,388,360,412,353,387,334,332,350,335,319,323,312,313,316,275,294,306,286,282,306,290,274,251,248,230,264,264,277,257,251,234,237,230,234,242,222,230,204,209,209,223,224,188,197,219,201,178,220,212,181,187,174,184,162,182,141,139,157,171,154,190,137,160,173,156,127,148,156,146,143,141,143,136,140,136,127,143,148,151,131,143,129,140,141,112,129,137,105,119,122,101,125,112,105,93,117,95,130,82,121,108,118,106,101,107,98,95,97,94,84,98,82,75,83,81,85
27,33,31,35,27,34,23,40,67,204,604,1053,1144,1119,1033,1010,950,877,832,783,755,760,752,712,622,646,601,579,576,520,513,495,514,487,460,429,458,412,395,375,399,364,363,373,392,337,299,333,334,324,299,274,299,297,281,295,302,244,264,272,228,254,233,231,225,220,208,211,219,170,215,218,196,197,183,193,159,189,167,178,169,171,149,161,179,178,167,150,164,155,165,140,159,134,138,128,146,122,141,123,138,118,123,125,138,123,99,101,118,92,99,106,99,115,105,105,106,98,82,75,110,101,89,90,81,97,74,89,82,82,67,92,65,77,83,68,74,76,75,69,86,66,66,70,60,55,70,73,73,59,59,60,64,49,49,72,58,56,49,50,59,47,45,48,48,45,52,47,48,45,47,44,41,38,41,58,46,48,39,38,34,50,39,39,39,38,38,37,38,41,37,35,38,37,36,40,25,38,29,21
71,64,59,72,65,49,57,78,189,552,1627,2987,3409,3299,3108,2848,2699,2491,2418,2362,2185,1955,1877,1850,1722,1634,1604,1418,1464,1406,1303,1219,1264,1194,1129,1121,1139,1066,992,969,903,903,903,939,884,855,807,814,781,841,718,703,731,647,719,693,656,636,668,634,634,604,609,564,546,551,488,493,500,494,515,462,471,481,476,449,404,417,386,386,378,381,342,403,386,365,358,376,329,331,333,289,301,329,332,319,297,312,296,317,264,278,293,246,269,272,279,224,249,211,261,218,240,229,202,224,226,219,211,205,188,206,215,199,213,211,198,178,150,185,165,178,165,168,180,176,164,171,158,153,170,159,157,141,160,129,125,151,133,129,136,133,122,164,134,132,117,132,125,133,95,121,110,113,100,102,85,102,109,110,112,100,91,111,117,104,88,77,94,85,91,90,82,97,84,83,64,82,82,91,75,85,77,76,77,59,52,63,65,57
46,56,33,53,41,31,52,58,79,278,768,1486,1625,1522,1400,1396,1243,1270,1191,1087,1081,1034,1030,980,940,888,869,858,799,745,696,733,694,643,655,616,594,572,604,546,560,531,534,515,494,504,495,478,431,447,471,422,407,405,397,386,356,404,349,366,346,351,337,296,319,329,326,334,264,265,306,287,313,284,254,275,261,252,229,268,235,233,254,225,204,239,226,201,202,187,192,191,183,197,192,188,191,178,178,179,186,179,174,160,160,146,144,142,152,153,143,160,142,148,164,127,123,132,138,125,130,132,136,126,114,142,112,135,107,115,111,108,113,108,104,110,98,101,81,94,97,100,85,89,93,74,80,60,87,80,67,81,88,108,88,82,75,81,77,76,75,67,68,58,69,72,58,70,58,60,82,61,68,55,69,74,72,76,64,59,63,62,37,59,48,54,55,53,57,52,44,52,52,56,52,39,45,52,45,39
73,88,77,75,71,68,75,110,194,640,2106,4283,4945,4893,4463,4452,4113,3792,3668,3366,3069,2926,2770,2544,2363,2292,2173,2036,2021,1770,1787,1667,1609,1565,1483,1446,1388,1382,1323,1246,1239,1266,1158,1164,1105,1134,1031,1007,1066,1026,1003,1004,982,954,967,925,910,876,850,809,798,793,800,777,751,725,683,686,643,686,653,609,617,590,577,562,560,538,547,549,503,525,489,467,483,453,466,464,444,444,469,430,392,387,394,385,409,386,398,379,354,332,357,336,333,328,304,293,291,275,308,258,272,270,238,263,254,279,251,229,242,244,215,207,218,246,230,223,225,235,223,211,198,198,199,197,203,184,205,182,190,200,169,181,153,171,174,173,172,177,142,144,171,178,165,149,151,148,150,144,123,121,120,139,154,133,125,109,150,134,111,127,111,138,85,117,116,105,118,104,100,126,96,93,108,91,90,97,115,103,103,94,69,82,95,86,68,64,75,72
79,63,69,77,69,68,81,100,206,626,1965,3541,3957,3885,3694,3370,3153,3056,2919,2689,2616,2414,2264,2166,2019,1764,1765,1692,1626,1606,1476,1478,1376,1413,1285,1251,1217,1197,1149,1106,1097,1034,1031,1023,999,930,924,906,858,889,861,799,843,829,803,789,757,735,736,683,676,677,677,724,658,608,657,661,591,602,581,588,525,582,480,489,494,501,491,442,463,478,417,426,416,471,420,382,414,372,394,378,376,374,401,357,365,357,310,372,302,320,337,311,318,276,312,274,281,293,241,278,282,266,284,249,214,250,248,219,215,199,227,213,212,221,214,221,210,208,234,180,213,207,192,230,190,223,179,190,180,171,156,155,160,195,155,139,140,184,171,142,137,148,147,157,143,123,152,158,137,118,148,152,131,142,115,111,129,113,146,88,136,129,120,145,107,97,97,123,95,115,114,113,100,85,107,88,97,91,92,90,98,103,74,69,79,67,79,63
27,20,29,24,28,21,22,34,112,314,1073,1586,1286,1046,917,771,738,677,597,598,605,523,524,473,448,471,411,411,339,372,348,360,347,328,306,336,310,298,262,270,274,255,268,259,207,244,268,227,204,242,192,185,221,211,191,206,195,183,169,169,163,176,179,158,171,177,154,154,165,135,140,152,151,154,131,111,120,125,130,110,111,112,113,107,113,120,100,115,103,114,99,98,97,118,96,100,100,87,87,108,83,88,78,79,89,67,70,71,78,66,71,71,80,54,75,75,77,64,80,67,58,61,49,71,48,53,58,44,57,59,59,62,53,49,49,48,52,49,49,44,48,46,46,32,49,47,49,35,46,47,51,38,56,32,33,31,34,49,24,35,33,32,33,31,40,36,35,27,33,37,31,31,25,26,34,36,40,28,40,38,22,33,27,34,23,20,29,27,13,28,29,20,18,26,28,24,23,26,17,21
24,25,45,41,34,35,34,40,66,209,638,1211,1346,1327,1262,1157,1049,1035,963,1000,961,888,858,730,731,802,740,682,653,623,635,574,600,573,511,519,546,478,483,449,463,437,420,436,415,447,372,388,360,402,347,368,329,315,342,344,313,302,310,333,287,298,315,242,300,257,283,270,266,257,257,244,239,236,215,237,214,213,210,188,229,224,199,195,164,217,166,169,156,156,179,164,169,164,154,155,147,143,155,136,133,151,145,140,152,143,126,119,116,119,124,109,110,121,109,98,99,122,114,112,98,103,92,102,117,94,98,96,106,99,99,91,81,74,94,105,89,84,75,81,83,69,77,88,103,69,76,80,66,60,61,77,73,76,63,72,62,63,73,59,67,61,64,68,49,58,67,50,50,53,53,63,53,61,46,42,47,48,48,41,55,51,44,40,49,38,45,52,40,30,46,50,39,45,43,46,38,33,38,36
61,55,67,62,71,60,54,82,134,454,1450,2558,2770,2675,2608,2341,2243,2190,2088,1855,1761,1813,1616,1574,1484,1409,1357,1286,1216,1213,1125,1103,1045,1044,1011,978,942,916,836,907,929,804,781,724,771,736,714,698,704,662,666,662,648,619,617,605,622,586,552,613,493,532,512,479,499,481,431,471,426,419,449,427,421,414,381,385,416,371,372,385,368,347,338,366,320,355,333,358,280,315,314,280,311,264,289,270,256,248,263,252,254,266,245,246,244,245,256,225,223,187,239,218,220,208,183,195,179,195,192,207,175,167,174,200,181,170,154,149,171,168,169,157,182,132,169,152,155,154,136,152,117,145,150,121,116,137,127,130,141,119,124,123,121,112,114,91,124,103,105,105,102,107,120,113,93,109,115,79,93,95,94,108,95,79,81,85,96,89,82,89,99,88,88,77,99,76,67,69,83,68,73,63,73,71,58,61,73,70,64,60
66,73,79,60,60,63,58,81,192,527,1711,3093,3464,3314,3136,2893,2710,2513,2503,2319,2208,2077,1915,1886,1841,1700,1641,1477,1486,1416,1343,1292,1262,1197,1151,1086,1102,1067,1034,1018,1022,978,930,944,867,892,789,871,813,802,807,752,810,699,714,690,701,711,703,655,657,597,604,590,605,568,557,524,532,509,519,506,475,485,438,436,453,454,398,427,396,422,420,382,389,389,351,347,358,357,337,388,339,335,301,335,309,334,285,297,312,269,284,248,265,270,270,252,247,251,245,213,222,227,203,245,213,225,237,224,207,223,210,195,207,181,178,203,177,202,189,186,172,191,175,176,154,186,151,184,160,144,138,150,161,149,150,136,162,141,130,147,125,123,113,113,134,138,125,124,119,106,116,111,111,122,138,96,117,94,112,100,86,102,94,96,90,120,97,90,104,87,77,91,93,74,87,84,95,69,76,76,91,77,67,72,77,71,64,72
63,68,55,53,74,66,62,80,163,493,1650,2867,3186,3009,2906,2612,2626,2343,2246,2150,2113,1918,1837,1672,1657,1563,1476,1436,1356,1350,1306,1201,1139,1167,1093,1080,1010,977,963,890,897,913,920,860,816,835,830,788,759,763,713,696,676,694,690,643,641,625,622,598,537,609,533,563,514,546,488,513,540,489,482,463,508,419,472,419,427,418,416,379,393,370,392,341,371,357,334,362,335,362,346,315,311,312,311,321,319,298,278,292,288,299,275,259,244,242,254,241,228,230,241,208,231,210,202,202,211,195,195,196,212,200,215,178,183,186,185,178,192,146,166,181,172,169,172,165,176,184,138,155,161,133,133,130,127,139,133,113,122,146,121,121,117,120,131,135,110,121,121,121,129,93,113,87,107,90,84,104,102,96,103,85,116,104,95,90,75,102,94,84,75,94,95,93,72,63,71,76,80,88,79,61,73,76,68,71,75,66,62,60
62,55,58,62,54,75,64,93,141,480,1426,2794,3223,3089,2875,2646,2531,2421,2322,2166,2103,1953,1813,1752,1622,1513,1455,1446,1390,1315,1280,1153,1177,1116,1062,1024,1066,1001,952,901,913,916,860,909,800,819,755,765,755,758,731,689,658,679,702,665,636,684,590,569,588,567,515,575,512,506,462,482,459,483,432,442,441,424,438,410,393,376,363,383,405,349,345,364,377,368,348,328,307,317,360,346,322,308,317,319,308,315,253,292,263,282,241,245,252,223,245,245,244,218,236,257,207,192,199,200,219,187,226,210,170,221,196,191,167,193,185,175,171,151,160,143,160,184,160,150,181,164,159,139,148,144,131,145,123,132,135,129,146,130,130,122,120,141,119,112,109,124,108,103,89,132,99,98,86,118,109,95,107,89,113,92,87,89,91,94,96,111,88,88,71,82,82,80,63,75,80,80,62,75,59,88,62,59,53,66,71,61,76,67
76,93,85,89,80,81,88,116,249,835,2841,4881,5723,5824,5451,5246,4853,4610,4428,4085,3813,3684,3422,3182,2996,2710,2593,2430,2361,2189,2144,2034,1997,1826,1827,1750,1775,1636,1577,1543,1501,1460,1443,1443,1272,1327,1317,1229,1337,1221,1190,1184,1136,1138,1075,1051,1043,1051,1026,957,958,962,949,909,868,820,851,825,821,847,779,750,704,744,707,692,660,626,666,646,618,605,580,620,573,524,551,541,544,524,507,511,513,457,454,486,449,465,439,410,446,439,424,400,375,367,399,361,369,392,351,329,349,360,333,329,352,314,309,308,312,285,303,302,275,314,276,310,269,300,226,242,270,261,248,251,236,246,256,239,229,198,236,218,200,191,200,177,181,193,215,192,216,202,188,189,169,173,166,182,162,182,160,143,161,160,171,156,133,152,150,128,111,128,147,140,145,136,134,120,108,138,134,117,98,103,117,118,126,107,103,96,94,111,102,81,102,82,63,86
52,54,48,64,54,51,55,61,116,420,1358,2456,2749,2614,2499,2229,2081,2024,1980,1809,1741,1692,1579,1468,1424,1333,1246,1264,1303,1178,1144,1040,1073,1020,1001,969,872,898,854,782,810,815,747,785,741,747,727,683,664,675,606,602,629,610,612,600,541,543,524,536,536,532,528,495,467,484,483,485,422,451,422,406,422,337,384,360,373,380,377,364,324,345,364,326,343,323,302,312,296,316,290,273,311,269,274,294,282,261,274,247,249,254,259,220,237,219,237,228,218,232,256,202,193,199,202,202,207,192,185,179,207,175,174,192,166,161,152,168,158,148,163,162,156,163,152,130,148,140,146,146,147,143,124,129,122,129,123,118,133,120,125,106,130,123,109,119,123,94,109,111,99,100,110,94,86,104,95,85,85,98,93,106,94,78,85,69,82,76,88,69,90,82,85,71,76,74,58,80,75,72,84,71,80,62,60,67,68,66,61,49
69,102,79,65,75,84,92,103,227,720,2497,4645,5430,5348,5230,4726,4603,4384,3939,3836,3545,3313,3159,2844,2665,2567,2361,2276,2117,1942,1949,1778,1753,1676,1563,1527,1464,1492,1425,1432,1318,1311,1284,1272,1229,1128,1236,1168,1172,1110,1044,1051,1090,1072,1001,1053,995,953,969,841,879,875,777,825,828,768,714,769,681,714,693,699,670,678,623,615,644,571,571,611,558,532,535,531,524,523,498,444,467,484,460,475,469,449,436,434,435,381,409,434,367,365,400,412,378,319,346,339,360,353,342,288,317,334,295,320,289,268,272,269,272,245,280,263,269,245,260,221,242,229,236,228,255,208,216,241,212,204,195,189,193,189,208,176,181,158,169,178,190,167,190,159,143,180,163,148,154,170,140,130,137,155,144,144,148,133,157,127,131,121,131,144,129,119,123,111,131,125,110,115,116,85,89,119,99,96,105,89,94,104,89,102,91,84,74,70,71,81,67,71
78,71,83,68,79,78,81,97,200,677,2041,3765,4178,4175,3845,3493,3417,3100,3004,2771,2633,2535,2393,2233,2127,2055,1803,1837,1644,1580,1563,1540,1440,1362,1344,1330,1225,1230,1222,1117,1130,1073,1026,1020,1006,1006,956,921,957,961,891,832,878,878,809,762,760,723,733,704,738,715,668,625,627,618,572,616,593,594,611,550,533,553,527,525,520,483,496,454,491,520,436,413,423,419,412,402,412,387,394,358,357,394,364,352,360,340,347,360,346,325,319,301,296,296,329,273,292,278,277,320,262,304,284,254,259,234,255,245,215,259,242,237,235,234,203,218,225,215,201,201,205,199,196,212,201,176,171,174,166,178,173,162,159,148,145,160,170,149,160,160,146,150,149,137,141,160,131,141,127,139,151,133,124,125,110,122,119,105,112,114,124,99,117,100,116,122,103,99,127,106,96,114,98,92,104,110,87,78,106,87,84,81,62,69,76,85,76,64
79,74,87,88,93,106,76,106,240,788,2639,4939,5942,6003,5458,5233,5009,4734,4404,4098,4031,3678,3427,3219,2910,2802,2700,2542,2409,2222,2225,2081,1984,1981,1906,1802,1765,1624,1657,1604,1560,1505,1475,1417,1394,1325,1372,1376,1296,1283,1279,1246,1169,1139,1150,1088,1033,1018,1019,1007,1006,982,910,901,896,866,865,791,807,822,816,792,699,730,735,709,712,619,696,641,643,653,627,588,580,543,557,587,504,530,533,518,535,483,524,480,465,452,486,452,464,432,392,430,420,401,379,344,382,341,346,351,344,377,335,326,341,340,327,308,286,322,284,308,285,281,294,271,256,281,245,249,280,236,284,249,267,235,247,217,218,225,223,219,220,228,221,185,200,165,208,195,186,183,196,179,154,176,179,184,164,199,169,191,170,156,148,164,161,153,140,139,129,121,121,134,131,130,146,139,145,133,149,112,128,118,125,108,116,104,98,131,98,117,99,86,95,103,94,85
54,72,55,70,57,65,54,64,153,543,1642,3050,3327,3239,2999,2868,2546,2485,2272,2200,2133,1964,1868,1821,1716,1640,1501,1485,1445,1342,1235,1202,1194,1119,1074,998,1030,997,992,942,938,876,872,808,842,904,796,783,775,749,788,703,700,729,692,608,673,629,616,592,591,576,548,576,516,519,519,531,485,467,478,483,459,466,449,422,436,450,383,383,341,366,386,368,369,353,330,325,355,334,305,319,315,319,311,306,285,278,279,274,290,245,274,248,285,243,241,251,254,214,273,254,237,217,205,232,198,202,215,215,216,173,189,184,209,166,184,188,188,168,172,178,173,141,148,167,169,170,131,152,147,144,164,119,134,144,137,135,159,142,129,143,128,130,115,135,112,111,132,115,100,109,101,91,96,93,103,97,95,104,86,92,103,104,81,104,95,89,111,89,96,74,92,88,84,81,74,84,84,73,84,76,77,75,76,80,68,68,72,52
30,31,42,35,44,33,46,41,85,225,709,1318,1290,1279,1182,1170,1093,1076,1039,971,952,856,862,841,788,714,677,657,675,607,568,614,569,542,507,510,511,470,512,451,485,443,454,387,426,425,374,404,382,387,386,370,367,336,356,326,318,313,314,316,317,281,250,302,279,293,245,262,266,235,249,216,226,241,243,224,204,230,198,226,187,234,212,212,179,210,199,160,180,164,202,167,152,166,161,186,157,154,153,169,163,157,158,168,142,150,133,141,97,125,115,132,110,126,125,118,114,93,109,101,111,109,112,107,100,118,77,98,97,101,82,94,104,99,76,98,76,83,82,95,82,67,97,87,72,66,68,82,62,62,71,68,85,68,76,52,77,52,69,65,56,77,68,55,45,72,60,70,52,54,47,58,62,56,57,57,53,50,42,50,57,47,40,43,47,41,51,51,46,48,38,31,40,46,44,37,37,36,28,48
32,30,28,23,19,22,19,35,65,152,486,873,888,866,881,823,751,747,671,656,633,600,521,516,477,496,496,433,440,446,403,424,407,395,351,333,338,353,323,314,320,294,315,279,279,263,244,283,242,261,227,233,248,216,225,257,225,202,220,206,199,195,200,204,180,176,156,186,184,153,147,167,163,152,151,167,162,158,121,138,149,147,124,118,128,146,117,127,121,110,114,91,115,123,101,101,112,107,95,97,85,105,78,95,94,91,79,88,83,84,78,78,80,67,78,82,89,90,70,66,73,81,77,72,71,69,59,72,64,67,59,63,67,47,58,44,61,55,62,48,51,59,57,50,51,50,54,47,57,45,41,48,58,51,67,60,46,32,44,41,46,41,43,47,44,43,39,41,46,39,32,31,34,33,30,39,35,32,28,24,39,31,28,33,30,38,33,30,20,25,29,34,27,26,27,32,26,30,28,28
56,53,49,54,48,55,56,68,103,424,1243,2153,2305,2099,2012,1840,1763,1639,1569,1445,1434,1352,1306,1170,1168,1093,1042,1019,1013,959,936,907,884,838,720,790,769,741,740,675,633,597,677,666,619,595,595,521,560,541,516,530,479,471,519,548,477,472,483,440,417,435,415,402,422,407,374,342,360,367,327,328,367,353,343,292,312,316,328,301,291,312,247,301,277,271,276,274,270,236,264,268,260,255,238,230,224,219,211,246,208,204,198,214,188,195,213,182,188,168,191,170,173,170,161,165,188,163,181,150,168,159,142,166,178,131,150,154,141,127,144,151,138,152,146,133,140,130,111,122,121,129,114,126,106,127,106,117,101,100,110,108,117,91,88,122,97,88,93,98,109,76,82,88,93,89,98,89,86,93,71,91,70,82,67,66,61,85,85,62,89,72,75,62,63,76,64,61,81,73,76,62,76,44,46,65,66,67,53,43
19,19,23,18,24,11,21,12,33,117,344,568,669,613,546,558,530,469,448,448,405,417,412,401,386,338,315,338,310,298,304,283,279,271,262,260,232,229,239,214,244,214,212,184,214,249,181,193,180,174,188,165,194,150,163,162,162,149,145,156,151,149,128,111,116,148,125,140,121,124,126,112,110,130,100,102,114,89,106,103,94,111,101,87,89,86,102,93,81,76,88,65,80,83,63,76,79,82,76,69,68,77,89,73,67,53,79,62,55,76,62,67,72,56,64,63,60,43,53,63,52,51,65,33,48,56,38,66,47,35,33,48,42,32,42,41,42,40,54,34,38,36,33,35,30,43,43,36,36,29,35,39,25,35,41,29,30,40,46,24,35,23,27,38,29,36,28,32,21,39,22,33,18,27,27,18,26,30,31,21,27,25,16,20,24,30,24,17,23,14,28,22,26,20,13,33,8,16,22,14
71,54,58,54,68,49,52,58,106,365,1239,2101,2370,2309,2201,2137,1952,1843,1726,1646,1549,1511,1453,1455,1365,1211,1236,1139,1118,1050,1083,1023,951,920,891,849,801,799,813,812,741,790,736,707,725,693,651,633,600,603,623,630,591,563,566,492,490,519,518,495,485,484,461,479,421,412,447,438,405,426,371,379,379,367,362,318,368,346,328,328,323,337,326,334,292,291,279,295,279,276,284,275,250,223,250,244,237,253,253,247,229,213,240,232,239,198,234,216,210,199,216,207,179,161,187,188,180,178,204,175,207,180,168,169,162,156,168,144,154,166,128,145,152,135,157,145,124,152,127,122,125,129,123,142,117,111,112,110,110,113,134,112,119,124,113,93,106,89,99,103,118,83,94,93,90,80,90,86,91,99,87,93,85,90,69,68,65,84,79,83,81,63,73,70,87,63,81,86,69,58,66,56,76,71,54,67,63,52,47,74
79,89,84,99,86,95,95,113,276,942,2868,5495,6613,6555,6115,5909,5545,5273,4998,4620,4458,3991,3782,3531,3350,3009,2976,2810,2502,2496,2315,2244,2029,1988,1943,1843,1892,1811,1797,1743,1644,1665,1552,1563,1534,1462,1354,1426,1381,1323,1319,1258,1270,1178,1224,1183,1188,1120,1181,1096,1074,1040,997,993,950,941,886,922,959,853,870,823,809,883,782,733,750,730,737,716,742,665,685,675,644,660,597,622,583,586,566,534,545,549,533,502,532,489,463,482,473,433,471,417,456,410,426,426,407,396,359,397,382,397,408,363,339,364,338,338,351,333,348,353,323,271,284,308,313,276,282,326,259,280,270,256,262,266,242,245,252,251,253,212,235,208,219,212,205,211,211,211,185,221,202,191,181,192,177,163,205,185,193,191,188,158,161,167,155,144,169,145,140,151,152,164,138,162,142,142,134,130,134,131,137,139,119,128,119,121,122,117,101,113,98,94,85,82,112,94
61,73,59,65,58,67,63,84,171,587,1876,3333,3648,3679,3367,3097,3090,2857,2661,2538,2346,2258,2091,2044,1893,1814,1680,1567,1565,1432,1431,1364,1344,1283,1238,1206,1175,1174,1148,1046,962,1050,1007,1022,966,977,872,886,886,840,823,778,792,761,771,748,737,709,761,655,657,647,610,610,614,594,625,577,573,528,545,502,504,497,487,469,474,451,382,456,435,449,410,407,394,413,402,367,386,363,353,389,331,363,353,309,314,314,332,338,305,327,312,304,296,303,287,289,259,289,267,252,219,243,219,244,255,231,270,198,212,241,209,230,196,222,222,193,198,216,199,152,175,171,173,183,186,158,161,148,171,151,148,169,155,140,136,168,147,137,142,134,156,129,146,149,133,147,141,117,135,124,137,124,115,104,142,96,126,97,116,122,121,113,113,111,101,89,97,107,99,84,86,82,95,98,95,96,84,73,73,66,101,81,83,75,73,72,71,74
27,17,17,30,20,30,21,33,55,153,413,753,852,901,778,786,723,662,725,640,596,562,545,546,514,494,452,434,415,406,415,406,388,370,344,318,324,350,324,297,308,286,256,300,285,257,282,268,244,260,247,237,213,218,246,218,229,207,200,198,196,191,189,228,189,211,197,182,160,182,159,169,158,148,188,134,151,143,123,134,126,129,134,121,141,148,112,88,107,129,115,101,122,102,106,116,109,90,109,111,115,86,97,87,92,96,78,85,76,70,73,74,78,70,64,65,81,84,64,66,70,74,62,74,70,64,61,68,54,57,81,52,60,49,58,68,61,48,60,60,64,55,49,57,51,60,45,54,44,45,42,57,49,54,58,40,40,47,46,53,46,41,51,41,40,33,36,46,36,39,36,40,33,29,27,28,31,36,35,30,31,26,35,25,32,36,34,21,22,23,19,33,21,33,32,18,29,30,31,23
68,69,55,70,66,64,50,73,153,509,1754,3115,3397,3333,3049,2882,2684,2530,2437,2239,2142,2056,1954,1823,1762,1673,1563,1543,1374,1314,1314,1214,1159,1143,1046,1156,1099,1039,948,972,957,885,863,886,848,807,877,755,769,738,732,743,748,691,664,665,670,635,629,626,574,566,610,562,571,552,506,544,514,513,478,450,492,471,443,482,456,430,402,406,415,394,380,343,385,334,390,374,342,343,318,331,314,318,342,311,303,284,287,286,279,294,256,249,218,303,294,261,237,242,208,233,209,224,236,218,206,196,188,203,196,230,210,202,169,197,201,187,171,199,164,173,189,154,182,159,143,140,134,150,156,136,141,137,129,138,154,121,134,143,112,129,127,123,128,113,138,119,110,116,111,108,100,95,105,97,95,95,115,102,87,102,108,94,105,81,98,87,87,86,106,82,79,82,80,82,88,90,75,86,80,73,66,72,89,60,81,68,83,50
17,18,13,17,18,23,16,24,33,100,306,575,671,619,556,577,503,494,454,434,430,460,365,376,365,344,348,328,302,302,286,288,263,241,277,262,258,238,229,235,217,214,217,212,224,203,219,184,186,184,176,176,183,152,171,159,132,131,130,171,141,122,132,131,132,142,116,120,103,114,128,129,128,121,103,107,103,80,100,101,103,107,86,102,83,89,87,90,92,76,93,78,103,73,82,75,79,77,70,80,55,68,60,78,67,57,74,67,60,56,51,66,60,62,80,58,51,48,61,56,65,51,36,58,58,54,45,46,51,43,58,41,45,31,42,38,44,40,42,42,42,39,36,42,38,34,42,43,22,33,38,42,26,31,35,39,39,47,41,28,24,25,29,23,37,28,25,21,28,21,25,28,27,24,27,30,27,28,21,21,22,25,24,20,18,20,18,14,20,25,21,27,14,19,17,23,24,20,19,21
68,85,74,75,65,54,52,89,187,626,2002,3671,4392,4190,4089,3807,3514,3331,3121,2955,2787,2691,2584,2346,2245,2156,2050,1844,1775,1743,1718,1595,1548,1553,1419,1410,1288,1310,1235,1268,1178,1167,1080,1095,1073,1046,1046,1002,992,1009,976,932,866,859,823,833,833,791,779,816,725,758,759,729,673,678,677,699,616,647,596,551,553,534,525,562,549,509,535,490,505,483,463,453,462,451,403,413,424,386,417,389,404,396,415,404,387,336,387,341,353,348,329,314,324,326,320,277,292,276,284,259,251,297,245,284,257,260,257,242,230,241,253,224,219,230,216,224,210,235,196,223,218,218,194,217,176,185,183,168,166,151,160,185,168,146,141,142,142,153,153,157,148,154,137,143,167,153,163,129,138,136,149,136,139,122,110,134,130,116,118,103,131,114,94,104,116,104,106,117,130,110,107,82,104,90,84,94,90,91,81,89,87,93,76,86,77,62,72,83
27,32,18,15,15,25,20,19,37,111,357,604,637,686,587,559,527,539,483,447,466,415,441,396,354,367,333,373,361,295,284,279,282,285,271,250,266,219,229,248,238,232,245,209,196,193,201,202,196,193,204,193,172,165,165,203,162,196,149,137,164,130,132,160,144,130,127,134,123,125,118,111,111,136,128,109,110,123,129,105,101,105,93,101,96,95,102,99,76,90,81,89,82,73,76,91,73,61,72,102,64,61,67,78,86,62,54,60,78,63,54,62,68,44,50,60,57,60,48,50,49,52,71,51,50,43,68,51,46,49,33,38,57,47,56,41,36,42,45,46,38,40,43,31,42,36,47,33,29,39,43,22,37,37,40,36,25,37,40,36,36,30,29,32,30,31,34,24,29,24,26,28,24,27,25,32,22,39,30,36,33,33,40,20,23,15,22,27,28,26,14,23,21,12,19,26,9,22,17,22
57,63,53,49,58,52,43,51,126,370,1164,1954,2178,2126,2014,1914,1674,1614,1588,1465,1454,1365,1245,1289,1231,1151,1067,1131,1027,1053,967,936,826,834,852,818,822,758,737,765,737,670,658,649,660,599,622,540,587,576,548,543,573,543,519,501,490,457,474,511,435,446,438,416,411,407,415,385,409,377,372,354,344,349,357,346,338,341,358,318,300,292,320,275,280,306,271,256,252,265,269,282,251,255,246,212,257,235,244,235,230,240,240,227,202,214,187,164,192,210,191,163,185,173,187,182,146,187,160,169,157,168,193,184,169,143,146,151,147,146,135,133,128,133,127,128,140,144,133,154,146,114,115,118,114,112,111,107,119,124,90,101,102,102,97,92,102,110,91,96,89,91,96,93,94,78,87,83,84,90,62,73,82,69,86,76,63,84,77,92,64,69,64,60,63,72,48,58,60,60,72,70,63,69,63,61,64,53,58,57
59,68,55,55,62,79,61,74,160,503,1513,2915,3313,3190,3022,2804,2601,2405,2229,2044,2006,1930,1737,1712,1600,1488,1446,1358,1331,1261,1226,1198,1089,1103,1023,985,958,928,847,873,843,852,795,840,827,776,742,731,701,679,674,646,585,654,624,645,609,557,585,558,511,559,533,526,502,496,486,497,501,451,444,417,418,429,445,386,403,396,378,352,377,420,354,396,357,338,329,318,317,321,295,309,299,269,276,305,300,253,269,258,260,254,266,238,230,244,274,227,233,209,228,192,233,199,180,223,199,196,196,225,188,215,186,179,168,183,176,180,157,183,168,134,151,147,155,175,165,150,129,150,124,149,165,137,138,153,132,127,126,126,140,134,119,116,107,121,112,107,115,113,124,107,121,100,99,110,109,114,92,115,116,93,103,87,96,71,103,97,94,82,99,70,89,86,78,81,85,65,69,74,67,95,60,60,70,62,52,69,64,63
56,60,66,63,57,44,59,60,128,363,1236,2345,2600,2470,2377,2198,2106,1985,1744,1730,1660,1563,1534,1465,1285,1276,1192,1142,1128,1104,987,958,944,908,919,858,873,830,798,736,759,733,791,761,718,674,641,698,638,641,599,592,545,552,557,503,578,478,524,512,496,485,449,450,418,451,442,444,436,347,405,377,401,366,369,356,347,350,367,336,337,327,349,326,289,337,274,314,313,281,277,269,272,266,248,260,266,264,266,267,227,233,238,249,249,208,229,207,203,204,195,196,213,180,183,186,184,194,185,188,192,169,179,155,169,149,180,181,147,153,162,166,124,165,152,145,135,136,169,146,130,131,127,132,110,119,112,120,118,102,96,114,108,123,110,99,109,91,98,100,98,102,86,94,91,100,106,79,82,79,84,83,109,88,87,73,79,82,81,87,72,71,78,88,81,73,76,63,70,76,60,63,73,52,72,73,56,61,58,68
53,49,54,52,56,43,51,59,120,362,1062,1910,2122,2017,1952,1785,1684,1675,1524,1533,1510,1466,1287,1260,1193,1170,1106,1038,1013,912,1000,934,906,842,799,875,803,769,736,711,765,726,665,627,691,642,627,608,599,567,560,574,552,531,528,521,500,486,494,506,450,465,450,453,473,427,446,380,388,382,389,353,357,362,361,372,326,362,323,312,337,307,331,301,296,287,278,261,260,290,277,237,292,234,213,252,230,259,225,214,190,243,207,197,235,213,210,221,167,179,193,185,188,197,189,163,170,157,179,167,173,166,165,153,166,167,150,147,162,152,139,150,147,151,126,136,117,143,134,125,128,119,114,128,110,121,113,124,103,107,119,118,102,120,88,105,98,84,99,107,96,83,91,84,90,94,94,88,76,80,90,99,82,90,74,79,68,83,78,74,65,71,65,82,50,56,51,62,67,67,56,70,72,49,62,74,65,60,60,58
53,55,74,65,71,63,52,72,149,433,1346,2360,2594,2492,2395,2272,2141,1967,1734,1842,1735,1627,1601,1487,1391,1374,1329,1298,1239,1206,1112,1017,1009,997,960,935,917,893,941,841,855,821,780,815,766,701,738,699,688,675,686,624,677,641,557,594,568,576,559,564,567,522,513,475,470,472,445,466,456,421,413,429,396,397,377,377,401,409,343,362,326,354,344,333,300,345,347,325,287,289,341,297,272,265,289,275,305,264,259,279,244,228,257,249,231,231,248,232,227,212,236,238,207,217,219,191,183,204,188,212,188,192,161,166,184,169,167,198,167,165,165,151,159,150,139,154,147,149,152,161,145,142,129,155,131,155,127,136,119,129,122,120,110,112,117,117,111,118,107,104,106,113,131,95,99,97,91,121,102,93,97,101,113,95,93,110,85,93,84,77,76,87,86,93,85,102,101,87,71,90,79,85,82,69,70,62,70,45,72,70
20,27,29,34,30,35,33,31,58,177,590,1057,1202,1229,1137,1085,1027,1020,872,904,777,812,763,670,643,610,591,617,520,563,549,522,500,470,473,428,409,418,358,376,363,333,352,331,353,342,332,330,296,323,274,291,287,292,276,288,258,264,280,270,262,227,227,216,222,196,195,224,205,213,216,205,186,220,172,174,182,162,142,157,180,173,174,152,149,141,149,130,134,135,140,137,136,133,116,141,133,128,125,107,103,115,105,100,94,74,102,106,109,98,92,85,83,95,97,101,72,91,85,79,82,100,81,84,96,72,68,79,72,86,75,76,72,75,61,75,60,73,80,74,61,75,72,55,61,47,53,54,58,49,65,54,52,49,62,49,47,45,52,60,42,51,53,56,53,55,36,44,48,44,43,41,42,37,41,44,37,42,35,36,26,38,32,34,41,32,26,40,40,38,22,36,30,28,27,24,25,36,25,24
91,97,79,75,75,86,92,96,215,775,2353,4524,5255,5218,4887,4579,4310,4040,3826,3673,3386,3199,2973,2769,2597,2438,2253,2098,2027,1962,1793,1820,1656,1643,1596,1534,1485,1433,1422,1395,1346,1226,1265,1176,1113,1210,1137,1100,1079,1118,1037,1017,1001,978,968,995,903,892,899,850,779,897,833,765,785,774,749,656,673,682,679,670,635,637,593,625,580,599,564,539,585,532,539,505,512,503,495,500,499,510,471,433,428,451,424,428,410,437,412,393,406,401,348,359,350,348,328,320,337,305,315,308,306,289,312,299,280,293,284,290,269,291,256,314,265,259,231,266,264,220,202,237,239,255,258,221,221,185,220,216,200,199,182,208,175,174,189,181,184,181,175,166,164,152,162,156,156,143,153,151,167,157,121,133,162,146,139,150,130,141,133,118,124,122,126,124,121,132,135,117,112,95,109,119,95,109,103,101,113,116,88,87,95,103,82,88,85,99,84,91
51,65,67,65,73,80,75,76,167,523,1528,2907,3287,3224,3001,2964,2708,2577,2483,2436,2155,1977,1946,1767,1872,1656,1517,1483,1456,1329,1304,1305,1259,1212,1199,1096,1092,1117,1041,984,977,937,898,846,902,935,849,775,792,809,745,786,803,712,687,695,667,682,625,624,604,604,570,644,578,565,555,529,487,514,504,484,504,495,451,479,459,433,429,437,417,412,382,366,386,368,373,401,373,344,356,337,306,335,326,308,325,333,291,287,280,279,300,275,282,279,257,275,274,224,273,249,252,254,220,212,226,202,229,212,198,210,200,211,193,192,176,200,185,190,175,207,201,185,171,176,187,156,158,146,142,148,170,170,149,155,142,124,161,128,133,132,115,138,125,133,119,109,125,117,110,138,122,131,113,128,120,113,131,109,109,99,126,99,97,97,90,100,107,75,74,95,91,76,85,100,88,84,93,75,83,88,82,77,68,74,64,70,60,84
38,33,51,41,42,49,47,47,93,243,833,1486,1677,1577,1473,1396,1303,1267,1180,1163,1095,1069,1012,971,933,880,836,827,779,785,726,692,642,673,617,637,644,562,584,565,561,523,478,549,498,499,492,459,464,496,431,423,412,392,392,373,381,375,375,378,370,364,349,357,306,333,323,329,312,257,271,275,278,291,276,274,271,264,228,230,265,226,229,216,228,226,212,203,187,229,188,193,212,213,187,182,179,184,164,187,171,166,148,158,182,157,159,156,174,163,147,124,168,116,147,145,125,136,152,138,121,131,118,108,128,121,127,99,141,113,112,103,139,104,111,112,108,95,110,95,101,87,94,116,96,98,87,84,91,85,92,71,91,85,80,67,77,74,86,74,80,82,65,83,60,65,63,64,65,67,85,60,66,70,56,55,66,61,60,62,64,57,52,47,56,54,48,58,67,50,54,53,48,50,44,42,51,44,45,43
56,56,60,63,63,55,63,54,108,350,1081,2022,2262,2160,1974,1936,1878,1685,1647,1603,1477,1400,1355,1315,1288,1170,1090,1090,1086,1043,917,950,917,899,880,819,852,793,751,722,691,710,678,651,651,603,665,597,603,600,580,606,533,589,518,502,487,503,507,469,482,461,445,444,389,425,415,395,407,361,380,380,356,380,353,339,308,341,346,326,330,308,291,287,276,321,273,268,271,284,253,249,272,277,230,234,275,249,221,239,243,222,207,195,216,185,192,215,200,183,181,180,167,197,178,178,159,198,202,168,171,168,152,171,171,146,140,174,149,161,138,156,139,157,136,123,139,130,136,130,114,99,134,139,121,107,121,113,118,122,122,101,101,120,107,101,105,105,97,96,107,108,116,92,100,80,90,89,95,99,80,105,99,89,74,56,89,78,68,62,75,77,81,62,65,75,69,73,69,63,76,69,61,57,51,57,54,58,55,48
82,78,82,72,80,90,71,116,254,824,2618,4824,5571,5405,5107,4950,4476,4279,4001,3803,3548,3410,3125,2853,2734,2462,2453,2327,2187,2023,2013,1893,1805,1734,1649,1615,1689,1546,1554,1501,1438,1376,1351,1339,1283,1229,1228,1268,1131,1136,1096,1050,1096,1021,1033,983,1007,1004,900,912,850,936,850,796,807,832,816,725,699,745,692,714,697,655,670,610,619,630,646,594,569,570,581,540,538,535,493,507,502,486,481,471,491,466,442,424,434,407,412,404,394,390,410,375,361,365,383,336,360,369,374,348,315,340,308,311,288,316,311,266,291,289,293,258,255,245,253,260,227,273,246,242,223,233,225,208,220,223,230,217,199,176,178,198,179,172,182,202,186,179,167,181,176,164,163,173,172,155,158,158,139,141,146,133,170,145,167,142,135,154,127,135,147,126,127,113,120,121,106,92,133,119,109,120,113,97,103,109,97,92,105,110,92,101,86,92,86,84,97,96
65,69,69,61,66,56,74,59,139,519,1624,3030,3424,3329,3130,3016,2739,2528,2463,2364,2202,2148,2039,1848,1720,1662,1617,1453,1479,1362,1298,1259,1248,1132,1169,1095,973,1041,1032,1002,913,948,845,875,841,830,771,798,758,766,731,700,737,725,646,639,636,639,622,618,592,563,579,607,511,523,524,522,479,480,462,440,466,458,412,441,425,420,396,409,389,395,380,404,338,353,358,327,322,324,332,311,332,290,309,312,316,300,309,296,296,265,295,248,249,273,268,235,237,242,248,227,244,217,232,174,213,211,186,192,181,197,180,198,170,203,178,191,189,173,163,150,155,165,165,146,171,161,139,138,152,137,156,134,150,114,127,126,139,142,130,126,130,124,110,127,120,110,109,121,105,114,103,102,103,102,112,107,115,112,97,95,76,97,79,89,90,123,82,96,93,84,85,93,70,95,82,82,81,75,74,67,63,69,68,67,70,69,47,64
72,61,56,73,54,71,73,62,166,466,1373,2523,2941,2875,2656,2470,2356,2264,1987,2012,1837,1793,1789,1665,1499,1521,1439,1344,1248,1223,1132,1164,1117,994,1079,986,961,968,950,931,862,851,833,804,730,781,805,755,759,714,687,701,682,620,693,621,587,595,623,620,522,526,541,520,522,487,479,459,488,471,461,475,439,457,450,422,407,389,396,377,394,373,369,352,350,359,344,331,331,344,325,320,277,295,312,303,282,291,251,288,270,277,283,252,248,257,271,233,215,241,258,225,213,224,210,240,191,208,198,201,189,172,160,190,202,181,180,208,170,172,168,154,167,185,186,134,133,157,167,157,142,168,153,154,138,156,143,122,124,132,131,144,119,125,131,131,87,117,97,110,109,111,119,106,93,101,112,101,96,102,85,93,88,90,104,102,80,100,87,97,87,93,91,78,76,81,75,73,77,77,71,83,80,75,64,63,64,72,57,72
68,63,67,61,59,58,63,96,166,455,1420,2652,3236,2961,2882,2677,2641,2287,2222,2057,2036,1837,1803,1662,1560,1494,1435,1444,1378,1181,1182,1200,1075,1054,1114,1017,965,976,897,895,823,837,842,784,791,791,809,721,745,703,701,655,653,648,652,637,658,598,568,595,627,576,524,574,531,514,492,488,476,517,458,419,455,429,423,391,429,403,395,395,372,351,392,356,334,383,340,334,329,329,304,296,330,300,290,311,291,288,290,288,272,266,264,257,272,279,246,242,235,244,248,228,215,217,203,194,220,171,197,204,216,217,176,173,162,171,213,167,164,159,177,156,187,173,162,156,162,145,172,149,165,155,159,123,131,151,134,156,137,104,117,133,118,146,141,116,131,108,122,110,134,120,123,112,108,102,100,101,102,106,106,93,101,94,83,86,99,98,101,93,86,83,72,92,83,90,91,100,74,78,78,72,85,59,89,80,61,66,69,66
67,69,58,63,53,46,55,57,123,383,1121,2210,2519,2291,2230,2038,1950,1901,1792,1712,1571,1559,1481,1418,1308,1291,1242,1151,1098,1067,995,994,976,901,889,907,857,800,821,770,778,752,695,700,700,699,641,670,641,632,617,529,548,518,576,524,538,525,514,474,462,518,476,470,417,427,431,433,412,375,394,410,423,348,357,352,374,317,352,311,354,329,336,291,286,284,316,258,270,300,281,256,276,239,276,263,248,239,259,234,214,240,213,232,229,198,233,216,214,179,203,171,190,191,170,198,183,168,170,186,175,157,180,170,165,160,175,149,147,139,143,154,144,138,119,131,128,136,132,141,129,131,105,148,142,136,112,115,98,106,121,113,106,107,111,106,92,96,92,102,90,84,119,88,107,95,97,92,79,83,92,85,86,81,85,77,102,88,73,76,62,71,69,59,69,72,63,68,78,59,65,69,59,63,66,61,57,61,48,50
75,69,64,74,76,70,79,85,207,602,1988,3644,4096,3850,3673,3435,3197,2996,2860,2807,2478,2402,2285,2155,2001,1871,1711,1681,1627,1490,1467,1420,1315,1287,1273,1214,1186,1114,1114,1084,1086,1033,986,1030,970,946,898,953,888,882,830,832,732,772,839,678,733,687,671,697,714,702,629,623,617,586,567,550,536,554,520,535,531,491,503,476,498,457,506,414,446,398,426,426,413,377,410,345,385,380,365,348,367,356,352,345,359,292,334,337,293,312,266,284,270,261,255,275,239,265,238,264,249,242,250,206,239,238,246,227,229,227,184,222,224,219,217,208,200,186,190,166,199,176,174,183,188,179,166,189,161,185,158,167,153,167,139,152,131,151,137,152,124,143,148,130,142,120,155,111,134,110,112,106,114,114,120,129,104,110,117,107,120,107,114,99,111,90,113,97,109,80,90,94,93,90,100,79,74,90,76,68,81,72,74,76,74,86,76,74
64,58,56,57,67,59,57,73,119,337,1004,1828,2036,1971,1871,1664,1537,1527,1512,1450,1357,1419,1202,1211,1180,1163,1051,1013,936,953,932,914,897,869,834,802,789,792,695,742,638,704,662,620,618,607,577,577,559,600,573,550,525,489,516,477,498,454,450,470,426,453,436,406,403,487,356,380,395,375,368,352,375,330,350,352,297,313,299,315,290,322,282,310,291,282,294,274,280,262,231,245,246,255,234,235,207,209,244,234,222,221,249,195,187,180,199,172,217,213,176,170,166,181,184,159,141,172,173,181,166,164,163,150,153,168,131,147,145,150,137,151,115,144,125,141,155,130,139,121,112,122,131,129,114,114,129,115,107,99,90,115,114,102,98,100,100,81,101,84,92,83,99,75,83,82,91,90,109,68,84,80,78,78,70,95,76,72,77,62,65,82,63,70,61,75,61,58,52,68,56,57,53,62,61,55,52,52,64,60
76,63,79,76,79,60,63,83,163,497,1663,3146,3409,3196,3087,2847,2771,2562,2410,2394,2301,2096,1992,1935,1789,1696,1679,1558,1475,1368,1395,1316,1235,1195,1162,1189,1113,1111,1001,1054,996,967,930,905,947,882,872,842,883,900,834,787,758,719,766,710,687,676,638,684,635,676,578,557,562,525,546,551,479,551,502,491,462,496,432,464,414,524,406,428,403,443,359,383,385,359,406,387,373,355,373,332,359,317,312,352,376,335,307,311,293,281,307,271,255,279,265,258,276,263,247,229,250,252,248,246,238,232,216,206,230,206,228,192,213,201,179,207,207,185,217,184,186,169,177,168,154,171,154,143,162,169,172,153,128,146,157,145,156,152,159,132,138,128,131,128,115,141,124,119,111,124,100,116,127,123,110,134,104,122,89,110,99,113,112,93,112,85,96,100,96,92,98,106,102,101,100,95,90,83,85,80,82,83,85,88,77,75,66,59
64,61,56,59,76,48,40,67,132,394,1223,2157,2483,2226,2207,2075,2017,1844,1761,1645,1486,1478,1438,1335,1305,1260,1153,1181,1047,1067,1033,951,956,938,925,834,853,847,775,818,769,768,713,732,686,688,614,668,627,606,590,533,583,551,507,543,553,519,492,525,471,458,454,440,468,406,431,429,402,405,414,346,394,409,367,372,401,379,341,278,320,270,290,321,292,303,280,319,249,272,258,265,261,285,244,259,228,254,212,253,228,226,232,235,217,212,209,210,205,208,205,195,183,204,169,172,179,175,187,165,203,170,153,154,159,159,159,173,137,138,148,139,130,138,126,125,115,151,140,135,120,132,114,110,127,114,104,111,99,115,103,104,105,88,108,115,102,96,106,89,103,88,119,108,89,107,97,94,85,73,83,87,95,77,67,97,78,69,91,82,59,76,73,70,72,67,66,75,72,57,64,66,69,70,63,72,62,59,59,52
66,75,73,69,73,83,88,92,210,657,1973,3680,3853,3720,3499,3390,3147,2868,2807,2513,2502,2303,2211,2071,1937,1934,1829,1754,1625,1538,1500,1354,1335,1319,1243,1248,1222,1136,1129,1121,1046,1051,1011,984,956,924,916,951,897,878,844,852,792,810,745,772,779,777,683,681,691,664,666,622,626,631,593,609,542,545,563,516,544,543,474,506,507,520,462,450,485,421,445,430,423,389,452,398,402,413,383,395,404,351,375,340,316,324,331,317,328,316,285,331,303,279,272,276,294,253,274,264,256,281,252,247,224,239,243,238,243,218,204,225,238,218,211,207,223,202,195,212,189,186,217,184,183,181,176,179,168,161,150,171,127,161,144,167,169,175,143,139,146,157,123,120,131,126,127,143,133,134,133,107,123,155,109,117,106,115,133,104,111,112,95,117,117,112,108,122,103,105,79,99,92,87,97,89,94,79,81,82,98,63,80,72,68,75,90,68
93,90,83,85,73,85,90,131,336,1028,3295,5838,6755,6684,6231,6060,5724,5267,5093,4705,4407,4123,3837,3502,3210,3084,2964,2699,2573,2567,2304,2171,2118,2059,1965,1927,1907,1847,1763,1771,1649,1536,1521,1541,1548,1491,1452,1387,1399,1288,1278,1364,1319,1222,1190,1117,1147,1188,1070,1128,1035,987,1015,969,924,865,894,852,898,791,839,831,832,814,803,746,760,723,680,695,660,657,636,616,647,634,606,631,565,521,518,520,503,569,499,516,526,488,492,439,457,451,450,438,441,411,438,399,391,374,391,356,367,395,350,364,318,338,339,361,309,321,290,315,287,304,309,302,275,304,266,255,315,246,262,262,256,252,237,280,226,238,216,232,214,206,205,215,185,224,192,181,200,205,191,175,184,180,204,180,160,162,158,185,164,154,160,162,162,172,158,149,149,140,152,137,128,148,148,131,129,147,116,137,125,124,137,104,124,100,114,121,100,87,95,95,116,88,94,73
72,80,83,71,80,64,78,128,257,895,3148,5921,6949,6882,6447,6119,5577,5256,5032,4627,4352,3994,3754,3411,3175,2989,2761,2704,2486,2435,2231,2143,2016,1979,1927,1833,1783,1744,1678,1645,1500,1570,1500,1447,1418,1344,1376,1369,1269,1310,1247,1315,1215,1135,1200,1094,1125,1109,1038,1029,1059,934,945,932,910,888,936,835,894,768,791,828,696,720,680,677,725,664,667,603,627,610,626,607,567,590,599,566,553,516,552,535,542,502,488,503,502,494,448,420,471,439,417,374,394,357,364,366,354,344,375,343,355,335,317,344,344,321,339,308,316,295,280,306,283,280,285,301,265,247,247,265,249,236,235,237,249,227,231,234,226,199,232,209,180,209,167,194,180,219,192,203,207,189,165,155,175,171,165,161,170,172,159,171,175,143,141,142,143,137,156,133,137,131,135,127,124,122,122,144,113,133,111,106,124,119,127,102,103,99,94,111,112,101,75,93,106,86,87,100
82,80,101,88,84,72,99,106,297,1002,3043,5324,6143,5985,5741,5390,5107,4801,4396,4174,3953,3717,3426,3214,2881,2769,2562,2557,2361,2226,2159,1964,1913,1886,1847,1796,1732,1619,1602,1571,1545,1512,1364,1381,1398,1356,1334,1322,1230,1200,1222,1189,1211,1102,1128,1069,1090,1073,1039,1003,933,978,914,918,817,909,853,856,745,807,783,741,696,722,685,690,666,646,633,596,629,609,579,613,601,526,570,544,520,511,505,495,466,476,467,445,440,477,458,444,439,413,404,398,375,392,365,360,344,367,349,342,329,314,290,314,347,303,300,316,283,326,307,293,282,264,281,272,242,273,254,281,248,248,225,246,251,235,233,190,230,205,202,222,197,196,190,185,190,193,190,175,165,151,169,185,178,171,178,168,176,151,163,179,137,151,142,139,145,149,129,127,136,139,127,128,127,122,123,122,121,114,99,104,117,121,113,118,116,106,106,108,109,85,87,93,92,91,61,79
108,79,87,95,89,94,102,122,274,1056,3318,6264,7628,7280,7096,6675,6140,5766,5487,5048,4794,4423,3997,3784,3490,3207,2949,2839,2721,2439,2358,2301,2261,2074,2014,2006,1885,1881,1763,1789,1685,1722,1537,1491,1530,1465,1524,1355,1386,1374,1358,1298,1297,1230,1260,1236,1124,1155,1102,1107,1084,1045,1066,963,957,911,886,846,838,895,804,767,745,791,767,772,746,739,713,716,654,643,640,633,583,645,592,560,588,560,518,591,536,504,505,514,493,445,458,479,446,446,443,425,402,393,393,441,391,372,397,336,345,349,334,330,351,346,302,297,323,304,300,273,318,290,272,303,291,291,263,268,244,266,258,271,218,252,259,215,223,229,243,213,230,186,176,209,196,205,188,208,227,188,180,183,195,211,156,159,171,161,165,164,172,149,155,151,165,149,148,145,139,146,161,140,162,118,121,141,146,90,130,130,131,126,116,113,129,113,128,111,97,112,97,86,84,81,85,102
61,38,53,45,68,70,73,74,178,610,1740,3449,3804,3757,3462,3165,3007,2912,2578,2508,2370,2169,2152,1977,1728,1651,1606,1509,1478,1360,1335,1248,1178,1108,1132,1081,1093,1009,954,1012,939,903,902,874,876,797,779,804,798,769,701,725,714,694,678,593,636,670,625,593,575,547,582,601,536,524,521,464,492,494,472,480,473,447,404,409,403,385,389,395,376,343,373,362,356,319,372,315,310,314,320,316,322,311,324,316,286,261,292,289,288,265,266,254,265,243,255,229,241,230,212,225,222,214,210,232,187,198,180,201,194,204,196,177,153,193,172,174,184,180,173,152,158,159,149,166,150,150,150,162,149,119,134,152,131,118,134,124,125,126,123,123,113,120,105,118,108,140,123,122,104,106,99,113,106,118,97,88,111,88,99,99,97,112,87,79,100,85,83,77,89,75,80,72,99,87,77,77,76,81,67,75,79,60,75,64,62,51,62,57
71,81,56,66,71,72,53,80,218,671,2153,3836,4318,4173,3955,3618,3341,3190,2921,2797,2631,2372,2342,2142,1977,1954,1771,1681,1558,1521,1490,1419,1258,1246,1247,1189,1151,1093,1082,1056,1043,992,980,949,912,906,898,903,791,863,779,758,743,713,728,730,712,628,630,646,646,627,590,592,587,553,529,524,556,496,478,482,474,467,473,491,452,424,398,433,423,384,406,377,387,370,368,348,378,381,329,337,308,314,299,309,319,284,286,292,282,273,307,254,259,220,248,238,258,265,222,253,236,194,215,224,201,198,200,207,209,203,209,173,177,186,173,182,165,161,182,153,132,155,140,143,169,162,153,152,146,137,164,137,139,117,128,126,149,127,139,116,109,99,100,106,131,112,117,99,116,116,123,104,112,95,109,99,125,85,102,91,76,78,87,97,89,91,86,102,84,97,63,84,75,92,81,76,62,75,75,65,86,83,76,60,68,68,69,50
51,60,50,54,51,42,53,71,253,950,2836,4209,3618,2896,2459,2126,1964,1754,1586,1476,1459,1352,1256,1184,1139,1002,957,941,868,837,796,778,748,759,697,675,671,625,629,576,579,573,538,563,578,510,498,529,499,487,462,450,483,470,418,431,396,434,377,371,383,364,379,372,371,318,322,322,328,297,297,295,287,264,282,287,299,281,249,263,253,239,240,244,243,222,233,229,236,216,201,188,201,200,214,191,193,176,184,185,185,162,187,154,174,182,167,165,167,157,142,159,146,133,136,136,154,164,146,127,113,131,112,122,112,130,119,127,137,111,98,138,113,96,116,107,106,108,101,108,93,90,91,90,84,94,100,71,75,88,82,86,96,75,81,79,72,86,96,75,96,56,78,71,54,71,75,80,63,75,58,59,70,67,50,51,70,63,53,52,58,59,68,52,54,56,52,49,60,42,53,55,67,53,46,57,33,47,41,55
85,69,65,57,56,68,70,89,250,829,2525,4699,5237,5008,4667,4442,4043,3738,3593,3385,3012,2815,2710,2471,2226,2156,2041,1941,1842,1723,1631,1520,1543,1404,1371,1323,1287,1275,1225,1185,1161,1090,1077,1085,1048,1030,964,955,987,914,928,855,939,836,822,859,813,739,675,771,695,693,730,716,683,645,624,568,658,570,526,583,568,532,517,484,503,489,486,474,468,454,441,446,480,408,413,380,375,399,344,364,323,326,389,392,336,343,332,335,348,311,323,290,285,318,277,290,276,265,245,258,268,251,258,280,234,271,224,256,202,217,232,190,220,193,182,209,213,203,207,192,188,182,176,198,198,175,178,175,165,176,161,159,155,152,123,146,143,159,140,130,123,133,124,142,127,114,113,146,129,116,128,124,139,126,120,117,108,120,106,87,134,101,101,119,104,108,97,102,90,104,84,103,97,101,85,100,79,80,85,84,71,74,79,69,71,70,63,66
49,47,47,43,61,55,50,67,181,589,1782,3305,3732,3390,2952,2670,2440,2229,2128,1952,1830,1651,1554,1452,1352,1222,1242,1149,1049,991,958,996,894,919,835,826,764,759,762,707,736,728,690,662,632,605,614,589,600,550,541,600,543,520,536,529,487,480,468,417,465,450,421,416,381,412,385,366,377,366,337,343,335,340,318,301,332,318,312,288,305,299,284,270,278,248,275,263,279,246,273,226,262,263,221,217,211,248,238,201,201,223,185,221,186,182,196,187,185,182,177,169,184,161,159,169,166,163,171,130,149,154,164,148,146,133,133,138,128,140,115,127,131,112,131,114,128,142,115,106,107,137,122,111,98,97,102,116,91,102,101,106,92,92,111,95,88,72,91,114,98,96,89,85,83,71,86,76,70,67,78,91,91,83,67,81,66,54,69,76,65,63,62,70,80,79,70,50,76,70,62,62,59,59,49,49,46,53,47,58
83,89,103,96,99,111,95,129,300,927,2977,5771,6796,6821,6505,6361,5856,5451,5129,4956,4595,4337,3841,3658,3396,3110,2953,2849,2589,2508,2399,2286,2172,2039,1945,1911,1877,1825,1865,1689,1683,1710,1659,1513,1539,1575,1438,1447,1514,1438,1379,1331,1274,1257,1206,1206,1180,1223,1178,1141,1131,1127,1068,1057,976,1001,908,961,907,891,915,805,852,813,799,760,705,691,679,707,682,655,715,641,653,667,657,631,569,624,545,567,556,561,533,552,521,500,521,495,460,480,471,486,409,422,422,424,407,409,385,372,398,368,330,363,377,373,327,353,398,308,327,318,314,339,294,287,260,301,290,284,290,256,277,283,267,246,249,262,271,271,244,257,245,225,210,210,219,194,206,209,203,208,214,189,186,191,195,186,180,195,174,173,196,166,177,138,138,143,167,170,148,156,156,166,132,150,121,141,145,134,125,121,128,113,128,125,136,126,111,126,106,105,100,100,85,81,90,100
83,79,67,87,80,70,87,98,224,799,2345,4505,5174,4827,4704,4367,4057,3904,3747,3425,3329,3185,2836,2710,2526,2352,2198,2075,1891,1895,1865,1677,1619,1613,1570,1505,1450,1383,1345,1289,1366,1236,1303,1190,1180,1136,1117,1135,1041,1090,979,977,1012,955,926,946,881,850,841,796,810,808,795,744,753,741,728,662,672,665,667,589,585,616,588,602,571,565,520,551,540,550,498,519,531,481,449,445,470,426,441,424,418,391,400,387,386,416,368,361,360,340,343,393,337,290,298,354,321,315,322,304,275,274,271,285,283,310,258,271,244,251,251,236,218,216,222,224,231,248,223,202,232,224,233,201,214,208,191,200,183,181,210,165,166,163,147,177,163,169,159,159,175,169,143,178,160,150,164,126,141,145,144,145,136,143,141,121,115,140,120,121,133,131,142,111,118,121,115,83,106,137,106,99,91,104,105,98,91,114,87,91,97,104,95,80,85,79,80,79
58,57,59,37,48,53,60,76,268,966,2834,4012,3476,2587,2229,1948,1735,1578,1481,1372,1329,1213,1207,1043,1005,1006,917,935,881,805,748,760,766,706,689,671,683,646,667,596,625,638,599,562,558,568,545,546,487,507,528,516,496,488,439,400,460,456,381,437,385,406,391,394,383,346,339,325,347,339,325,337,317,306,321,299,297,301,298,292,261,289,269,271,230,261,257,243,243,218,225,245,236,190,227,220,224,252,197,209,210,177,203,184,180,166,173,173,178,165,161,159,164,175,191,175,141,136,145,147,135,159,162,149,137,141,121,152,130,146,136,119,128,128,128,124,118,108,109,104,120,107,97,116,102,98,102,97,90,100,110,90,99,89,92,92,109,75,70,85,75,96,81,90,93,84,87,83,100,93,66,85,78,79,81,84,73,72,60,74,72,66,61,60,78,75,55,57,51,59,72,49,73,59,56,48,59,51,35,51
94,97,86,85,97,113,91,120,287,928,3106,5506,6415,6320,6135,5651,5373,5123,4747,4449,4222,3985,3717,3410,3262,2990,2733,2648,2598,2360,2304,2087,2059,2078,1893,1807,1823,1766,1752,1620,1600,1665,1586,1414,1440,1431,1410,1446,1385,1300,1364,1310,1266,1248,1139,1099,1116,1082,1133,1040,1078,996,1044,980,973,910,857,918,870,804,885,812,783,786,721,703,774,715,698,715,655,676,643,633,616,637,551,605,604,549,563,512,515,522,552,504,513,504,496,456,508,444,451,429,436,466,433,425,389,408,358,361,402,352,360,363,343,333,340,313,342,299,362,321,330,335,317,343,269,258,318,266,269,253,270,253,252,268,259,249,262,284,245,221,225,217,205,201,209,229,192,205,201,169,211,192,190,198,181,180,181,180,193,163,183,157,182,184,148,176,170,142,152,160,147,167,147,161,145,134,156,157,149,116,155,125,146,121,141,120,112,115,128,115,110,103,85,88,97,91
101,107,77,97,105,104,88,119,257,886,2787,5276,6282,6139,5904,5542,5236,5032,4635,4475,4149,3901,3635,3350,3102,2994,2818,2520,2442,2381,2173,2161,1984,1951,1866,1838,1785,1770,1682,1578,1582,1520,1469,1474,1455,1364,1363,1405,1312,1247,1232,1206,1167,1146,1194,1112,1115,1109,1052,1050,1046,986,975,921,901,895,885,881,826,808,843,733,747,793,737,676,701,627,659,633,672,624,638,623,610,624,581,621,572,530,546,495,497,508,488,488,478,479,464,423,486,435,461,419,446,404,413,422,391,358,377,368,338,353,314,344,311,346,314,345,330,302,304,286,308,287,305,285,288,277,262,281,283,249,267,258,269,236,230,254,239,226,210,248,207,213,195,215,203,208,178,193,186,209,172,174,186,187,179,185,187,172,180,160,172,180,160,145,167,150,132,156,172,152,152,139,131,140,147,145,153,138,130,140,136,119,120,96,103,124,122,107,100,101,96,86,96,100,101,76
95,83,109,94,96,97,103,125,299,1015,3089,5535,6415,6340,6144,5574,5281,5012,4740,4455,4133,3768,3484,3199,3024,2725,2717,2556,2422,2177,2139,2053,1931,1813,1752,1708,1759,1680,1588,1566,1557,1490,1476,1419,1330,1390,1365,1336,1348,1234,1204,1201,1166,1187,1167,1079,1044,1071,1097,1045,997,942,997,901,922,903,916,855,835,771,835,808,750,784,730,719,716,700,669,643,649,607,629,593,605,613,546,573,543,528,577,513,493,508,542,494,480,481,512,441,466,438,441,422,440,397,401,391,415,341,397,389,344,383,376,376,360,321,365,311,319,371,362,339,324,285,303,317,271,300,277,280,278,280,280,264,250,235,262,256,228,252,226,219,227,211,234,217,197,208,209,204,172,195,189,215,175,201,190,157,184,179,158,189,156,175,167,160,163,163,174,159,170,153,137,143,134,150,141,148,124,144,148,111,142,109,137,132,126,134,104,137,116,122,102,102,79,88,107,101
102,87,101,89,90,89,100,127,240,887,2974,5715,6915,6890,6684,6380,5906,5488,5147,4923,4648,4231,3945,3710,3435,3090,2903,2725,2502,2405,2234,2081,2167,2028,1985,1940,1856,1778,1752,1656,1638,1494,1578,1491,1479,1486,1412,1488,1354,1295,1317,1329,1283,1261,1242,1208,1171,1145,1114,1117,1053,1028,958,978,933,933,1005,979,881,880,824,881,790,786,776,766,764,754,704,712,713,664,627,687,620,678,661,599,620,625,574,643,537,539,580,519,490,534,518,519,458,512,499,472,446,459,433,435,399,411,418,356,389,391,376,377,350,370,388,338,317,354,359,345,336,319,339,308,312,296,298,294,334,302,290,270,278,314,275,287,239,251,224,238,218,251,249,246,228,235,196,213,205,196,217,184,198,209,222,188,178,187,164,198,193,209,169,168,185,183,168,175,145,163,178,149,154,144,143,141,142,157,135,159,113,132,110,120,131,130,126,123,116,123,97,102,82,90,79,108
98,82,91,85,88,75,99,115,253,874,2934,5701,6751,6718,6352,6017,5744,5290,4971,4627,4322,4022,3657,3471,3100,3034,2751,2651,2531,2319,2273,2078,2136,1985,1847,1815,1807,1803,1640,1576,1601,1607,1571,1469,1507,1400,1413,1312,1277,1311,1325,1265,1237,1180,1215,1145,1143,1096,1088,1088,1026,990,987,951,948,889,879,901,822,829,793,836,754,780,766,772,676,748,716,660,634,602,661,606,612,570,622,551,543,544,558,528,531,508,513,469,477,486,477,458,471,440,481,452,422,400,400,404,383,390,380,360,366,361,381,330,355,340,333,330,335,309,337,308,325,308,296,292,266,241,276,252,266,280,274,262,263,245,217,211,237,245,224,233,234,222,215,220,208,212,198,217,210,195,184,183,186,190,176,175,175,174,172,168,164,168,167,184,148,158,147,148,139,131,142,150,154,158,123,119,151,124,123,145,125,132,116,117,110,113,113,117,103,107,112,102,105,99,101,86
84,82,91,88,97,81,90,124,261,972,2883,5430,6126,6109,5762,5525,5173,5011,4648,4356,4033,3720,3401,3285,3062,2839,2744,2447,2276,2239,2138,2080,1909,1914,1771,1718,1709,1641,1522,1541,1552,1496,1471,1361,1385,1369,1324,1303,1270,1228,1176,1179,1260,1100,1150,1107,1077,1075,1022,1018,1025,981,993,889,909,964,890,829,808,759,815,736,728,759,744,789,696,669,688,644,673,637,608,603,631,599,537,555,530,527,538,545,457,498,527,502,516,497,455,465,426,426,435,424,406,417,389,376,357,368,397,365,352,355,351,321,353,301,335,306,305,347,299,304,313,294,289,286,280,275,272,261,267,279,259,226,224,226,270,206,217,220,204,211,250,193,203,217,208,189,211,190,177,192,179,179,188,212,174,175,174,163,171,176,171,185,173,160,153,163,147,155,137,148,139,162,132,132,152,134,134,123,132,129,137,128,97,115,124,110,101,119,108,96,78,101,84,90,86,99
31,31,31,24,22,35,40,48,98,306,947,1786,2216,2190,2124,1950,1813,1759,1619,1531,1455,1314,1198,1108,1018,908,910,808,781,698,724,668,671,634,613,540,570,560,562,541,478,516,517,469,445,455,418,449,409,385,401,422,410,377,364,349,372,357,333,354,316,289,286,319,290,284,292,290,245,240,244,242,228,250,260,255,226,208,217,207,240,214,191,220,202,185,181,161,176,176,165,186,152,150,183,148,132,141,154,140,136,135,130,132,133,123,125,127,122,131,116,104,98,111,118,120,105,121,102,101,90,84,95,105,78,87,84,87,85,88,94,85,83,81,83,81,90,62,70,83,75,64,48,62,70,78,63,74,64,74,77,50,69,59,68,76,48,51,59,71,52,38,47,53,41,43,66,49,44,46,38,57,34,51,52,50,45,45,47,32,42,42,38,37,51,46,40,29,34,29,28,32,35,38,38,26,23,38,29,29
70,56,80,62,72,73,66,104,224,717,2300,4166,4743,4602,4163,4034,3896,3475,3146,3007,2865,2711,2472,2479,2114,1960,1854,1785,1777,1679,1575,1536,1425,1362,1314,1272,1258,1228,1187,1167,1120,1175,1146,1095,997,1029,993,975,977,913,909,895,847,908,899,778,792,775,795,773,728,752,671,751,666,617,612,648,611,612,601,548,567,525,535,511,526,462,462,500,445,475,487,432,403,459,399,406,385,388,350,377,380,364,370,367,354,361,361,362,314,326,364,293,282,308,310,320,259,275,295,249,267,272,255,257,248,263,234,242,227,221,226,237,207,200,201,200,226,228,218,172,168,217,173,190,186,181,165,181,175,179,177,181,151,179,148,164,188,153,149,159,134,153,158,155,139,136,128,117,120,130,143,105,122,111,122,110,132,112,121,123,118,107,96,100,118,114,97,88,108,90,97,105,90,104,111,97,103,103,93,58,84,81,75,68,83,78,69,66
84,82,80,93,69,87,91,110,216,899,2906,5433,6294,6112,5762,5363,5143,4574,4378,3950,3695,3497,3254,3087,2825,2558,2422,2272,2186,2152,2034,1934,1752,1794,1630,1651,1597,1585,1398,1449,1344,1312,1259,1285,1282,1248,1231,1137,1111,1105,1141,1107,1081,980,976,957,970,987,935,925,871,844,774,834,823,772,792,775,707,744,719,702,665,636,568,638,614,586,647,595,592,532,550,526,566,512,522,509,472,538,474,469,457,449,439,408,422,424,411,444,389,388,378,347,398,376,370,344,372,360,332,312,294,313,327,323,322,268,288,283,261,297,282,259,265,288,263,271,256,255,234,208,249,222,216,206,223,198,221,194,211,219,188,196,186,188,159,184,158,173,181,167,186,170,164,167,160,159,173,169,143,157,146,156,153,144,140,133,137,135,160,141,135,129,120,121,120,119,118,128,116,116,103,112,119,104,126,91,91,111,85,106,96,102,82,74,88,77,81,76
89,98,100,98,84,108,96,100,261,889,2877,5632,6717,6513,6430,5967,5443,5229,4896,4669,4379,4113,3802,3568,3146,3073,2855,2856,2575,2444,2310,2189,2211,2115,2019,1972,1839,1738,1731,1682,1676,1649,1503,1538,1529,1497,1390,1397,1367,1417,1299,1265,1283,1243,1236,1184,1152,1102,1062,1084,943,1018,1050,958,958,925,825,880,862,869,838,828,819,825,771,765,775,724,698,733,656,690,623,644,649,561,614,561,595,545,554,564,526,558,508,502,542,532,511,461,471,448,433,443,425,454,415,418,426,416,406,374,381,396,364,320,339,364,336,349,359,323,325,328,322,315,290,339,301,317,313,276,277,237,267,294,285,285,243,233,243,213,227,243,194,223,205,211,197,217,232,208,199,190,199,197,201,178,164,191,180,184,182,178,171,154,163,152,166,158,125,155,201,138,145,150,147,157,147,136,128,144,117,121,149,127,120,105,118,136,109,100,123,118,90,89,89,93,103,86
70,84,81,84,85,81,91,97,213,755,2538,4916,5522,5602,5241,4941,4663,4275,4038,3717,3504,3292,3086,2922,2656,2404,2389,2236,2120,2009,1876,1845,1713,1662,1591,1560,1583,1418,1517,1420,1354,1318,1240,1241,1239,1187,1164,1107,1124,1081,1077,1059,1079,1002,985,955,946,961,901,876,887,861,833,818,802,784,760,722,690,677,710,659,625,638,620,609,636,571,629,582,522,543,564,498,514,509,449,462,501,488,454,466,456,467,454,457,384,401,395,396,430,398,378,370,350,333,350,359,331,336,346,310,294,315,339,277,317,266,302,279,287,280,287,241,264,288,254,266,241,268,258,263,214,229,232,225,205,226,220,227,204,202,208,210,171,196,167,188,168,182,153,174,178,157,171,170,168,158,150,137,160,161,145,140,159,137,152,137,145,156,128,139,140,115,136,130,123,120,114,137,113,109,115,106,99,116,114,114,102,113,89,92,81,103,105,104,85,86,80,79
